CREATE DATABASE  IF NOT EXISTS `vgh` /*!40100 DEFAULT CHARACTER SET utf8mb4 COLLATE utf8mb4_0900_ai_ci */ /*!80016 DEFAULT ENCRYPTION='N' */;
USE `vgh`;
-- MySQL dump 10.13  Distrib 8.0.30, for Win64 (x86_64)
--
-- Host: 127.0.0.1    Database: vgh
-- ------------------------------------------------------
-- Server version	8.0.30

/*!40101 SET @OLD_CHARACTER_SET_CLIENT=@@CHARACTER_SET_CLIENT */;
/*!40101 SET @OLD_CHARACTER_SET_RESULTS=@@CHARACTER_SET_RESULTS */;
/*!40101 SET @OLD_COLLATION_CONNECTION=@@COLLATION_CONNECTION */;
/*!50503 SET NAMES utf8 */;
/*!40103 SET @OLD_TIME_ZONE=@@TIME_ZONE */;
/*!40103 SET TIME_ZONE='+00:00' */;
/*!40014 SET @OLD_UNIQUE_CHECKS=@@UNIQUE_CHECKS, UNIQUE_CHECKS=0 */;
/*!40014 SET @OLD_FOREIGN_KEY_CHECKS=@@FOREIGN_KEY_CHECKS, FOREIGN_KEY_CHECKS=0 */;
/*!40101 SET @OLD_SQL_MODE=@@SQL_MODE, SQL_MODE='NO_AUTO_VALUE_ON_ZERO' */;
/*!40111 SET @OLD_SQL_NOTES=@@SQL_NOTES, SQL_NOTES=0 */;

--
-- Table structure for table `auth_group`
--

DROP TABLE IF EXISTS `auth_group`;
/*!40101 SET @saved_cs_client     = @@character_set_client */;
/*!50503 SET character_set_client = utf8mb4 */;
CREATE TABLE `auth_group` (
  `id` int NOT NULL AUTO_INCREMENT,
  `name` varchar(150) NOT NULL,
  PRIMARY KEY (`id`),
  UNIQUE KEY `name` (`name`)
) ENGINE=InnoDB DEFAULT CHARSET=utf8mb4 COLLATE=utf8mb4_0900_ai_ci;
/*!40101 SET character_set_client = @saved_cs_client */;

--
-- Dumping data for table `auth_group`
--

LOCK TABLES `auth_group` WRITE;
/*!40000 ALTER TABLE `auth_group` DISABLE KEYS */;
/*!40000 ALTER TABLE `auth_group` ENABLE KEYS */;
UNLOCK TABLES;

--
-- Table structure for table `auth_group_permissions`
--

DROP TABLE IF EXISTS `auth_group_permissions`;
/*!40101 SET @saved_cs_client     = @@character_set_client */;
/*!50503 SET character_set_client = utf8mb4 */;
CREATE TABLE `auth_group_permissions` (
  `id` bigint NOT NULL AUTO_INCREMENT,
  `group_id` int NOT NULL,
  `permission_id` int NOT NULL,
  PRIMARY KEY (`id`),
  UNIQUE KEY `auth_group_permissions_group_id_permission_id_0cd325b0_uniq` (`group_id`,`permission_id`),
  KEY `auth_group_permissio_permission_id_84c5c92e_fk_auth_perm` (`permission_id`),
  CONSTRAINT `auth_group_permissio_permission_id_84c5c92e_fk_auth_perm` FOREIGN KEY (`permission_id`) REFERENCES `auth_permission` (`id`),
  CONSTRAINT `auth_group_permissions_group_id_b120cbf9_fk_auth_group_id` FOREIGN KEY (`group_id`) REFERENCES `auth_group` (`id`)
) ENGINE=InnoDB DEFAULT CHARSET=utf8mb4 COLLATE=utf8mb4_0900_ai_ci;
/*!40101 SET character_set_client = @saved_cs_client */;

--
-- Dumping data for table `auth_group_permissions`
--

LOCK TABLES `auth_group_permissions` WRITE;
/*!40000 ALTER TABLE `auth_group_permissions` DISABLE KEYS */;
/*!40000 ALTER TABLE `auth_group_permissions` ENABLE KEYS */;
UNLOCK TABLES;

--
-- Table structure for table `auth_permission`
--

DROP TABLE IF EXISTS `auth_permission`;
/*!40101 SET @saved_cs_client     = @@character_set_client */;
/*!50503 SET character_set_client = utf8mb4 */;
CREATE TABLE `auth_permission` (
  `id` int NOT NULL AUTO_INCREMENT,
  `name` varchar(255) NOT NULL,
  `content_type_id` int NOT NULL,
  `codename` varchar(100) NOT NULL,
  PRIMARY KEY (`id`),
  UNIQUE KEY `auth_permission_content_type_id_codename_01ab375a_uniq` (`content_type_id`,`codename`),
  CONSTRAINT `auth_permission_content_type_id_2f476e4b_fk_django_co` FOREIGN KEY (`content_type_id`) REFERENCES `django_content_type` (`id`)
) ENGINE=InnoDB AUTO_INCREMENT=69 DEFAULT CHARSET=utf8mb4 COLLATE=utf8mb4_0900_ai_ci;
/*!40101 SET character_set_client = @saved_cs_client */;

--
-- Dumping data for table `auth_permission`
--

LOCK TABLES `auth_permission` WRITE;
/*!40000 ALTER TABLE `auth_permission` DISABLE KEYS */;
INSERT INTO `auth_permission` VALUES (1,'Can add clase',1,'add_clase'),(2,'Can change clase',1,'change_clase'),(3,'Can delete clase',1,'delete_clase'),(4,'Can view clase',1,'view_clase'),(5,'Can add departamento',2,'add_departamento'),(6,'Can change departamento',2,'change_departamento'),(7,'Can delete departamento',2,'delete_departamento'),(8,'Can view departamento',2,'view_departamento'),(9,'Can add estudiante',3,'add_estudiante'),(10,'Can change estudiante',3,'change_estudiante'),(11,'Can delete estudiante',3,'delete_estudiante'),(12,'Can view estudiante',3,'view_estudiante'),(13,'Can add estudiante tiene clase',4,'add_estudiantetieneclase'),(14,'Can change estudiante tiene clase',4,'change_estudiantetieneclase'),(15,'Can delete estudiante tiene clase',4,'delete_estudiantetieneclase'),(16,'Can view estudiante tiene clase',4,'view_estudiantetieneclase'),(17,'Can add grado',5,'add_grado'),(18,'Can change grado',5,'change_grado'),(19,'Can delete grado',5,'delete_grado'),(20,'Can view grado',5,'view_grado'),(21,'Can add nivel',6,'add_nivel'),(22,'Can change nivel',6,'change_nivel'),(23,'Can delete nivel',6,'delete_nivel'),(24,'Can view nivel',6,'view_nivel'),(25,'Can add notas de estudiante',7,'add_notasdeestudiante'),(26,'Can change notas de estudiante',7,'change_notasdeestudiante'),(27,'Can delete notas de estudiante',7,'delete_notasdeestudiante'),(28,'Can view notas de estudiante',7,'view_notasdeestudiante'),(29,'Can add profesor',8,'add_profesor'),(30,'Can change profesor',8,'change_profesor'),(31,'Can delete profesor',8,'delete_profesor'),(32,'Can view profesor',8,'view_profesor'),(33,'Can add seccion',9,'add_seccion'),(34,'Can change seccion',9,'change_seccion'),(35,'Can delete seccion',9,'delete_seccion'),(36,'Can view seccion',9,'view_seccion'),(37,'Can add tutoria',10,'add_tutoria'),(38,'Can change tutoria',10,'change_tutoria'),(39,'Can delete tutoria',10,'delete_tutoria'),(40,'Can view tutoria',10,'view_tutoria'),(41,'Can add usario',11,'add_usario'),(42,'Can change usario',11,'change_usario'),(43,'Can delete usario',11,'delete_usario'),(44,'Can view usario',11,'view_usario'),(45,'Can add log entry',12,'add_logentry'),(46,'Can change log entry',12,'change_logentry'),(47,'Can delete log entry',12,'delete_logentry'),(48,'Can view log entry',12,'view_logentry'),(49,'Can add permission',13,'add_permission'),(50,'Can change permission',13,'change_permission'),(51,'Can delete permission',13,'delete_permission'),(52,'Can view permission',13,'view_permission'),(53,'Can add group',14,'add_group'),(54,'Can change group',14,'change_group'),(55,'Can delete group',14,'delete_group'),(56,'Can view group',14,'view_group'),(57,'Can add user',15,'add_user'),(58,'Can change user',15,'change_user'),(59,'Can delete user',15,'delete_user'),(60,'Can view user',15,'view_user'),(61,'Can add content type',16,'add_contenttype'),(62,'Can change content type',16,'change_contenttype'),(63,'Can delete content type',16,'delete_contenttype'),(64,'Can view content type',16,'view_contenttype'),(65,'Can add session',17,'add_session'),(66,'Can change session',17,'change_session'),(67,'Can delete session',17,'delete_session'),(68,'Can view session',17,'view_session');
/*!40000 ALTER TABLE `auth_permission` ENABLE KEYS */;
UNLOCK TABLES;

--
-- Table structure for table `auth_user`
--

DROP TABLE IF EXISTS `auth_user`;
/*!40101 SET @saved_cs_client     = @@character_set_client */;
/*!50503 SET character_set_client = utf8mb4 */;
CREATE TABLE `auth_user` (
  `id` int NOT NULL AUTO_INCREMENT,
  `password` varchar(128) NOT NULL,
  `last_login` datetime(6) DEFAULT NULL,
  `is_superuser` tinyint(1) NOT NULL,
  `username` varchar(150) NOT NULL,
  `first_name` varchar(150) NOT NULL,
  `last_name` varchar(150) NOT NULL,
  `email` varchar(254) NOT NULL,
  `is_staff` tinyint(1) NOT NULL,
  `is_active` tinyint(1) NOT NULL,
  `date_joined` datetime(6) NOT NULL,
  PRIMARY KEY (`id`),
  UNIQUE KEY `username` (`username`)
) ENGINE=InnoDB AUTO_INCREMENT=3 DEFAULT CHARSET=utf8mb4 COLLATE=utf8mb4_0900_ai_ci;
/*!40101 SET character_set_client = @saved_cs_client */;

--
-- Dumping data for table `auth_user`
--

LOCK TABLES `auth_user` WRITE;
/*!40000 ALTER TABLE `auth_user` DISABLE KEYS */;
INSERT INTO `auth_user` VALUES (1,'pbkdf2_sha256$600000$85aDaDSQreIgEqdF5csQpA$4DO6UPAGwM+XmBOLzof/wDOjy8dZgflbqsP0eFwiL4s=','2023-10-03 02:29:28.915822',1,'admin','','','mckayycollins@gmail.com',1,1,'2023-10-03 02:21:50.308812'),(2,'pbkdf2_sha256$600000$3FeGdrF8ff2YdMFTRAbCEG$kxNFwMl0W/Lai5v5nXHJTDPuP/sLHcFdFw90xKdwOXQ=',NULL,1,'mckay','','','nazzgull2@gmail.com',1,1,'2023-10-03 04:46:30.691654');
/*!40000 ALTER TABLE `auth_user` ENABLE KEYS */;
UNLOCK TABLES;

--
-- Table structure for table `auth_user_groups`
--

DROP TABLE IF EXISTS `auth_user_groups`;
/*!40101 SET @saved_cs_client     = @@character_set_client */;
/*!50503 SET character_set_client = utf8mb4 */;
CREATE TABLE `auth_user_groups` (
  `id` bigint NOT NULL AUTO_INCREMENT,
  `user_id` int NOT NULL,
  `group_id` int NOT NULL,
  PRIMARY KEY (`id`),
  UNIQUE KEY `auth_user_groups_user_id_group_id_94350c0c_uniq` (`user_id`,`group_id`),
  KEY `auth_user_groups_group_id_97559544_fk_auth_group_id` (`group_id`),
  CONSTRAINT `auth_user_groups_group_id_97559544_fk_auth_group_id` FOREIGN KEY (`group_id`) REFERENCES `auth_group` (`id`),
  CONSTRAINT `auth_user_groups_user_id_6a12ed8b_fk_auth_user_id` FOREIGN KEY (`user_id`) REFERENCES `auth_user` (`id`)
) ENGINE=InnoDB DEFAULT CHARSET=utf8mb4 COLLATE=utf8mb4_0900_ai_ci;
/*!40101 SET character_set_client = @saved_cs_client */;

--
-- Dumping data for table `auth_user_groups`
--

LOCK TABLES `auth_user_groups` WRITE;
/*!40000 ALTER TABLE `auth_user_groups` DISABLE KEYS */;
/*!40000 ALTER TABLE `auth_user_groups` ENABLE KEYS */;
UNLOCK TABLES;

--
-- Table structure for table `auth_user_user_permissions`
--

DROP TABLE IF EXISTS `auth_user_user_permissions`;
/*!40101 SET @saved_cs_client     = @@character_set_client */;
/*!50503 SET character_set_client = utf8mb4 */;
CREATE TABLE `auth_user_user_permissions` (
  `id` bigint NOT NULL AUTO_INCREMENT,
  `user_id` int NOT NULL,
  `permission_id` int NOT NULL,
  PRIMARY KEY (`id`),
  UNIQUE KEY `auth_user_user_permissions_user_id_permission_id_14a6b632_uniq` (`user_id`,`permission_id`),
  KEY `auth_user_user_permi_permission_id_1fbb5f2c_fk_auth_perm` (`permission_id`),
  CONSTRAINT `auth_user_user_permi_permission_id_1fbb5f2c_fk_auth_perm` FOREIGN KEY (`permission_id`) REFERENCES `auth_permission` (`id`),
  CONSTRAINT `auth_user_user_permissions_user_id_a95ead1b_fk_auth_user_id` FOREIGN KEY (`user_id`) REFERENCES `auth_user` (`id`)
) ENGINE=InnoDB DEFAULT CHARSET=utf8mb4 COLLATE=utf8mb4_0900_ai_ci;
/*!40101 SET character_set_client = @saved_cs_client */;

--
-- Dumping data for table `auth_user_user_permissions`
--

LOCK TABLES `auth_user_user_permissions` WRITE;
/*!40000 ALTER TABLE `auth_user_user_permissions` DISABLE KEYS */;
/*!40000 ALTER TABLE `auth_user_user_permissions` ENABLE KEYS */;
UNLOCK TABLES;

--
-- Table structure for table `clase`
--

DROP TABLE IF EXISTS `clase`;
/*!40101 SET @saved_cs_client     = @@character_set_client */;
/*!50503 SET character_set_client = utf8mb4 */;
CREATE TABLE `clase` (
  `clase_id` int NOT NULL AUTO_INCREMENT,
  `nivel_id` int NOT NULL,
  `grado` int NOT NULL,
  `seccion_id` int NOT NULL,
  `matria` varchar(45) NOT NULL,
  `profesor_id` int NOT NULL,
  `ano` year NOT NULL,
  `departamento_id` int NOT NULL,
  PRIMARY KEY (`clase_id`,`nivel_id`,`grado`,`seccion_id`,`profesor_id`,`departamento_id`),
  KEY `fk_clase_seccion1_idx` (`seccion_id`),
  KEY `fk_clase_grado1_idx` (`grado`),
  KEY `fk_clase_nivel1_idx` (`nivel_id`),
  KEY `fk_clase_profesor1_idx` (`profesor_id`),
  KEY `fk_clase_departamento1_idx` (`departamento_id`),
  CONSTRAINT `fk_clase_departamento1` FOREIGN KEY (`departamento_id`) REFERENCES `departamento` (`departamento_id`),
  CONSTRAINT `fk_clase_grado1` FOREIGN KEY (`grado`) REFERENCES `grado` (`grado`),
  CONSTRAINT `fk_clase_nivel1` FOREIGN KEY (`nivel_id`) REFERENCES `nivel` (`nivel_id`),
  CONSTRAINT `fk_clase_profesor1` FOREIGN KEY (`profesor_id`) REFERENCES `profesor` (`profesor_id`),
  CONSTRAINT `fk_clase_seccion1` FOREIGN KEY (`seccion_id`) REFERENCES `seccion` (`seccion_id`)
) ENGINE=InnoDB AUTO_INCREMENT=391 DEFAULT CHARSET=utf8mb4 COLLATE=utf8mb4_0900_ai_ci;
/*!40101 SET character_set_client = @saved_cs_client */;

--
-- Dumping data for table `clase`
--

LOCK TABLES `clase` WRITE;
/*!40000 ALTER TABLE `clase` DISABLE KEYS */;
INSERT INTO `clase` VALUES (1,2,1,1,'CIENCIA Y TECNOLOGÍA',6,2023,2),(2,2,1,2,'CIENCIA Y TECNOLOGÍA',6,2023,2),(3,2,2,1,'CIENCIA Y TECNOLOGÍA',6,2023,2),(4,2,2,2,'CIENCIA Y TECNOLOGÍA',6,2023,2),(5,2,3,1,'CIENCIA Y TECNOLOGÍA',6,2023,2),(6,2,3,2,'CIENCIA Y TECNOLOGÍA',6,2023,2),(7,2,3,3,'CIENCIA Y TECNOLOGÍA',6,2023,2),(8,2,1,1,'LECTURA',7,2023,2),(9,2,1,2,'LECTURA',7,2023,2),(10,2,2,1,'LECTURA',7,2023,2),(11,2,2,2,'LECTURA',7,2023,2),(12,2,3,1,'LECTURA',7,2023,2),(13,2,3,2,'LECTURA',7,2023,2),(14,2,3,3,'LECTURA',7,2023,2),(15,2,1,1,'CAMBRIDGE',51,2023,5),(16,2,1,2,'CAMBRIDGE',51,2023,5),(17,2,2,1,'CAMBRIDGE',51,2023,5),(18,2,2,2,'CAMBRIDGE',51,2023,5),(19,2,3,1,'CAMBRIDGE',51,2023,5),(20,2,3,2,'CAMBRIDGE',51,2023,5),(21,2,3,3,'CAMBRIDGE',51,2023,5),(22,2,1,1,'PERSONAL SOCIAL',5,2023,2),(23,2,1,2,'PERSONAL SOCIAL',5,2023,2),(24,2,2,1,'PERSONAL SOCIAL',5,2023,2),(25,2,2,2,'PERSONAL SOCIAL',5,2023,2),(26,2,3,1,'PERSONAL SOCIAL',5,2023,2),(27,2,3,2,'PERSONAL SOCIAL',5,2023,2),(28,2,3,3,'PERSONAL SOCIAL',5,2023,2),(29,2,1,1,'ARTE Y CULTURA',8,2023,2),(30,2,1,2,'ARTE Y CULTURA',8,2023,2),(31,2,2,1,'ARTE Y CULTURA',8,2023,2),(32,2,2,2,'ARTE Y CULTURA',8,2023,2),(33,2,3,1,'ARTE Y CULTURA',8,2023,2),(34,2,3,2,'ARTE Y CULTURA',8,2023,2),(35,2,3,3,'ARTE Y CULTURA',8,2023,2),(36,2,1,1,'COMUNICACIÓN',11,2023,2),(37,2,1,2,'COMUNICACIÓN',11,2023,2),(38,2,2,1,'COMUNICACIÓN',11,2023,2),(39,2,2,2,'COMUNICACIÓN',11,2023,2),(40,2,3,1,'COMUNICACIÓN',11,2023,2),(41,2,3,2,'COMUNICACIÓN',11,2023,2),(42,2,3,3,'COMUNICACIÓN',11,2023,2),(43,2,1,1,'EDUCACIÓN FÍSICA',43,2023,2),(44,2,1,2,'EDUCACIÓN FÍSICA',43,2023,2),(45,2,2,1,'EDUCACIÓN FÍSICA',43,2023,2),(46,2,2,2,'EDUCACIÓN FÍSICA',43,2023,2),(47,2,3,1,'EDUCACIÓN FÍSICA',43,2023,2),(48,2,3,2,'EDUCACIÓN FÍSICA',43,2023,2),(49,2,3,3,'EDUCACIÓN FÍSICA',43,2023,2),(50,2,1,1,'MATEMÁTICA',12,2023,2),(51,2,1,2,'MATEMÁTICA',12,2023,2),(52,2,2,1,'MATEMÁTICA',12,2023,2),(53,2,2,2,'MATEMÁTICA',12,2023,2),(54,2,3,1,'MATEMÁTICA',12,2023,2),(55,2,3,2,'MATEMÁTICA',12,2023,2),(56,2,3,3,'MATEMÁTICA',12,2023,2),(57,2,1,1,'RELIGIÓN',17,2023,2),(58,2,1,2,'RELIGIÓN',17,2023,2),(59,2,2,1,'RELIGIÓN',17,2023,2),(60,2,2,2,'RELIGIÓN',17,2023,2),(61,2,3,1,'RELIGIÓN',17,2023,2),(62,2,3,2,'RELIGIÓN',17,2023,2),(63,2,3,3,'RELIGIÓN',17,2023,2),(64,2,1,1,'INGLÉS',52,2023,5),(65,2,1,2,'INGLÉS',52,2023,5),(66,2,2,1,'INGLÉS',52,2023,5),(67,2,2,2,'INGLÉS',52,2023,5),(68,2,3,1,'INGLÉS',52,2023,5),(69,2,3,2,'INGLÉS',52,2023,5),(70,2,3,3,'INGLÉS',52,2023,5),(71,2,1,1,'FLUENCY',46,2023,5),(72,2,1,2,'FLUENCY',46,2023,5),(73,2,2,1,'FLUENCY',46,2023,5),(74,2,2,2,'FLUENCY',46,2023,5),(75,2,3,1,'FLUENCY',46,2023,5),(76,2,3,2,'FLUENCY',46,2023,5),(77,2,3,3,'FLUENCY',46,2023,5),(78,2,1,1,'CHINO MANDARÍN',1,2023,5),(79,2,1,2,'CHINO MANDARÍN',1,2023,5),(80,2,2,1,'CHINO MANDARÍN',1,2023,5),(81,2,2,2,'CHINO MANDARÍN',1,2023,5),(82,2,3,1,'CHINO MANDARÍN',1,2023,5),(83,2,3,2,'CHINO MANDARÍN',1,2023,5),(84,2,3,3,'CHINO MANDARÍN',1,2023,5),(85,2,1,1,'CÓMPUTO',4,2023,2),(86,2,1,2,'CÓMPUTO',4,2023,2),(87,2,2,1,'CÓMPUTO',4,2023,2),(88,2,2,2,'CÓMPUTO',4,2023,2),(89,2,3,1,'CÓMPUTO',4,2023,2),(90,2,3,2,'CÓMPUTO',4,2023,2),(91,2,3,3,'CÓMPUTO',4,2023,2),(92,3,4,1,'ARTE Y CULTURA',9,2023,2),(93,3,4,2,'ARTE Y CULTURA',9,2023,2),(94,3,4,3,'ARTE Y CULTURA',9,2023,2),(95,3,5,1,'ARTE Y CULTURA',9,2023,2),(96,3,5,2,'ARTE Y CULTURA',9,2023,2),(97,3,6,1,'ARTE Y CULTURA',9,2023,2),(98,3,6,2,'ARTE Y CULTURA',9,2023,2),(99,3,4,1,'COMUNICACIÓN',10,2023,2),(100,3,4,2,'COMUNICACIÓN',10,2023,2),(101,3,4,3,'COMUNICACIÓN',10,2023,2),(102,3,5,1,'COMUNICACIÓN',10,2023,2),(103,3,5,2,'COMUNICACIÓN',10,2023,2),(104,3,6,1,'COMUNICACIÓN',10,2023,2),(105,3,6,2,'COMUNICACIÓN',10,2023,2),(106,3,4,1,'EDUCACIÓN FÍSICA',13,2023,2),(107,3,4,2,'EDUCACIÓN FÍSICA',13,2023,2),(108,3,4,3,'EDUCACIÓN FÍSICA',13,2023,2),(109,3,5,1,'EDUCACIÓN FÍSICA',13,2023,2),(110,3,5,2,'EDUCACIÓN FÍSICA',13,2023,2),(111,3,6,1,'EDUCACIÓN FÍSICA',13,2023,2),(112,3,6,2,'EDUCACIÓN FÍSICA',13,2023,2),(113,3,4,1,'MATEMÁTICA',14,2023,2),(114,3,4,2,'MATEMÁTICA',14,2023,2),(115,3,4,3,'MATEMÁTICA',14,2023,2),(116,3,5,1,'MATEMÁTICA',14,2023,2),(117,3,5,2,'MATEMÁTICA',14,2023,2),(118,3,6,1,'MATEMÁTICA',14,2023,2),(119,3,6,2,'MATEMÁTICA',14,2023,2),(120,3,4,1,'RELIGIÓN',16,2023,2),(121,3,4,2,'RELIGIÓN',16,2023,2),(122,3,4,3,'RELIGIÓN',16,2023,2),(123,3,5,1,'RELIGIÓN',16,2023,2),(124,3,5,2,'RELIGIÓN',16,2023,2),(125,3,6,1,'RELIGIÓN',16,2023,2),(126,3,6,2,'RELIGIÓN',16,2023,2),(127,3,4,1,'INGLÉS',46,2023,5),(128,3,4,2,'INGLÉS',46,2023,5),(129,3,4,3,'INGLÉS',51,2023,5),(130,3,5,1,'INGLÉS',51,2023,5),(131,3,5,2,'INGLÉS',51,2023,5),(132,3,6,1,'INGLÉS',53,2023,5),(133,3,6,2,'INGLÉS',53,2023,5),(134,3,4,1,'FLUENCY',44,2023,5),(135,3,4,2,'FLUENCY',44,2023,5),(136,3,4,3,'FLUENCY',46,2023,5),(137,3,5,1,'FLUENCY',44,2023,5),(138,3,5,2,'FLUENCY',44,2023,5),(139,3,6,1,'FLUENCY',53,2023,5),(140,3,6,2,'FLUENCY',53,2023,5),(141,3,4,1,'CHINO MANDARÍN',1,2023,5),(142,3,4,2,'CHINO MANDARÍN',1,2023,5),(143,3,4,3,'CHINO MANDARÍN',1,2023,5),(144,3,5,1,'CHINO MANDARÍN',1,2023,5),(145,3,5,2,'CHINO MANDARÍN',1,2023,5),(146,3,6,1,'CHINO MANDARÍN',1,2023,5),(147,3,6,2,'CHINO MANDARÍN',1,2023,5),(148,3,4,1,'CÓMPUTO',4,2023,2),(149,3,4,2,'CÓMPUTO',4,2023,2),(150,3,4,3,'CÓMPUTO',4,2023,2),(151,3,5,1,'CÓMPUTO',4,2023,2),(152,3,5,2,'CÓMPUTO',4,2023,2),(153,3,6,1,'CÓMPUTO',4,2023,2),(154,3,6,2,'CÓMPUTO',4,2023,2),(155,3,4,1,'CIENCIA Y TECNOLOGÍA',6,2023,2),(156,3,4,2,'CIENCIA Y TECNOLOGÍA',6,2023,2),(157,3,4,3,'CIENCIA Y TECNOLOGÍA',6,2023,2),(158,3,5,1,'CIENCIA Y TECNOLOGÍA',6,2023,2),(159,3,5,2,'CIENCIA Y TECNOLOGÍA',6,2023,2),(160,3,6,1,'CIENCIA Y TECNOLOGÍA',6,2023,2),(161,3,6,2,'CIENCIA Y TECNOLOGÍA',6,2023,2),(162,3,4,1,'LECTURA',7,2023,2),(163,3,4,2,'LECTURA',7,2023,2),(164,3,4,3,'LECTURA',7,2023,2),(165,3,5,1,'LECTURA',7,2023,2),(166,3,5,2,'LECTURA',7,2023,2),(167,3,6,1,'LECTURA',7,2023,2),(168,3,6,2,'LECTURA',7,2023,2),(169,3,4,1,'CAMBRIDGE',3,2023,5),(170,3,4,2,'CAMBRIDGE',3,2023,5),(171,3,4,3,'CAMBRIDGE',3,2023,5),(172,3,5,1,'CAMBRIDGE',2,2023,5),(173,3,5,2,'CAMBRIDGE',2,2023,5),(174,3,6,1,'CAMBRIDGE',2,2023,5),(175,3,6,2,'CAMBRIDGE',2,2023,5),(176,3,4,1,'PERSONAL SOCIAL',5,2023,2),(177,3,4,2,'PERSONAL SOCIAL',5,2023,2),(178,3,4,3,'PERSONAL SOCIAL',5,2023,2),(179,3,5,1,'PERSONAL SOCIAL',5,2023,2),(180,3,5,2,'PERSONAL SOCIAL',5,2023,2),(181,3,6,1,'PERSONAL SOCIAL',5,2023,2),(182,3,6,2,'PERSONAL SOCIAL',5,2023,2),(183,1,1,1,'ARTE Y CULTURA',18,2023,1),(184,1,1,2,'ARTE Y CULTURA',18,2023,1),(185,1,2,1,'ARTE Y CULTURA',18,2023,1),(186,1,2,2,'ARTE Y CULTURA',18,2023,1),(187,1,2,3,'ARTE Y CULTURA',18,2023,1),(188,1,3,1,'ARTE Y CULTURA',18,2023,1),(189,1,3,2,'ARTE Y CULTURA',19,2023,1),(190,1,3,3,'ARTE Y CULTURA',19,2023,1),(191,1,3,4,'ARTE Y CULTURA',19,2023,1),(192,1,4,1,'ARTE Y CULTURA',19,2023,1),(193,1,4,2,'ARTE Y CULTURA',19,2023,1),(194,1,5,1,'ARTE Y CULTURA',19,2023,1),(195,1,5,2,'ARTE Y CULTURA',19,2023,1),(196,1,1,1,'COMUNICACIÓN',20,2023,1),(197,1,1,2,'COMUNICACIÓN',20,2023,1),(198,1,2,1,'COMUNICACIÓN',20,2023,1),(199,1,2,2,'COMUNICACIÓN',20,2023,1),(200,1,2,3,'COMUNICACIÓN',20,2023,1),(201,1,3,1,'COMUNICACIÓN',20,2023,1),(202,1,3,2,'COMUNICACIÓN',20,2023,1),(203,1,3,3,'COMUNICACIÓN',21,2023,1),(204,1,3,4,'COMUNICACIÓN',21,2023,1),(205,1,4,1,'COMUNICACIÓN',21,2023,1),(206,1,4,2,'COMUNICACIÓN',21,2023,1),(207,1,5,1,'COMUNICACIÓN',21,2023,1),(208,1,5,2,'COMUNICACIÓN',21,2023,1),(209,1,1,1,'EDUCACIÓN FÍSICA',22,2023,1),(210,1,1,2,'EDUCACIÓN FÍSICA',22,2023,1),(211,1,2,1,'EDUCACIÓN FÍSICA',22,2023,1),(212,1,2,2,'EDUCACIÓN FÍSICA',22,2023,1),(213,1,2,3,'EDUCACIÓN FÍSICA',22,2023,1),(214,1,3,1,'EDUCACIÓN FÍSICA',22,2023,1),(215,1,3,2,'EDUCACIÓN FÍSICA',23,2023,1),(216,1,3,3,'EDUCACIÓN FÍSICA',23,2023,1),(217,1,3,4,'EDUCACIÓN FÍSICA',23,2023,1),(218,1,4,1,'EDUCACIÓN FÍSICA',23,2023,1),(219,1,4,2,'EDUCACIÓN FÍSICA',23,2023,1),(220,1,5,1,'EDUCACIÓN FÍSICA',23,2023,1),(221,1,5,2,'EDUCACIÓN FÍSICA',23,2023,1),(222,1,1,1,'MATEMÁTICA',24,2023,1),(223,1,1,2,'MATEMÁTICA',24,2023,1),(224,1,2,1,'MATEMÁTICA',24,2023,1),(225,1,2,2,'MATEMÁTICA',24,2023,1),(226,1,2,3,'MATEMÁTICA',24,2023,1),(227,1,3,1,'MATEMÁTICA',24,2023,1),(228,1,3,2,'MATEMÁTICA',25,2023,1),(229,1,3,3,'MATEMÁTICA',25,2023,1),(230,1,3,4,'MATEMÁTICA',25,2023,1),(231,1,4,1,'MATEMÁTICA',25,2023,1),(232,1,4,2,'MATEMÁTICA',25,2023,1),(233,1,5,1,'MATEMÁTICA',25,2023,1),(234,1,5,2,'MATEMÁTICA',25,2023,1),(235,1,1,1,'RELIGIÓN',26,2023,1),(236,1,1,2,'RELIGIÓN',26,2023,1),(237,1,2,1,'RELIGIÓN',26,2023,1),(238,1,2,2,'RELIGIÓN',26,2023,1),(239,1,2,3,'RELIGIÓN',26,2023,1),(240,1,3,1,'RELIGIÓN',26,2023,1),(241,1,3,2,'RELIGIÓN',26,2023,1),(242,1,3,3,'RELIGIÓN',26,2023,1),(243,1,3,4,'RELIGIÓN',26,2023,1),(244,1,4,1,'RELIGIÓN',26,2023,1),(245,1,4,2,'RELIGIÓN',26,2023,1),(246,1,5,1,'RELIGIÓN',26,2023,1),(247,1,5,2,'RELIGIÓN',26,2023,1),(248,1,1,1,'INGLÉS',1,2023,5),(249,1,1,2,'INGLÉS',2,2023,5),(250,1,2,1,'INGLÉS',3,2023,5),(251,1,2,2,'INGLÉS',44,2023,5),(252,1,2,3,'INGLÉS',45,2023,5),(253,1,3,1,'INGLÉS',46,2023,5),(254,1,3,2,'INGLÉS',51,2023,5),(255,1,3,3,'INGLÉS',52,2023,5),(256,1,3,4,'INGLÉS',53,2023,5),(257,1,4,1,'INGLÉS',54,2023,5),(258,1,4,2,'INGLÉS',45,2023,5),(259,1,5,1,'INGLÉS',46,2023,5),(260,1,5,2,'INGLÉS',51,2023,5),(261,1,1,1,'FLUENCY',45,2023,5),(262,1,1,2,'FLUENCY',45,2023,5),(263,1,2,1,'FLUENCY',45,2023,5),(264,1,2,2,'FLUENCY',45,2023,5),(265,1,2,3,'FLUENCY',45,2023,5),(266,1,3,1,'FLUENCY',45,2023,5),(267,1,3,2,'FLUENCY',45,2023,5),(268,1,3,3,'FLUENCY',46,2023,5),(269,1,3,4,'FLUENCY',46,2023,5),(270,1,4,1,'FLUENCY',46,2023,5),(271,1,4,2,'FLUENCY',46,2023,5),(272,1,5,1,'FLUENCY',46,2023,5),(273,1,5,2,'FLUENCY',46,2023,5),(274,1,1,1,'CHINO MANDARÍN',54,2023,5),(275,1,1,2,'CHINO MANDARÍN',54,2023,5),(276,1,2,1,'CHINO MANDARÍN',54,2023,5),(277,1,2,2,'CHINO MANDARÍN',54,2023,5),(278,1,2,3,'CHINO MANDARÍN',54,2023,5),(279,1,3,1,'CHINO MANDARÍN',54,2023,5),(280,1,3,2,'CHINO MANDARÍN',54,2023,5),(281,1,3,3,'CHINO MANDARÍN',54,2023,5),(282,1,3,4,'CHINO MANDARÍN',54,2023,5),(283,1,4,1,'CHINO MANDARÍN',54,2023,5),(284,1,4,2,'CHINO MANDARÍN',54,2023,5),(285,1,5,1,'CHINO MANDARÍN',54,2023,5),(286,1,5,2,'CHINO MANDARÍN',54,2023,5),(287,1,1,1,'CÓMPUTO',27,2023,1),(288,1,1,2,'CÓMPUTO',27,2023,1),(289,1,2,1,'CÓMPUTO',27,2023,1),(290,1,2,2,'CÓMPUTO',27,2023,1),(291,1,2,3,'CÓMPUTO',27,2023,1),(292,1,3,1,'CÓMPUTO',27,2023,1),(293,1,3,2,'CÓMPUTO',40,2023,1),(294,1,3,3,'CÓMPUTO',40,2023,1),(295,1,3,4,'CÓMPUTO',40,2023,1),(296,1,4,1,'CÓMPUTO',40,2023,1),(297,1,4,2,'CÓMPUTO',40,2023,1),(298,1,5,1,'CÓMPUTO',40,2023,1),(299,1,5,2,'CÓMPUTO',40,2023,1),(300,1,1,1,'SOCIAL STUDIES',3,2023,5),(301,1,1,2,'SOCIAL STUDIES',3,2023,5),(302,1,2,1,'SOCIAL STUDIES',3,2023,5),(303,1,2,2,'SOCIAL STUDIES',3,2023,5),(304,1,2,3,'SOCIAL STUDIES',3,2023,5),(305,1,3,1,'SOCIAL STUDIES',3,2023,5),(306,1,3,2,'SOCIAL STUDIES',3,2023,5),(307,1,3,3,'SOCIAL STUDIES',2,2023,5),(308,1,3,4,'SOCIAL STUDIES',2,2023,5),(309,1,4,1,'SOCIAL STUDIES',2,2023,5),(310,1,4,2,'SOCIAL STUDIES',2,2023,5),(311,1,5,1,'SOCIAL STUDIES',2,2023,5),(312,1,5,2,'SOCIAL STUDIES',2,2023,5),(313,1,1,1,'SCIENCE',44,2023,5),(314,1,1,2,'SCIENCE',44,2023,5),(315,1,2,1,'SCIENCE',44,2023,5),(316,1,2,2,'SCIENCE',44,2023,5),(317,1,2,3,'SCIENCE',44,2023,5),(318,1,3,1,'SCIENCE',53,2023,5),(319,1,3,2,'SCIENCE',53,2023,5),(320,1,3,3,'SCIENCE',53,2023,5),(321,1,3,4,'SCIENCE',53,2023,5),(322,1,4,1,'SCIENCE',53,2023,5),(323,1,4,2,'SCIENCE',53,2023,5),(324,1,5,1,'SCIENCE',53,2023,5),(325,1,5,2,'SCIENCE',53,2023,5),(326,1,1,1,'CIENCIAS SOCIALES',18,2023,1),(327,1,1,2,'CIENCIAS SOCIALES',18,2023,1),(328,1,2,1,'CIENCIAS SOCIALES',19,2023,1),(329,1,2,2,'CIENCIAS SOCIALES',19,2023,1),(330,1,2,3,'CIENCIAS SOCIALES',20,2023,1),(331,1,3,1,'CIENCIAS SOCIALES',20,2023,1),(332,1,3,2,'CIENCIAS SOCIALES',21,2023,1),(333,1,3,3,'CIENCIAS SOCIALES',21,2023,1),(334,1,3,4,'CIENCIAS SOCIALES',22,2023,1),(335,1,4,1,'CIENCIAS SOCIALES',22,2023,1),(336,1,4,2,'CIENCIAS SOCIALES',23,2023,1),(337,1,5,1,'CIENCIAS SOCIALES',23,2023,1),(338,1,5,2,'CIENCIAS SOCIALES',24,2023,1),(339,1,1,1,'PERSONA, CIUDADANÍA Y CÍVICA',24,2023,1),(340,1,1,2,'PERSONA, CIUDADANÍA Y CÍVICA',25,2023,1),(341,1,2,1,'PERSONA, CIUDADANÍA Y CÍVICA',25,2023,1),(342,1,2,2,'PERSONA, CIUDADANÍA Y CÍVICA',26,2023,1),(343,1,2,3,'PERSONA, CIUDADANÍA Y CÍVICA',26,2023,1),(344,1,3,1,'PERSONA, CIUDADANÍA Y CÍVICA',27,2023,1),(345,1,3,2,'PERSONA, CIUDADANÍA Y CÍVICA',27,2023,1),(346,1,3,3,'PERSONA, CIUDADANÍA Y CÍVICA',40,2023,1),(347,1,3,4,'PERSONA, CIUDADANÍA Y CÍVICA',40,2023,1),(348,1,4,1,'PERSONA, CIUDADANÍA Y CÍVICA',41,2023,1),(349,1,4,2,'PERSONA, CIUDADANÍA Y CÍVICA',41,2023,1),(350,1,5,1,'PERSONA, CIUDADANÍA Y CÍVICA',42,2023,1),(351,1,5,2,'PERSONA, CIUDADANÍA Y CÍVICA',42,2023,1),(352,1,1,1,'BIOLOGÍA',40,2023,1),(353,1,1,2,'BIOLOGÍA',40,2023,1),(354,1,2,1,'BIOLOGÍA',40,2023,1),(355,1,2,2,'BIOLOGÍA',40,2023,1),(356,1,2,3,'BIOLOGÍA',40,2023,1),(357,1,3,1,'BIOLOGÍA',40,2023,1),(358,1,3,2,'BIOLOGÍA',40,2023,1),(359,1,3,3,'BIOLOGÍA',40,2023,1),(360,1,3,4,'BIOLOGÍA',40,2023,1),(361,1,4,1,'BIOLOGÍA',40,2023,1),(362,1,4,2,'BIOLOGÍA',40,2023,1),(363,1,5,1,'BIOLOGÍA',40,2023,1),(364,1,5,2,'BIOLOGÍA',40,2023,1),(365,1,1,1,'QUÍMICA',41,2023,1),(366,1,1,2,'QUÍMICA',41,2023,1),(367,1,2,1,'QUÍMICA',41,2023,1),(368,1,2,2,'QUÍMICA',41,2023,1),(369,1,2,3,'QUÍMICA',41,2023,1),(370,1,3,1,'QUÍMICA',41,2023,1),(371,1,3,2,'QUÍMICA',41,2023,1),(372,1,3,3,'QUÍMICA',41,2023,1),(373,1,3,4,'QUÍMICA',41,2023,1),(374,1,4,1,'QUÍMICA',41,2023,1),(375,1,4,2,'QUÍMICA',41,2023,1),(376,1,5,1,'QUÍMICA',41,2023,1),(377,1,5,2,'QUÍMICA',41,2023,1),(378,1,1,1,'FÍSICA',42,2023,1),(379,1,1,2,'FÍSICA',42,2023,1),(380,1,2,1,'FÍSICA',42,2023,1),(381,1,2,2,'FÍSICA',42,2023,1),(382,1,2,3,'FÍSICA',42,2023,1),(383,1,3,1,'FÍSICA',42,2023,1),(384,1,3,2,'FÍSICA',42,2023,1),(385,1,3,3,'FÍSICA',42,2023,1),(386,1,3,4,'FÍSICA',42,2023,1),(387,1,4,1,'FÍSICA',42,2023,1),(388,1,4,2,'FÍSICA',42,2023,1),(389,1,5,1,'FÍSICA',42,2023,1),(390,1,5,2,'FÍSICA',42,2023,1);
/*!40000 ALTER TABLE `clase` ENABLE KEYS */;
UNLOCK TABLES;

--
-- Table structure for table `departamento`
--

DROP TABLE IF EXISTS `departamento`;
/*!40101 SET @saved_cs_client     = @@character_set_client */;
/*!50503 SET character_set_client = utf8mb4 */;
CREATE TABLE `departamento` (
  `departamento_id` int NOT NULL AUTO_INCREMENT,
  `departamento` enum('Secundaria','Primaria','Inicial','Preceptoria','Idiomas','Administraccion') NOT NULL,
  PRIMARY KEY (`departamento_id`)
) ENGINE=InnoDB AUTO_INCREMENT=7 DEFAULT CHARSET=utf8mb4 COLLATE=utf8mb4_0900_ai_ci;
/*!40101 SET character_set_client = @saved_cs_client */;

--
-- Dumping data for table `departamento`
--

LOCK TABLES `departamento` WRITE;
/*!40000 ALTER TABLE `departamento` DISABLE KEYS */;
INSERT INTO `departamento` VALUES (1,'Secundaria'),(2,'Primaria'),(3,'Inicial'),(4,'Preceptoria'),(5,'Idiomas'),(6,'Administraccion');
/*!40000 ALTER TABLE `departamento` ENABLE KEYS */;
UNLOCK TABLES;

--
-- Table structure for table `django_admin_log`
--

DROP TABLE IF EXISTS `django_admin_log`;
/*!40101 SET @saved_cs_client     = @@character_set_client */;
/*!50503 SET character_set_client = utf8mb4 */;
CREATE TABLE `django_admin_log` (
  `id` int NOT NULL AUTO_INCREMENT,
  `action_time` datetime(6) NOT NULL,
  `object_id` longtext,
  `object_repr` varchar(200) NOT NULL,
  `action_flag` smallint unsigned NOT NULL,
  `change_message` longtext NOT NULL,
  `content_type_id` int DEFAULT NULL,
  `user_id` int NOT NULL,
  PRIMARY KEY (`id`),
  KEY `django_admin_log_content_type_id_c4bce8eb_fk_django_co` (`content_type_id`),
  KEY `django_admin_log_user_id_c564eba6_fk_auth_user_id` (`user_id`),
  CONSTRAINT `django_admin_log_content_type_id_c4bce8eb_fk_django_co` FOREIGN KEY (`content_type_id`) REFERENCES `django_content_type` (`id`),
  CONSTRAINT `django_admin_log_user_id_c564eba6_fk_auth_user_id` FOREIGN KEY (`user_id`) REFERENCES `auth_user` (`id`),
  CONSTRAINT `django_admin_log_chk_1` CHECK ((`action_flag` >= 0))
) ENGINE=InnoDB DEFAULT CHARSET=utf8mb4 COLLATE=utf8mb4_0900_ai_ci;
/*!40101 SET character_set_client = @saved_cs_client */;

--
-- Dumping data for table `django_admin_log`
--

LOCK TABLES `django_admin_log` WRITE;
/*!40000 ALTER TABLE `django_admin_log` DISABLE KEYS */;
/*!40000 ALTER TABLE `django_admin_log` ENABLE KEYS */;
UNLOCK TABLES;

--
-- Table structure for table `django_content_type`
--

DROP TABLE IF EXISTS `django_content_type`;
/*!40101 SET @saved_cs_client     = @@character_set_client */;
/*!50503 SET character_set_client = utf8mb4 */;
CREATE TABLE `django_content_type` (
  `id` int NOT NULL AUTO_INCREMENT,
  `app_label` varchar(100) NOT NULL,
  `model` varchar(100) NOT NULL,
  PRIMARY KEY (`id`),
  UNIQUE KEY `django_content_type_app_label_model_76bd3d3b_uniq` (`app_label`,`model`)
) ENGINE=InnoDB AUTO_INCREMENT=18 DEFAULT CHARSET=utf8mb4 COLLATE=utf8mb4_0900_ai_ci;
/*!40101 SET character_set_client = @saved_cs_client */;

--
-- Dumping data for table `django_content_type`
--

LOCK TABLES `django_content_type` WRITE;
/*!40000 ALTER TABLE `django_content_type` DISABLE KEYS */;
INSERT INTO `django_content_type` VALUES (12,'admin','logentry'),(14,'auth','group'),(13,'auth','permission'),(15,'auth','user'),(16,'contenttypes','contenttype'),(1,'models','clase'),(2,'models','departamento'),(3,'models','estudiante'),(4,'models','estudiantetieneclase'),(5,'models','grado'),(6,'models','nivel'),(7,'models','notasdeestudiante'),(8,'models','profesor'),(9,'models','seccion'),(10,'models','tutoria'),(11,'models','usario'),(17,'sessions','session');
/*!40000 ALTER TABLE `django_content_type` ENABLE KEYS */;
UNLOCK TABLES;

--
-- Table structure for table `django_migrations`
--

DROP TABLE IF EXISTS `django_migrations`;
/*!40101 SET @saved_cs_client     = @@character_set_client */;
/*!50503 SET character_set_client = utf8mb4 */;
CREATE TABLE `django_migrations` (
  `id` bigint NOT NULL AUTO_INCREMENT,
  `app` varchar(255) NOT NULL,
  `name` varchar(255) NOT NULL,
  `applied` datetime(6) NOT NULL,
  PRIMARY KEY (`id`)
) ENGINE=InnoDB AUTO_INCREMENT=20 DEFAULT CHARSET=utf8mb4 COLLATE=utf8mb4_0900_ai_ci;
/*!40101 SET character_set_client = @saved_cs_client */;

--
-- Dumping data for table `django_migrations`
--

LOCK TABLES `django_migrations` WRITE;
/*!40000 ALTER TABLE `django_migrations` DISABLE KEYS */;
INSERT INTO `django_migrations` VALUES (1,'contenttypes','0001_initial','2023-10-02 01:15:25.482449'),(2,'auth','0001_initial','2023-10-02 01:15:25.985781'),(3,'admin','0001_initial','2023-10-02 01:15:26.129783'),(4,'admin','0002_logentry_remove_auto_add','2023-10-02 01:15:26.134667'),(5,'admin','0003_logentry_add_action_flag_choices','2023-10-02 01:15:26.151296'),(6,'contenttypes','0002_remove_content_type_name','2023-10-02 01:15:26.252288'),(7,'auth','0002_alter_permission_name_max_length','2023-10-02 01:15:26.330324'),(8,'auth','0003_alter_user_email_max_length','2023-10-02 01:15:26.377378'),(9,'auth','0004_alter_user_username_opts','2023-10-02 01:15:26.393959'),(10,'auth','0005_alter_user_last_login_null','2023-10-02 01:15:26.480438'),(11,'auth','0006_require_contenttypes_0002','2023-10-02 01:15:26.487272'),(12,'auth','0007_alter_validators_add_error_messages','2023-10-02 01:15:26.502850'),(13,'auth','0008_alter_user_username_max_length','2023-10-02 01:15:26.616459'),(14,'auth','0009_alter_user_last_name_max_length','2023-10-02 01:15:26.731573'),(15,'auth','0010_alter_group_name_max_length','2023-10-02 01:15:26.778725'),(16,'auth','0011_update_proxy_permissions','2023-10-02 01:15:26.808434'),(17,'auth','0012_alter_user_first_name_max_length','2023-10-02 01:15:26.911948'),(18,'models','0001_initial','2023-10-02 01:15:26.930239'),(19,'sessions','0001_initial','2023-10-02 01:15:27.004039');
/*!40000 ALTER TABLE `django_migrations` ENABLE KEYS */;
UNLOCK TABLES;

--
-- Table structure for table `django_session`
--

DROP TABLE IF EXISTS `django_session`;
/*!40101 SET @saved_cs_client     = @@character_set_client */;
/*!50503 SET character_set_client = utf8mb4 */;
CREATE TABLE `django_session` (
  `session_key` varchar(40) NOT NULL,
  `session_data` longtext NOT NULL,
  `expire_date` datetime(6) NOT NULL,
  PRIMARY KEY (`session_key`),
  KEY `django_session_expire_date_a5c62663` (`expire_date`)
) ENGINE=InnoDB DEFAULT CHARSET=utf8mb4 COLLATE=utf8mb4_0900_ai_ci;
/*!40101 SET character_set_client = @saved_cs_client */;

--
-- Dumping data for table `django_session`
--

LOCK TABLES `django_session` WRITE;
/*!40000 ALTER TABLE `django_session` DISABLE KEYS */;
/*!40000 ALTER TABLE `django_session` ENABLE KEYS */;
UNLOCK TABLES;

--
-- Table structure for table `estudiante`
--

DROP TABLE IF EXISTS `estudiante`;
/*!40101 SET @saved_cs_client     = @@character_set_client */;
/*!50503 SET character_set_client = utf8mb4 */;
CREATE TABLE `estudiante` (
  `estudiante_id` int NOT NULL AUTO_INCREMENT,
  `nombres` varchar(45) NOT NULL,
  `apellidos` varchar(45) NOT NULL,
  `tutoria_id` int NOT NULL,
  PRIMARY KEY (`estudiante_id`,`tutoria_id`),
  KEY `fk_estudiante_tutoria1_idx` (`tutoria_id`),
  CONSTRAINT `fk_estudiante_tutoria1` FOREIGN KEY (`tutoria_id`) REFERENCES `tutoria` (`tutoria_id`)
) ENGINE=InnoDB AUTO_INCREMENT=408 DEFAULT CHARSET=utf8mb4 COLLATE=utf8mb4_0900_ai_ci;
/*!40101 SET character_set_client = @saved_cs_client */;

--
-- Dumping data for table `estudiante`
--

LOCK TABLES `estudiante` WRITE;
/*!40000 ALTER TABLE `estudiante` DISABLE KEYS */;
INSERT INTO `estudiante` VALUES (1,'Carlos','Perez Lopez',1),(2,'Ana','Torres Ramirez',1),(3,'Luis','Gomez Ruiz',1),(4,'María','Diaz Martinez',1),(5,'Sofía','Rodriguez Herrera',1),(6,'Diego','Lopez Flores',1),(7,'Valentina','Gutierrez Silva',1),(8,'Javier','Ramirez Torres',1),(9,'Lucía','Hernandez Soto',1),(10,'Pedro','Martinez Torres',1),(11,'Isabella','Castro Gomez',1),(12,'Juan','Sanchez Diaz',1),(13,'Camila','Herrera Ramirez',1),(14,'Mateo','Gutierrez Perez',1),(15,'Fernanda','Diaz Ramirez',1),(16,'Mariana','Garcia Martinez',2),(17,'Andrea','Perez Lopez',2),(18,'Hernan','Diaz Ramirez',2),(19,'Maria','Sanchez Gomez',2),(20,'Alberto','Perez Diaz',2),(21,'Juliana','Ortiz Ramirez',2),(22,'Silvia','Gomez Sanchez',2),(23,'Miguel','Torres Gomez',2),(24,'Paola','Perez Ramirez',2),(25,'Victor','Sanchez Lopez',2),(26,'Lorena','Martinez Ortiz',2),(27,'Andres','Diaz Castillo',2),(28,'Julio','Diaz Rodriguez',2),(29,'Paula','Martinez Torres',2),(30,'Oscar','Hernandez Gomez',2),(31,'Diego','Torres Diaz',3),(32,'Sofía','Perez Lopez',3),(33,'Mateo','Ramirez Gomez',3),(34,'Valentina','Gomez Torres',3),(35,'Luis','Sanchez Ramirez',3),(36,'Camila','Martinez Soto',3),(37,'Daniel','Herrera Perez',3),(38,'Valeria','Lopez Diaz',3),(39,'Sebastián','Diaz Martinez',3),(40,'Gabriela','Gutierrez Ramirez',3),(41,'Andrés','Torres Gomez',3),(42,'Elena','Rodriguez Soto',3),(43,'Joaquín','Perez Ramirez',3),(44,'Isabella','Sanchez Torres',3),(45,'Juan','Diaz Gomez',3),(46,'Fernando','Hernandez Molina',4),(47,'Carmen','Garcia Silva',4),(48,'Miguel','Torres Gomez',4),(49,'Paola','Perez Ramirez',4),(50,'Victor','Sanchez Lopez',4),(51,'Lorena','Martinez Ortiz',4),(52,'Andres','Diaz Castillo',4),(53,'Julio','Diaz Rodriguez',4),(54,'Paula','Martinez Torres',4),(55,'Oscar','Hernandez Gomez',4),(56,'Luisa','Gutierrez Ruiz',4),(57,'Raul','Molina Fernandez',4),(58,'Adriana','Silva Herrera',4),(59,'Javier','Castro Soto',4),(60,'Gloria','Ortiz Torres',4),(61,'Camilo','Ramirez Castillo',5),(62,'Isabella','Ruiz Diaz',5),(63,'Felipe','Hernandez Ortiz',5),(64,'Lina','Lopez Torres',5),(65,'Daniel','Torres Rodriguez',5),(66,'Julio','Diaz Rodriguez',5),(67,'Paula','Martinez Torres',5),(68,'Oscar','Hernandez Gomez',5),(69,'Rosa','Santos Castro',5),(70,'Fernando','Hernandez Molina',5),(71,'Carmen','Garcia Silva',5),(72,'Miguel','Torres Gomez',5),(73,'Paola','Perez Ramirez',5),(74,'Victor','Sanchez Lopez',5),(75,'Lorena','Martinez Ortiz',5),(76,'Roberto','Diaz Castillo',6),(77,'Mariana','Gutierrez Sanchez',6),(78,'Andrés','Martinez Gomez',6),(79,'Sara','Perez Diaz',6),(80,'Diego','Rodriguez Herrera',6),(81,'Valeria','Ramirez Torres',6),(82,'Luis','Torres Soto',6),(83,'Camila','Gomez Lopez',6),(84,'Daniel','Sanchez Ramirez',6),(85,'Lucía','Perez Diaz',6),(86,'Sofía','Martinez Ramirez',6),(87,'Joaquín','Lopez Diaz',6),(88,'Valentina','Herrera Torres',6),(89,'Gabriel','Gutierrez Diaz',6),(90,'María','Diaz Gomez',6),(91,'Raul','Ramirez Lopez',7),(92,'Fernanda','Gutierrez Torres',7),(93,'Javier','Castro Gomez',7),(94,'Isabella','Martinez Diaz',7),(95,'Lina','Torres Soto',7),(96,'Roberto','Gutierrez Ramirez',7),(97,'Lucía','Diaz Perez',7),(98,'Valeria','Lopez Torres',7),(99,'Gabriela','Gomez Soto',7),(100,'Miguel','Ramirez Diaz',7),(101,'Daniel','Martinez Soto',7),(102,'Sebastián','Herrera Lopez',7),(103,'Sofía','Sanchez Perez',7),(104,'Diego','Perez Diaz',7),(105,'Valentina','Gutierrez Ramirez',7),(106,'Camilo','Sanchez Torres',8),(107,'Elena','Ramirez Martinez',8),(108,'Luisa','Perez Diaz',8),(109,'Adriana','Gutierrez Lopez',8),(110,'Mariana','Diaz Soto',8),(111,'Carlos','Torres Gomez',8),(112,'Joaquín','Martinez Ramirez',8),(113,'Valentina','Castro Lopez',8),(114,'Fernando','Herrera Perez',8),(115,'Paula','Lopez Torres',8),(116,'Isabella','Gomez Diaz',8),(117,'Juan','Ramirez Diaz',8),(118,'Lucía','Torres Soto',8),(119,'Sara','Diaz Castillo',8),(120,'Javier','Gutierrez Ramirez',8),(121,'Roberto','Perez Diaz',9),(122,'Mariana','Gomez Ramirez',9),(123,'Andrés','Martinez Diaz',9),(124,'Sofía','Castro Soto',9),(125,'Diego','Ramirez Torres',9),(126,'Valeria','Torres Soto',9),(127,'Luis','Gutierrez Lopez',9),(128,'Camila','Diaz Ramirez',9),(129,'Daniel','Sanchez Gomez',9),(130,'Lucía','Martinez Ramirez',9),(131,'Sofía','Herrera Diaz',9),(132,'Joaquín','Perez Soto',9),(133,'Valentina','Gomez Diaz',9),(134,'Gabriel','Ramirez Lopez',9),(135,'María','Diaz Torres',9),(136,'Raul','Torres Soto',10),(137,'Fernanda','Gutierrez Diaz',10),(138,'Javier','Castro Gomez',10),(139,'Isabella','Martinez Diaz',10),(140,'Lina','Torres Ramirez',10),(141,'Roberto','Gutierrez Ramirez',10),(142,'Lucía','Diaz Perez',10),(143,'Valeria','Lopez Torres',10),(144,'Gabriela','Gomez Soto',10),(145,'Miguel','Ramirez Diaz',10),(146,'Daniel','Martinez Soto',10),(147,'Sebastián','Herrera Lopez',10),(148,'Sofía','Sanchez Perez',10),(149,'Diego','Perez Diaz',10),(150,'Valentina','Gutierrez Ramirez',10),(151,'Carmen','Gomez Torres',11),(152,'Miguel','Diaz Ramirez',11),(153,'Paola','Ramirez Soto',11),(154,'Victor','Perez Diaz',11),(155,'Lorena','Martinez Lopez',11),(156,'Andres','Sanchez Gomez',11),(157,'Julio','Herrera Perez',11),(158,'Paula','Torres Diaz',11),(159,'Oscar','Gutierrez Martinez',11),(160,'Rosa','Diaz Castillo',11),(161,'Fernando','Sanchez Ramirez',11),(162,'Lucía','Martinez Soto',11),(163,'Sofía','Gomez Perez',11),(164,'Diego','Ramirez Diaz',11),(165,'Valentina','Perez Castillo',11),(166,'Roberto','Martinez Lopez',12),(167,'Mariana','Gomez Ramirez',12),(168,'Andrés','Torres Diaz',12),(169,'Sofía','Castro Soto',12),(170,'Diego','Ramirez Torres',12),(171,'Valeria','Torres Soto',12),(172,'Luis','Gutierrez Lopez',12),(173,'Camila','Diaz Ramirez',12),(174,'Daniel','Sanchez Gomez',12),(175,'Lucía','Martinez Ramirez',12),(176,'Sofía','Herrera Diaz',12),(177,'Joaquín','Perez Soto',12),(178,'Valentina','Gomez Diaz',12),(179,'Gabriel','Ramirez Lopez',12),(180,'María','Diaz Torres',12),(181,'Raul','Torres Soto',13),(182,'Fernanda','Gutierrez Diaz',13),(183,'Javier','Castro Gomez',13),(184,'Isabella','Martinez Diaz',13),(185,'Lina','Torres Ramirez',13),(186,'Roberto','Gutierrez Ramirez',13),(187,'Lucía','Diaz Perez',13),(188,'Valeria','Lopez Torres',13),(189,'Gabriela','Gomez Soto',13),(190,'Miguel','Ramirez Diaz',13),(191,'Daniel','Martinez Soto',13),(192,'Sebastián','Herrera Lopez',13),(193,'Sofía','Sanchez Perez',13),(194,'Diego','Perez Diaz',13),(195,'Valentina','Gutierrez Ramirez',13),(196,'Camilo','Sanchez Torres',14),(197,'Elena','Ramirez Martinez',14),(198,'Luisa','Perez Diaz',14),(199,'Adriana','Gutierrez Lopez',14),(200,'Mariana','Diaz Soto',14),(201,'Carlos','Torres Gomez',14),(202,'Joaquín','Martinez Ramirez',14),(203,'Valentina','Castro Lopez',14),(204,'Fernando','Herrera Perez',14),(205,'Paula','Lopez Torres',14),(206,'Isabella','Gomez Diaz',14),(207,'Juan','Ramirez Diaz',14),(208,'Lucía','Torres Soto',14),(209,'Sara','Diaz Castillo',14),(210,'Javier','Gutierrez Ramirez',14),(211,'Roberto','Perez Diaz',15),(212,'Mariana','Gomez Ramirez',15),(213,'Andrés','Martinez Diaz',15),(214,'Sofía','Castro Soto',15),(215,'Diego','Ramirez Torres',15),(216,'Valeria','Torres Soto',15),(217,'Luis','Gutierrez Lopez',15),(218,'Camila','Diaz Ramirez',15),(219,'Daniel','Sanchez Gomez',15),(220,'Lucía','Martinez Ramirez',15),(221,'Sofía','Herrera Diaz',15),(222,'Joaquín','Perez Soto',15),(223,'Valentina','Gomez Diaz',15),(224,'Gabriel','Ramirez Lopez',15),(225,'María','Diaz Torres',15),(226,'Luis','Gutierrez Ruiz',16),(227,'Raul','Molina Fernandez',16),(228,'Adriana','Silva Herrera',16),(229,'Javier','Castro Soto',16),(230,'Gloria','Ortiz Torres',16),(231,'Camilo','Ramirez Castillo',16),(232,'Isabella','Ruiz Diaz',16),(233,'Felipe','Hernandez Ortiz',16),(234,'Lina','Lopez Torres',16),(235,'Daniel','Torres Rodriguez',16),(236,'Julio','Diaz Rodriguez',16),(237,'Paula','Martinez Torres',16),(238,'Oscar','Hernandez Gomez',16),(239,'Laura','Diaz Rodriguez',17),(240,'Ana','Torres Ramirez',17),(241,'Luis','Gomez Ruiz',17),(242,'María','Diaz Martinez',17),(243,'Sofía','Rodriguez Herrera',17),(244,'Diego','Lopez Flores',17),(245,'Valentina','Gutierrez Silva',17),(246,'Javier','Ramirez Torres',17),(247,'Lucía','Hernandez Soto',17),(248,'Pedro','Martinez Torres',17),(249,'Isabella','Castro Gomez',17),(250,'Juan','Sanchez Diaz',17),(251,'Camila','Herrera Ramirez',17),(252,'Mateo','Gutierrez Perez',17),(253,'Fernanda','Diaz Ramirez',17),(254,'Antonio','Gomez Ramirez',18),(255,'Laura','Torres Rodriguez',18),(256,'Miguel','Gomez Perez',18),(257,'Valeria','Sanchez Ruiz',18),(258,'Eduardo','Perez Diaz',18),(259,'Paula','Hernandez Lopez',18),(260,'Ángel','Rodriguez Ramirez',18),(261,'Daniela','Lopez Torres',18),(262,'Sebastián','Torres Perez',18),(263,'Gabriela','Ramirez Soto',18),(264,'Andrés','Gomez Diaz',18),(265,'Valery','Martinez Ramirez',18),(266,'Dylan','Herrera Lopez',18),(267,'Sara','Sanchez Perez',18),(268,'David','Perez Diaz',18),(269,'Fernando','Hernandez Molina',19),(270,'Carmen','Garcia Silva',19),(271,'Miguel','Torres Gomez',19),(272,'Paola','Perez Ramirez',19),(273,'Victor','Sanchez Lopez',19),(274,'Lorena','Martinez Ortiz',19),(275,'Andres','Diaz Castillo',19),(276,'Julio','Diaz Rodriguez',19),(277,'Paula','Martinez Torres',19),(278,'Oscar','Hernandez Gomez',19),(279,'Luisa','Gutierrez Ruiz',19),(280,'Raul','Molina Fernandez',19),(281,'Adriana','Silva Herrera',19),(282,'Javier','Castro Soto',19),(283,'Gloria','Ortiz Torres',19),(284,'Felipe','Hernandez Ortiz',20),(285,'Lina','Lopez Torres',20),(286,'Daniel','Torres Rodriguez',20),(287,'Julio','Diaz Rodriguez',20),(288,'Paula','Martinez Torres',20),(289,'Oscar','Hernandez Gomez',20),(290,'Laura','Diaz Rodriguez',20),(291,'Ana','Torres Ramirez',20),(292,'Luis','Gomez Ruiz',20),(293,'María','Diaz Martinez',20),(294,'Sofía','Rodriguez Herrera',20),(295,'Diego','Lopez Flores',20),(296,'Valentina','Gutierrez Silva',20),(297,'Javier','Ramirez Torres',20),(298,'Lucía','Hernandez Soto',20),(299,'Pedro','Martinez Torres',21),(300,'Isabella','Castro Gomez',21),(301,'Juan','Sanchez Diaz',21),(302,'Camila','Herrera Ramirez',21),(303,'Mateo','Gutierrez Perez',21),(304,'Fernanda','Diaz Ramirez',21),(305,'Antonio','Gomez Ramirez',21),(306,'Laura','Torres Rodriguez',21),(307,'Miguel','Gomez Perez',21),(308,'Valeria','Sanchez Ruiz',21),(309,'Eduardo','Perez Diaz',21),(310,'Paula','Hernandez Lopez',21),(311,'Ángel','Rodriguez Ramirez',21),(312,'Daniela','Lopez Torres',21),(313,'Sebastián','Torres Perez',21),(314,'Gabriela','Ramirez Soto',22),(315,'Andrés','Gomez Diaz',22),(316,'Valery','Martinez Ramirez',22),(317,'Dylan','Herrera Lopez',22),(318,'Sara','Sanchez Perez',22),(319,'David','Perez Diaz',22),(320,'Fernando','Hernandez Molina',22),(321,'Carmen','Garcia Silva',22),(322,'Miguel','Torres Gomez',22),(323,'Paola','Perez Ramirez',22),(324,'Victor','Sanchez Lopez',22),(325,'Lorena','Martinez Ortiz',22),(326,'Andres','Diaz Castillo',22),(327,'Julio','Diaz Rodriguez',22),(328,'Paula','Martinez Torres',22),(329,'Oscar','Hernandez Gomez',23),(330,'Luisa','Gutierrez Ruiz',23),(331,'Raul','Molina Fernandez',23),(332,'Adriana','Silva Herrera',23),(333,'Javier','Castro Soto',23),(334,'Gloria','Ortiz Torres',23),(335,'Camilo','Ramirez Castillo',23),(336,'Isabella','Ruiz Diaz',23),(337,'Felipe','Hernandez Ortiz',23),(338,'Lina','Lopez Torres',23),(339,'Daniel','Torres Rodriguez',23),(340,'Julio','Diaz Rodriguez',23),(341,'Paula','Martinez Torres',23),(342,'Oscar','Hernandez Gomez',23),(343,'Rosa','Santos Castro',23),(344,'Fernando','Hernandez Molina',24),(345,'Carmen','Garcia Silva',24),(346,'Miguel','Torres Gomez',24),(347,'Paola','Perez Ramirez',24),(348,'Victor','Sanchez Lopez',24),(349,'Lorena','Martinez Ortiz',24),(350,'Andres','Diaz Castillo',24),(351,'Julio','Diaz Rodriguez',24),(352,'Paula','Martinez Torres',24),(353,'Oscar','Hernandez Gomez',24),(354,'Luisa','Gutierrez Ruiz',24),(355,'Raul','Molina Fernandez',24),(356,'Adriana','Silva Herrera',24),(357,'Javier','Castro Soto',24),(358,'Gloria','Ortiz Torres',24),(359,'Camilo','Ramirez Castillo',25),(360,'Isabella','Ruiz Diaz',25),(361,'Felipe','Hernandez Ortiz',25),(362,'Lina','Lopez Torres',25),(363,'Daniel','Torres Rodriguez',25),(364,'Julio','Diaz Rodriguez',25),(365,'Paula','Martinez Torres',25),(366,'Oscar','Hernandez Gomez',25),(367,'Rosa','Santos Castro',25),(368,'Fernando','Hernandez Molina',25),(369,'Carmen','Garcia Silva',25),(370,'Miguel','Torres Gomez',25),(371,'Paola','Perez Ramirez',25),(372,'Victor','Sanchez Lopez',25),(373,'Lorena','Martinez Ortiz',25),(374,'Carlos','Martinez Gutierrez',26),(375,'Sofia','Ramirez Gomez',26),(376,'Luis','Herrera Soto',26),(377,'Camila','Gomez Diaz',26),(378,'Diego','Torres Lopez',26),(379,'Laura','Diaz Ramirez',26),(380,'Adriana','Gutierrez Castro',26),(381,'Miguel','Sanchez Torres',26),(382,'Valentina','Lopez Soto',26),(383,'Joaquin','Perez Diaz',26),(384,'Isabella','Ramirez Gomez',26),(385,'Daniel','Herrera Soto',26),(386,'Lucia','Gomez Diaz',26),(387,'Sara','Torres Lopez',26),(388,'Gabriel','Sanchez Ramirez',26),(389,'María','Martinez Gutierrez',26),(390,'Javier','Ramirez Diaz',26),(391,'Laura','Herrera Soto',27),(392,'Juan','Gomez Diaz',27),(393,'Fernando','Ramirez Gomez',27),(394,'Valeria','Sanchez Torres',27),(395,'Sofia','Perez Diaz',27),(396,'Roberto','Martinez Gutierrez',27),(397,'Mariana','Gutierrez Castro',27),(398,'Andres','Sanchez Ramirez',27),(399,'Lucía','Diaz Ramirez',27),(400,'Valentina','Gomez Diaz',27),(401,'Luis','Herrera Soto',27),(402,'Camila','Ramirez Gomez',27),(403,'Diego','Gutierrez Torres',27),(404,'Laura','Sanchez Torres',27),(405,'Miguel','Perez Diaz',27),(406,'Valentina','Martinez Gutierrez',27),(407,'Joaquin','Ramirez Diaz',27);
/*!40000 ALTER TABLE `estudiante` ENABLE KEYS */;
UNLOCK TABLES;

--
-- Table structure for table `estudiante_tiene_clase`
--

DROP TABLE IF EXISTS `estudiante_tiene_clase`;
/*!40101 SET @saved_cs_client     = @@character_set_client */;
/*!50503 SET character_set_client = utf8mb4 */;
CREATE TABLE `estudiante_tiene_clase` (
  `estudiante_tiene_clase_id` int NOT NULL AUTO_INCREMENT,
  `estudiante_id` int NOT NULL,
  `clase_id` int NOT NULL,
  PRIMARY KEY (`estudiante_tiene_clase_id`),
  KEY `fk_clase_has_estudiante_estudiante1_idx` (`estudiante_id`),
  KEY `fk_clase_has_estudiante_clase1_idx` (`clase_id`),
  CONSTRAINT `fk_clase_has_estudiante_clase1` FOREIGN KEY (`clase_id`) REFERENCES `clase` (`clase_id`),
  CONSTRAINT `fk_clase_has_estudiante_estudiante1` FOREIGN KEY (`estudiante_id`) REFERENCES `estudiante` (`estudiante_id`)
) ENGINE=InnoDB AUTO_INCREMENT=7398 DEFAULT CHARSET=utf8mb4 COLLATE=utf8mb4_0900_ai_ci;
/*!40101 SET character_set_client = @saved_cs_client */;

--
-- Dumping data for table `estudiante_tiene_clase`
--

LOCK TABLES `estudiante_tiene_clase` WRITE;
/*!40000 ALTER TABLE `estudiante_tiene_clase` DISABLE KEYS */;
INSERT INTO `estudiante_tiene_clase` VALUES (1,1,1),(2,1,8),(3,1,15),(4,1,22),(5,1,29),(6,1,36),(7,1,43),(8,1,50),(9,1,57),(10,1,64),(11,1,71),(12,1,78),(13,1,85),(14,2,1),(15,2,8),(16,2,15),(17,2,22),(18,2,29),(19,2,36),(20,2,43),(21,2,50),(22,2,57),(23,2,64),(24,2,71),(25,2,78),(26,2,85),(27,3,1),(28,3,8),(29,3,15),(30,3,22),(31,3,29),(32,3,36),(33,3,43),(34,3,50),(35,3,57),(36,3,64),(37,3,71),(38,3,78),(39,3,85),(40,4,1),(41,4,8),(42,4,15),(43,4,22),(44,4,29),(45,4,36),(46,4,43),(47,4,50),(48,4,57),(49,4,64),(50,4,71),(51,4,78),(52,4,85),(53,5,1),(54,5,8),(55,5,15),(56,5,22),(57,5,29),(58,5,36),(59,5,43),(60,5,50),(61,5,57),(62,5,64),(63,5,71),(64,5,78),(65,5,85),(66,6,1),(67,6,8),(68,6,15),(69,6,22),(70,6,29),(71,6,36),(72,6,43),(73,6,50),(74,6,57),(75,6,64),(76,6,71),(77,6,78),(78,6,85),(79,7,1),(80,7,8),(81,7,15),(82,7,22),(83,7,29),(84,7,36),(85,7,43),(86,7,50),(87,7,57),(88,7,64),(89,7,71),(90,7,78),(91,7,85),(92,8,1),(93,8,8),(94,8,15),(95,8,22),(96,8,29),(97,8,36),(98,8,43),(99,8,50),(100,8,57),(101,8,64),(102,8,71),(103,8,78),(104,8,85),(105,9,1),(106,9,8),(107,9,15),(108,9,22),(109,9,29),(110,9,36),(111,9,43),(112,9,50),(113,9,57),(114,9,64),(115,9,71),(116,9,78),(117,9,85),(118,10,1),(119,10,8),(120,10,15),(121,10,22),(122,10,29),(123,10,36),(124,10,43),(125,10,50),(126,10,57),(127,10,64),(128,10,71),(129,10,78),(130,10,85),(131,11,1),(132,11,8),(133,11,15),(134,11,22),(135,11,29),(136,11,36),(137,11,43),(138,11,50),(139,11,57),(140,11,64),(141,11,71),(142,11,78),(143,11,85),(144,12,1),(145,12,8),(146,12,15),(147,12,22),(148,12,29),(149,12,36),(150,12,43),(151,12,50),(152,12,57),(153,12,64),(154,12,71),(155,12,78),(156,12,85),(157,13,1),(158,13,8),(159,13,15),(160,13,22),(161,13,29),(162,13,36),(163,13,43),(164,13,50),(165,13,57),(166,13,64),(167,13,71),(168,13,78),(169,13,85),(170,14,1),(171,14,8),(172,14,15),(173,14,22),(174,14,29),(175,14,36),(176,14,43),(177,14,50),(178,14,57),(179,14,64),(180,14,71),(181,14,78),(182,14,85),(183,15,1),(184,15,8),(185,15,15),(186,15,22),(187,15,29),(188,15,36),(189,15,43),(190,15,50),(191,15,57),(192,15,64),(193,15,71),(194,15,78),(195,15,85),(256,16,2),(257,16,9),(258,16,16),(259,16,23),(260,16,30),(261,16,37),(262,16,44),(263,16,51),(264,16,58),(265,16,65),(266,16,72),(267,16,79),(268,16,86),(269,17,2),(270,17,9),(271,17,16),(272,17,23),(273,17,30),(274,17,37),(275,17,44),(276,17,51),(277,17,58),(278,17,65),(279,17,72),(280,17,79),(281,17,86),(282,18,2),(283,18,9),(284,18,16),(285,18,23),(286,18,30),(287,18,37),(288,18,44),(289,18,51),(290,18,58),(291,18,65),(292,18,72),(293,18,79),(294,18,86),(295,19,2),(296,19,9),(297,19,16),(298,19,23),(299,19,30),(300,19,37),(301,19,44),(302,19,51),(303,19,58),(304,19,65),(305,19,72),(306,19,79),(307,19,86),(308,20,2),(309,20,9),(310,20,16),(311,20,23),(312,20,30),(313,20,37),(314,20,44),(315,20,51),(316,20,58),(317,20,65),(318,20,72),(319,20,79),(320,20,86),(321,21,2),(322,21,9),(323,21,16),(324,21,23),(325,21,30),(326,21,37),(327,21,44),(328,21,51),(329,21,58),(330,21,65),(331,21,72),(332,21,79),(333,21,86),(334,22,2),(335,22,9),(336,22,16),(337,22,23),(338,22,30),(339,22,37),(340,22,44),(341,22,51),(342,22,58),(343,22,65),(344,22,72),(345,22,79),(346,22,86),(347,23,2),(348,23,9),(349,23,16),(350,23,23),(351,23,30),(352,23,37),(353,23,44),(354,23,51),(355,23,58),(356,23,65),(357,23,72),(358,23,79),(359,23,86),(360,24,2),(361,24,9),(362,24,16),(363,24,23),(364,24,30),(365,24,37),(366,24,44),(367,24,51),(368,24,58),(369,24,65),(370,24,72),(371,24,79),(372,24,86),(373,25,2),(374,25,9),(375,25,16),(376,25,23),(377,25,30),(378,25,37),(379,25,44),(380,25,51),(381,25,58),(382,25,65),(383,25,72),(384,25,79),(385,25,86),(386,26,2),(387,26,9),(388,26,16),(389,26,23),(390,26,30),(391,26,37),(392,26,44),(393,26,51),(394,26,58),(395,26,65),(396,26,72),(397,26,79),(398,26,86),(399,27,2),(400,27,9),(401,27,16),(402,27,23),(403,27,30),(404,27,37),(405,27,44),(406,27,51),(407,27,58),(408,27,65),(409,27,72),(410,27,79),(411,27,86),(412,28,2),(413,28,9),(414,28,16),(415,28,23),(416,28,30),(417,28,37),(418,28,44),(419,28,51),(420,28,58),(421,28,65),(422,28,72),(423,28,79),(424,28,86),(425,29,2),(426,29,9),(427,29,16),(428,29,23),(429,29,30),(430,29,37),(431,29,44),(432,29,51),(433,29,58),(434,29,65),(435,29,72),(436,29,79),(437,29,86),(438,30,2),(439,30,9),(440,30,16),(441,30,23),(442,30,30),(443,30,37),(444,30,44),(445,30,51),(446,30,58),(447,30,65),(448,30,72),(449,30,79),(450,30,86),(511,31,3),(512,31,10),(513,31,17),(514,31,24),(515,31,31),(516,31,38),(517,31,45),(518,31,52),(519,31,59),(520,31,66),(521,31,73),(522,31,80),(523,31,87),(524,32,3),(525,32,10),(526,32,17),(527,32,24),(528,32,31),(529,32,38),(530,32,45),(531,32,52),(532,32,59),(533,32,66),(534,32,73),(535,32,80),(536,32,87),(537,33,3),(538,33,10),(539,33,17),(540,33,24),(541,33,31),(542,33,38),(543,33,45),(544,33,52),(545,33,59),(546,33,66),(547,33,73),(548,33,80),(549,33,87),(550,34,3),(551,34,10),(552,34,17),(553,34,24),(554,34,31),(555,34,38),(556,34,45),(557,34,52),(558,34,59),(559,34,66),(560,34,73),(561,34,80),(562,34,87),(563,35,3),(564,35,10),(565,35,17),(566,35,24),(567,35,31),(568,35,38),(569,35,45),(570,35,52),(571,35,59),(572,35,66),(573,35,73),(574,35,80),(575,35,87),(576,36,3),(577,36,10),(578,36,17),(579,36,24),(580,36,31),(581,36,38),(582,36,45),(583,36,52),(584,36,59),(585,36,66),(586,36,73),(587,36,80),(588,36,87),(589,37,3),(590,37,10),(591,37,17),(592,37,24),(593,37,31),(594,37,38),(595,37,45),(596,37,52),(597,37,59),(598,37,66),(599,37,73),(600,37,80),(601,37,87),(602,38,3),(603,38,10),(604,38,17),(605,38,24),(606,38,31),(607,38,38),(608,38,45),(609,38,52),(610,38,59),(611,38,66),(612,38,73),(613,38,80),(614,38,87),(615,39,3),(616,39,10),(617,39,17),(618,39,24),(619,39,31),(620,39,38),(621,39,45),(622,39,52),(623,39,59),(624,39,66),(625,39,73),(626,39,80),(627,39,87),(628,40,3),(629,40,10),(630,40,17),(631,40,24),(632,40,31),(633,40,38),(634,40,45),(635,40,52),(636,40,59),(637,40,66),(638,40,73),(639,40,80),(640,40,87),(641,41,3),(642,41,10),(643,41,17),(644,41,24),(645,41,31),(646,41,38),(647,41,45),(648,41,52),(649,41,59),(650,41,66),(651,41,73),(652,41,80),(653,41,87),(654,42,3),(655,42,10),(656,42,17),(657,42,24),(658,42,31),(659,42,38),(660,42,45),(661,42,52),(662,42,59),(663,42,66),(664,42,73),(665,42,80),(666,42,87),(667,43,3),(668,43,10),(669,43,17),(670,43,24),(671,43,31),(672,43,38),(673,43,45),(674,43,52),(675,43,59),(676,43,66),(677,43,73),(678,43,80),(679,43,87),(680,44,3),(681,44,10),(682,44,17),(683,44,24),(684,44,31),(685,44,38),(686,44,45),(687,44,52),(688,44,59),(689,44,66),(690,44,73),(691,44,80),(692,44,87),(693,45,3),(694,45,10),(695,45,17),(696,45,24),(697,45,31),(698,45,38),(699,45,45),(700,45,52),(701,45,59),(702,45,66),(703,45,73),(704,45,80),(705,45,87),(766,46,4),(767,46,11),(768,46,18),(769,46,25),(770,46,32),(771,46,39),(772,46,46),(773,46,53),(774,46,60),(775,46,67),(776,46,74),(777,46,81),(778,46,88),(779,47,4),(780,47,11),(781,47,18),(782,47,25),(783,47,32),(784,47,39),(785,47,46),(786,47,53),(787,47,60),(788,47,67),(789,47,74),(790,47,81),(791,47,88),(792,48,4),(793,48,11),(794,48,18),(795,48,25),(796,48,32),(797,48,39),(798,48,46),(799,48,53),(800,48,60),(801,48,67),(802,48,74),(803,48,81),(804,48,88),(805,49,4),(806,49,11),(807,49,18),(808,49,25),(809,49,32),(810,49,39),(811,49,46),(812,49,53),(813,49,60),(814,49,67),(815,49,74),(816,49,81),(817,49,88),(818,50,4),(819,50,11),(820,50,18),(821,50,25),(822,50,32),(823,50,39),(824,50,46),(825,50,53),(826,50,60),(827,50,67),(828,50,74),(829,50,81),(830,50,88),(831,51,4),(832,51,11),(833,51,18),(834,51,25),(835,51,32),(836,51,39),(837,51,46),(838,51,53),(839,51,60),(840,51,67),(841,51,74),(842,51,81),(843,51,88),(844,52,4),(845,52,11),(846,52,18),(847,52,25),(848,52,32),(849,52,39),(850,52,46),(851,52,53),(852,52,60),(853,52,67),(854,52,74),(855,52,81),(856,52,88),(857,53,4),(858,53,11),(859,53,18),(860,53,25),(861,53,32),(862,53,39),(863,53,46),(864,53,53),(865,53,60),(866,53,67),(867,53,74),(868,53,81),(869,53,88),(870,54,4),(871,54,11),(872,54,18),(873,54,25),(874,54,32),(875,54,39),(876,54,46),(877,54,53),(878,54,60),(879,54,67),(880,54,74),(881,54,81),(882,54,88),(883,55,4),(884,55,11),(885,55,18),(886,55,25),(887,55,32),(888,55,39),(889,55,46),(890,55,53),(891,55,60),(892,55,67),(893,55,74),(894,55,81),(895,55,88),(896,56,4),(897,56,11),(898,56,18),(899,56,25),(900,56,32),(901,56,39),(902,56,46),(903,56,53),(904,56,60),(905,56,67),(906,56,74),(907,56,81),(908,56,88),(909,57,4),(910,57,11),(911,57,18),(912,57,25),(913,57,32),(914,57,39),(915,57,46),(916,57,53),(917,57,60),(918,57,67),(919,57,74),(920,57,81),(921,57,88),(922,58,4),(923,58,11),(924,58,18),(925,58,25),(926,58,32),(927,58,39),(928,58,46),(929,58,53),(930,58,60),(931,58,67),(932,58,74),(933,58,81),(934,58,88),(935,59,4),(936,59,11),(937,59,18),(938,59,25),(939,59,32),(940,59,39),(941,59,46),(942,59,53),(943,59,60),(944,59,67),(945,59,74),(946,59,81),(947,59,88),(948,60,4),(949,60,11),(950,60,18),(951,60,25),(952,60,32),(953,60,39),(954,60,46),(955,60,53),(956,60,60),(957,60,67),(958,60,74),(959,60,81),(960,60,88),(1021,61,5),(1022,61,12),(1023,61,19),(1024,61,26),(1025,61,33),(1026,61,40),(1027,61,47),(1028,61,54),(1029,61,61),(1030,61,68),(1031,61,75),(1032,61,82),(1033,61,89),(1034,62,5),(1035,62,12),(1036,62,19),(1037,62,26),(1038,62,33),(1039,62,40),(1040,62,47),(1041,62,54),(1042,62,61),(1043,62,68),(1044,62,75),(1045,62,82),(1046,62,89),(1047,63,5),(1048,63,12),(1049,63,19),(1050,63,26),(1051,63,33),(1052,63,40),(1053,63,47),(1054,63,54),(1055,63,61),(1056,63,68),(1057,63,75),(1058,63,82),(1059,63,89),(1060,64,5),(1061,64,12),(1062,64,19),(1063,64,26),(1064,64,33),(1065,64,40),(1066,64,47),(1067,64,54),(1068,64,61),(1069,64,68),(1070,64,75),(1071,64,82),(1072,64,89),(1073,65,5),(1074,65,12),(1075,65,19),(1076,65,26),(1077,65,33),(1078,65,40),(1079,65,47),(1080,65,54),(1081,65,61),(1082,65,68),(1083,65,75),(1084,65,82),(1085,65,89),(1086,66,5),(1087,66,12),(1088,66,19),(1089,66,26),(1090,66,33),(1091,66,40),(1092,66,47),(1093,66,54),(1094,66,61),(1095,66,68),(1096,66,75),(1097,66,82),(1098,66,89),(1099,67,5),(1100,67,12),(1101,67,19),(1102,67,26),(1103,67,33),(1104,67,40),(1105,67,47),(1106,67,54),(1107,67,61),(1108,67,68),(1109,67,75),(1110,67,82),(1111,67,89),(1112,68,5),(1113,68,12),(1114,68,19),(1115,68,26),(1116,68,33),(1117,68,40),(1118,68,47),(1119,68,54),(1120,68,61),(1121,68,68),(1122,68,75),(1123,68,82),(1124,68,89),(1125,69,5),(1126,69,12),(1127,69,19),(1128,69,26),(1129,69,33),(1130,69,40),(1131,69,47),(1132,69,54),(1133,69,61),(1134,69,68),(1135,69,75),(1136,69,82),(1137,69,89),(1138,70,5),(1139,70,12),(1140,70,19),(1141,70,26),(1142,70,33),(1143,70,40),(1144,70,47),(1145,70,54),(1146,70,61),(1147,70,68),(1148,70,75),(1149,70,82),(1150,70,89),(1151,71,5),(1152,71,12),(1153,71,19),(1154,71,26),(1155,71,33),(1156,71,40),(1157,71,47),(1158,71,54),(1159,71,61),(1160,71,68),(1161,71,75),(1162,71,82),(1163,71,89),(1164,72,5),(1165,72,12),(1166,72,19),(1167,72,26),(1168,72,33),(1169,72,40),(1170,72,47),(1171,72,54),(1172,72,61),(1173,72,68),(1174,72,75),(1175,72,82),(1176,72,89),(1177,73,5),(1178,73,12),(1179,73,19),(1180,73,26),(1181,73,33),(1182,73,40),(1183,73,47),(1184,73,54),(1185,73,61),(1186,73,68),(1187,73,75),(1188,73,82),(1189,73,89),(1190,74,5),(1191,74,12),(1192,74,19),(1193,74,26),(1194,74,33),(1195,74,40),(1196,74,47),(1197,74,54),(1198,74,61),(1199,74,68),(1200,74,75),(1201,74,82),(1202,74,89),(1203,75,5),(1204,75,12),(1205,75,19),(1206,75,26),(1207,75,33),(1208,75,40),(1209,75,47),(1210,75,54),(1211,75,61),(1212,75,68),(1213,75,75),(1214,75,82),(1215,75,89),(1276,76,6),(1277,76,13),(1278,76,20),(1279,76,27),(1280,76,34),(1281,76,41),(1282,76,48),(1283,76,55),(1284,76,62),(1285,76,69),(1286,76,76),(1287,76,83),(1288,76,90),(1289,77,6),(1290,77,13),(1291,77,20),(1292,77,27),(1293,77,34),(1294,77,41),(1295,77,48),(1296,77,55),(1297,77,62),(1298,77,69),(1299,77,76),(1300,77,83),(1301,77,90),(1302,78,6),(1303,78,13),(1304,78,20),(1305,78,27),(1306,78,34),(1307,78,41),(1308,78,48),(1309,78,55),(1310,78,62),(1311,78,69),(1312,78,76),(1313,78,83),(1314,78,90),(1315,79,6),(1316,79,13),(1317,79,20),(1318,79,27),(1319,79,34),(1320,79,41),(1321,79,48),(1322,79,55),(1323,79,62),(1324,79,69),(1325,79,76),(1326,79,83),(1327,79,90),(1328,80,6),(1329,80,13),(1330,80,20),(1331,80,27),(1332,80,34),(1333,80,41),(1334,80,48),(1335,80,55),(1336,80,62),(1337,80,69),(1338,80,76),(1339,80,83),(1340,80,90),(1341,81,6),(1342,81,13),(1343,81,20),(1344,81,27),(1345,81,34),(1346,81,41),(1347,81,48),(1348,81,55),(1349,81,62),(1350,81,69),(1351,81,76),(1352,81,83),(1353,81,90),(1354,82,6),(1355,82,13),(1356,82,20),(1357,82,27),(1358,82,34),(1359,82,41),(1360,82,48),(1361,82,55),(1362,82,62),(1363,82,69),(1364,82,76),(1365,82,83),(1366,82,90),(1367,83,6),(1368,83,13),(1369,83,20),(1370,83,27),(1371,83,34),(1372,83,41),(1373,83,48),(1374,83,55),(1375,83,62),(1376,83,69),(1377,83,76),(1378,83,83),(1379,83,90),(1380,84,6),(1381,84,13),(1382,84,20),(1383,84,27),(1384,84,34),(1385,84,41),(1386,84,48),(1387,84,55),(1388,84,62),(1389,84,69),(1390,84,76),(1391,84,83),(1392,84,90),(1393,85,6),(1394,85,13),(1395,85,20),(1396,85,27),(1397,85,34),(1398,85,41),(1399,85,48),(1400,85,55),(1401,85,62),(1402,85,69),(1403,85,76),(1404,85,83),(1405,85,90),(1406,86,6),(1407,86,13),(1408,86,20),(1409,86,27),(1410,86,34),(1411,86,41),(1412,86,48),(1413,86,55),(1414,86,62),(1415,86,69),(1416,86,76),(1417,86,83),(1418,86,90),(1419,87,6),(1420,87,13),(1421,87,20),(1422,87,27),(1423,87,34),(1424,87,41),(1425,87,48),(1426,87,55),(1427,87,62),(1428,87,69),(1429,87,76),(1430,87,83),(1431,87,90),(1432,88,6),(1433,88,13),(1434,88,20),(1435,88,27),(1436,88,34),(1437,88,41),(1438,88,48),(1439,88,55),(1440,88,62),(1441,88,69),(1442,88,76),(1443,88,83),(1444,88,90),(1445,89,6),(1446,89,13),(1447,89,20),(1448,89,27),(1449,89,34),(1450,89,41),(1451,89,48),(1452,89,55),(1453,89,62),(1454,89,69),(1455,89,76),(1456,89,83),(1457,89,90),(1458,90,6),(1459,90,13),(1460,90,20),(1461,90,27),(1462,90,34),(1463,90,41),(1464,90,48),(1465,90,55),(1466,90,62),(1467,90,69),(1468,90,76),(1469,90,83),(1470,90,90),(1531,91,7),(1532,91,14),(1533,91,21),(1534,91,28),(1535,91,35),(1536,91,42),(1537,91,49),(1538,91,56),(1539,91,63),(1540,91,70),(1541,91,77),(1542,91,84),(1543,91,91),(1544,92,7),(1545,92,14),(1546,92,21),(1547,92,28),(1548,92,35),(1549,92,42),(1550,92,49),(1551,92,56),(1552,92,63),(1553,92,70),(1554,92,77),(1555,92,84),(1556,92,91),(1557,93,7),(1558,93,14),(1559,93,21),(1560,93,28),(1561,93,35),(1562,93,42),(1563,93,49),(1564,93,56),(1565,93,63),(1566,93,70),(1567,93,77),(1568,93,84),(1569,93,91),(1570,94,7),(1571,94,14),(1572,94,21),(1573,94,28),(1574,94,35),(1575,94,42),(1576,94,49),(1577,94,56),(1578,94,63),(1579,94,70),(1580,94,77),(1581,94,84),(1582,94,91),(1583,95,7),(1584,95,14),(1585,95,21),(1586,95,28),(1587,95,35),(1588,95,42),(1589,95,49),(1590,95,56),(1591,95,63),(1592,95,70),(1593,95,77),(1594,95,84),(1595,95,91),(1596,96,7),(1597,96,14),(1598,96,21),(1599,96,28),(1600,96,35),(1601,96,42),(1602,96,49),(1603,96,56),(1604,96,63),(1605,96,70),(1606,96,77),(1607,96,84),(1608,96,91),(1609,97,7),(1610,97,14),(1611,97,21),(1612,97,28),(1613,97,35),(1614,97,42),(1615,97,49),(1616,97,56),(1617,97,63),(1618,97,70),(1619,97,77),(1620,97,84),(1621,97,91),(1622,98,7),(1623,98,14),(1624,98,21),(1625,98,28),(1626,98,35),(1627,98,42),(1628,98,49),(1629,98,56),(1630,98,63),(1631,98,70),(1632,98,77),(1633,98,84),(1634,98,91),(1635,99,7),(1636,99,14),(1637,99,21),(1638,99,28),(1639,99,35),(1640,99,42),(1641,99,49),(1642,99,56),(1643,99,63),(1644,99,70),(1645,99,77),(1646,99,84),(1647,99,91),(1648,100,7),(1649,100,14),(1650,100,21),(1651,100,28),(1652,100,35),(1653,100,42),(1654,100,49),(1655,100,56),(1656,100,63),(1657,100,70),(1658,100,77),(1659,100,84),(1660,100,91),(1661,101,7),(1662,101,14),(1663,101,21),(1664,101,28),(1665,101,35),(1666,101,42),(1667,101,49),(1668,101,56),(1669,101,63),(1670,101,70),(1671,101,77),(1672,101,84),(1673,101,91),(1674,102,7),(1675,102,14),(1676,102,21),(1677,102,28),(1678,102,35),(1679,102,42),(1680,102,49),(1681,102,56),(1682,102,63),(1683,102,70),(1684,102,77),(1685,102,84),(1686,102,91),(1687,103,7),(1688,103,14),(1689,103,21),(1690,103,28),(1691,103,35),(1692,103,42),(1693,103,49),(1694,103,56),(1695,103,63),(1696,103,70),(1697,103,77),(1698,103,84),(1699,103,91),(1700,104,7),(1701,104,14),(1702,104,21),(1703,104,28),(1704,104,35),(1705,104,42),(1706,104,49),(1707,104,56),(1708,104,63),(1709,104,70),(1710,104,77),(1711,104,84),(1712,104,91),(1713,105,7),(1714,105,14),(1715,105,21),(1716,105,28),(1717,105,35),(1718,105,42),(1719,105,49),(1720,105,56),(1721,105,63),(1722,105,70),(1723,105,77),(1724,105,84),(1725,105,91),(1786,106,92),(1787,106,99),(1788,106,106),(1789,106,113),(1790,106,120),(1791,106,127),(1792,106,134),(1793,106,141),(1794,106,148),(1795,106,155),(1796,106,162),(1797,106,169),(1798,106,176),(1799,107,92),(1800,107,99),(1801,107,106),(1802,107,113),(1803,107,120),(1804,107,127),(1805,107,134),(1806,107,141),(1807,107,148),(1808,107,155),(1809,107,162),(1810,107,169),(1811,107,176),(1812,108,92),(1813,108,99),(1814,108,106),(1815,108,113),(1816,108,120),(1817,108,127),(1818,108,134),(1819,108,141),(1820,108,148),(1821,108,155),(1822,108,162),(1823,108,169),(1824,108,176),(1825,109,92),(1826,109,99),(1827,109,106),(1828,109,113),(1829,109,120),(1830,109,127),(1831,109,134),(1832,109,141),(1833,109,148),(1834,109,155),(1835,109,162),(1836,109,169),(1837,109,176),(1838,110,92),(1839,110,99),(1840,110,106),(1841,110,113),(1842,110,120),(1843,110,127),(1844,110,134),(1845,110,141),(1846,110,148),(1847,110,155),(1848,110,162),(1849,110,169),(1850,110,176),(1851,111,92),(1852,111,99),(1853,111,106),(1854,111,113),(1855,111,120),(1856,111,127),(1857,111,134),(1858,111,141),(1859,111,148),(1860,111,155),(1861,111,162),(1862,111,169),(1863,111,176),(1864,112,92),(1865,112,99),(1866,112,106),(1867,112,113),(1868,112,120),(1869,112,127),(1870,112,134),(1871,112,141),(1872,112,148),(1873,112,155),(1874,112,162),(1875,112,169),(1876,112,176),(1877,113,92),(1878,113,99),(1879,113,106),(1880,113,113),(1881,113,120),(1882,113,127),(1883,113,134),(1884,113,141),(1885,113,148),(1886,113,155),(1887,113,162),(1888,113,169),(1889,113,176),(1890,114,92),(1891,114,99),(1892,114,106),(1893,114,113),(1894,114,120),(1895,114,127),(1896,114,134),(1897,114,141),(1898,114,148),(1899,114,155),(1900,114,162),(1901,114,169),(1902,114,176),(1903,115,92),(1904,115,99),(1905,115,106),(1906,115,113),(1907,115,120),(1908,115,127),(1909,115,134),(1910,115,141),(1911,115,148),(1912,115,155),(1913,115,162),(1914,115,169),(1915,115,176),(1916,116,92),(1917,116,99),(1918,116,106),(1919,116,113),(1920,116,120),(1921,116,127),(1922,116,134),(1923,116,141),(1924,116,148),(1925,116,155),(1926,116,162),(1927,116,169),(1928,116,176),(1929,117,92),(1930,117,99),(1931,117,106),(1932,117,113),(1933,117,120),(1934,117,127),(1935,117,134),(1936,117,141),(1937,117,148),(1938,117,155),(1939,117,162),(1940,117,169),(1941,117,176),(1942,118,92),(1943,118,99),(1944,118,106),(1945,118,113),(1946,118,120),(1947,118,127),(1948,118,134),(1949,118,141),(1950,118,148),(1951,118,155),(1952,118,162),(1953,118,169),(1954,118,176),(1955,119,92),(1956,119,99),(1957,119,106),(1958,119,113),(1959,119,120),(1960,119,127),(1961,119,134),(1962,119,141),(1963,119,148),(1964,119,155),(1965,119,162),(1966,119,169),(1967,119,176),(1968,120,92),(1969,120,99),(1970,120,106),(1971,120,113),(1972,120,120),(1973,120,127),(1974,120,134),(1975,120,141),(1976,120,148),(1977,120,155),(1978,120,162),(1979,120,169),(1980,120,176),(2041,121,93),(2042,121,100),(2043,121,107),(2044,121,114),(2045,121,121),(2046,121,128),(2047,121,135),(2048,121,142),(2049,121,149),(2050,121,156),(2051,121,163),(2052,121,170),(2053,121,177),(2054,122,93),(2055,122,100),(2056,122,107),(2057,122,114),(2058,122,121),(2059,122,128),(2060,122,135),(2061,122,142),(2062,122,149),(2063,122,156),(2064,122,163),(2065,122,170),(2066,122,177),(2067,123,93),(2068,123,100),(2069,123,107),(2070,123,114),(2071,123,121),(2072,123,128),(2073,123,135),(2074,123,142),(2075,123,149),(2076,123,156),(2077,123,163),(2078,123,170),(2079,123,177),(2080,124,93),(2081,124,100),(2082,124,107),(2083,124,114),(2084,124,121),(2085,124,128),(2086,124,135),(2087,124,142),(2088,124,149),(2089,124,156),(2090,124,163),(2091,124,170),(2092,124,177),(2093,125,93),(2094,125,100),(2095,125,107),(2096,125,114),(2097,125,121),(2098,125,128),(2099,125,135),(2100,125,142),(2101,125,149),(2102,125,156),(2103,125,163),(2104,125,170),(2105,125,177),(2106,126,93),(2107,126,100),(2108,126,107),(2109,126,114),(2110,126,121),(2111,126,128),(2112,126,135),(2113,126,142),(2114,126,149),(2115,126,156),(2116,126,163),(2117,126,170),(2118,126,177),(2119,127,93),(2120,127,100),(2121,127,107),(2122,127,114),(2123,127,121),(2124,127,128),(2125,127,135),(2126,127,142),(2127,127,149),(2128,127,156),(2129,127,163),(2130,127,170),(2131,127,177),(2132,128,93),(2133,128,100),(2134,128,107),(2135,128,114),(2136,128,121),(2137,128,128),(2138,128,135),(2139,128,142),(2140,128,149),(2141,128,156),(2142,128,163),(2143,128,170),(2144,128,177),(2145,129,93),(2146,129,100),(2147,129,107),(2148,129,114),(2149,129,121),(2150,129,128),(2151,129,135),(2152,129,142),(2153,129,149),(2154,129,156),(2155,129,163),(2156,129,170),(2157,129,177),(2158,130,93),(2159,130,100),(2160,130,107),(2161,130,114),(2162,130,121),(2163,130,128),(2164,130,135),(2165,130,142),(2166,130,149),(2167,130,156),(2168,130,163),(2169,130,170),(2170,130,177),(2171,131,93),(2172,131,100),(2173,131,107),(2174,131,114),(2175,131,121),(2176,131,128),(2177,131,135),(2178,131,142),(2179,131,149),(2180,131,156),(2181,131,163),(2182,131,170),(2183,131,177),(2184,132,93),(2185,132,100),(2186,132,107),(2187,132,114),(2188,132,121),(2189,132,128),(2190,132,135),(2191,132,142),(2192,132,149),(2193,132,156),(2194,132,163),(2195,132,170),(2196,132,177),(2197,133,93),(2198,133,100),(2199,133,107),(2200,133,114),(2201,133,121),(2202,133,128),(2203,133,135),(2204,133,142),(2205,133,149),(2206,133,156),(2207,133,163),(2208,133,170),(2209,133,177),(2210,134,93),(2211,134,100),(2212,134,107),(2213,134,114),(2214,134,121),(2215,134,128),(2216,134,135),(2217,134,142),(2218,134,149),(2219,134,156),(2220,134,163),(2221,134,170),(2222,134,177),(2223,135,93),(2224,135,100),(2225,135,107),(2226,135,114),(2227,135,121),(2228,135,128),(2229,135,135),(2230,135,142),(2231,135,149),(2232,135,156),(2233,135,163),(2234,135,170),(2235,135,177),(2296,136,94),(2297,136,101),(2298,136,108),(2299,136,115),(2300,136,122),(2301,136,129),(2302,136,136),(2303,136,143),(2304,136,150),(2305,136,157),(2306,136,164),(2307,136,171),(2308,136,178),(2309,137,94),(2310,137,101),(2311,137,108),(2312,137,115),(2313,137,122),(2314,137,129),(2315,137,136),(2316,137,143),(2317,137,150),(2318,137,157),(2319,137,164),(2320,137,171),(2321,137,178),(2322,138,94),(2323,138,101),(2324,138,108),(2325,138,115),(2326,138,122),(2327,138,129),(2328,138,136),(2329,138,143),(2330,138,150),(2331,138,157),(2332,138,164),(2333,138,171),(2334,138,178),(2335,139,94),(2336,139,101),(2337,139,108),(2338,139,115),(2339,139,122),(2340,139,129),(2341,139,136),(2342,139,143),(2343,139,150),(2344,139,157),(2345,139,164),(2346,139,171),(2347,139,178),(2348,140,94),(2349,140,101),(2350,140,108),(2351,140,115),(2352,140,122),(2353,140,129),(2354,140,136),(2355,140,143),(2356,140,150),(2357,140,157),(2358,140,164),(2359,140,171),(2360,140,178),(2361,141,94),(2362,141,101),(2363,141,108),(2364,141,115),(2365,141,122),(2366,141,129),(2367,141,136),(2368,141,143),(2369,141,150),(2370,141,157),(2371,141,164),(2372,141,171),(2373,141,178),(2374,142,94),(2375,142,101),(2376,142,108),(2377,142,115),(2378,142,122),(2379,142,129),(2380,142,136),(2381,142,143),(2382,142,150),(2383,142,157),(2384,142,164),(2385,142,171),(2386,142,178),(2387,143,94),(2388,143,101),(2389,143,108),(2390,143,115),(2391,143,122),(2392,143,129),(2393,143,136),(2394,143,143),(2395,143,150),(2396,143,157),(2397,143,164),(2398,143,171),(2399,143,178),(2400,144,94),(2401,144,101),(2402,144,108),(2403,144,115),(2404,144,122),(2405,144,129),(2406,144,136),(2407,144,143),(2408,144,150),(2409,144,157),(2410,144,164),(2411,144,171),(2412,144,178),(2413,145,94),(2414,145,101),(2415,145,108),(2416,145,115),(2417,145,122),(2418,145,129),(2419,145,136),(2420,145,143),(2421,145,150),(2422,145,157),(2423,145,164),(2424,145,171),(2425,145,178),(2426,146,94),(2427,146,101),(2428,146,108),(2429,146,115),(2430,146,122),(2431,146,129),(2432,146,136),(2433,146,143),(2434,146,150),(2435,146,157),(2436,146,164),(2437,146,171),(2438,146,178),(2439,147,94),(2440,147,101),(2441,147,108),(2442,147,115),(2443,147,122),(2444,147,129),(2445,147,136),(2446,147,143),(2447,147,150),(2448,147,157),(2449,147,164),(2450,147,171),(2451,147,178),(2452,148,94),(2453,148,101),(2454,148,108),(2455,148,115),(2456,148,122),(2457,148,129),(2458,148,136),(2459,148,143),(2460,148,150),(2461,148,157),(2462,148,164),(2463,148,171),(2464,148,178),(2465,149,94),(2466,149,101),(2467,149,108),(2468,149,115),(2469,149,122),(2470,149,129),(2471,149,136),(2472,149,143),(2473,149,150),(2474,149,157),(2475,149,164),(2476,149,171),(2477,149,178),(2478,150,94),(2479,150,101),(2480,150,108),(2481,150,115),(2482,150,122),(2483,150,129),(2484,150,136),(2485,150,143),(2486,150,150),(2487,150,157),(2488,150,164),(2489,150,171),(2490,150,178),(2551,151,95),(2552,151,102),(2553,151,109),(2554,151,116),(2555,151,123),(2556,151,130),(2557,151,137),(2558,151,144),(2559,151,151),(2560,151,158),(2561,151,165),(2562,151,172),(2563,151,179),(2564,152,95),(2565,152,102),(2566,152,109),(2567,152,116),(2568,152,123),(2569,152,130),(2570,152,137),(2571,152,144),(2572,152,151),(2573,152,158),(2574,152,165),(2575,152,172),(2576,152,179),(2577,153,95),(2578,153,102),(2579,153,109),(2580,153,116),(2581,153,123),(2582,153,130),(2583,153,137),(2584,153,144),(2585,153,151),(2586,153,158),(2587,153,165),(2588,153,172),(2589,153,179),(2590,154,95),(2591,154,102),(2592,154,109),(2593,154,116),(2594,154,123),(2595,154,130),(2596,154,137),(2597,154,144),(2598,154,151),(2599,154,158),(2600,154,165),(2601,154,172),(2602,154,179),(2603,155,95),(2604,155,102),(2605,155,109),(2606,155,116),(2607,155,123),(2608,155,130),(2609,155,137),(2610,155,144),(2611,155,151),(2612,155,158),(2613,155,165),(2614,155,172),(2615,155,179),(2616,156,95),(2617,156,102),(2618,156,109),(2619,156,116),(2620,156,123),(2621,156,130),(2622,156,137),(2623,156,144),(2624,156,151),(2625,156,158),(2626,156,165),(2627,156,172),(2628,156,179),(2629,157,95),(2630,157,102),(2631,157,109),(2632,157,116),(2633,157,123),(2634,157,130),(2635,157,137),(2636,157,144),(2637,157,151),(2638,157,158),(2639,157,165),(2640,157,172),(2641,157,179),(2642,158,95),(2643,158,102),(2644,158,109),(2645,158,116),(2646,158,123),(2647,158,130),(2648,158,137),(2649,158,144),(2650,158,151),(2651,158,158),(2652,158,165),(2653,158,172),(2654,158,179),(2655,159,95),(2656,159,102),(2657,159,109),(2658,159,116),(2659,159,123),(2660,159,130),(2661,159,137),(2662,159,144),(2663,159,151),(2664,159,158),(2665,159,165),(2666,159,172),(2667,159,179),(2668,160,95),(2669,160,102),(2670,160,109),(2671,160,116),(2672,160,123),(2673,160,130),(2674,160,137),(2675,160,144),(2676,160,151),(2677,160,158),(2678,160,165),(2679,160,172),(2680,160,179),(2681,161,95),(2682,161,102),(2683,161,109),(2684,161,116),(2685,161,123),(2686,161,130),(2687,161,137),(2688,161,144),(2689,161,151),(2690,161,158),(2691,161,165),(2692,161,172),(2693,161,179),(2694,162,95),(2695,162,102),(2696,162,109),(2697,162,116),(2698,162,123),(2699,162,130),(2700,162,137),(2701,162,144),(2702,162,151),(2703,162,158),(2704,162,165),(2705,162,172),(2706,162,179),(2707,163,95),(2708,163,102),(2709,163,109),(2710,163,116),(2711,163,123),(2712,163,130),(2713,163,137),(2714,163,144),(2715,163,151),(2716,163,158),(2717,163,165),(2718,163,172),(2719,163,179),(2720,164,95),(2721,164,102),(2722,164,109),(2723,164,116),(2724,164,123),(2725,164,130),(2726,164,137),(2727,164,144),(2728,164,151),(2729,164,158),(2730,164,165),(2731,164,172),(2732,164,179),(2733,165,95),(2734,165,102),(2735,165,109),(2736,165,116),(2737,165,123),(2738,165,130),(2739,165,137),(2740,165,144),(2741,165,151),(2742,165,158),(2743,165,165),(2744,165,172),(2745,165,179),(2806,166,96),(2807,166,103),(2808,166,110),(2809,166,117),(2810,166,124),(2811,166,131),(2812,166,138),(2813,166,145),(2814,166,152),(2815,166,159),(2816,166,166),(2817,166,173),(2818,166,180),(2819,167,96),(2820,167,103),(2821,167,110),(2822,167,117),(2823,167,124),(2824,167,131),(2825,167,138),(2826,167,145),(2827,167,152),(2828,167,159),(2829,167,166),(2830,167,173),(2831,167,180),(2832,168,96),(2833,168,103),(2834,168,110),(2835,168,117),(2836,168,124),(2837,168,131),(2838,168,138),(2839,168,145),(2840,168,152),(2841,168,159),(2842,168,166),(2843,168,173),(2844,168,180),(2845,169,96),(2846,169,103),(2847,169,110),(2848,169,117),(2849,169,124),(2850,169,131),(2851,169,138),(2852,169,145),(2853,169,152),(2854,169,159),(2855,169,166),(2856,169,173),(2857,169,180),(2858,170,96),(2859,170,103),(2860,170,110),(2861,170,117),(2862,170,124),(2863,170,131),(2864,170,138),(2865,170,145),(2866,170,152),(2867,170,159),(2868,170,166),(2869,170,173),(2870,170,180),(2871,171,96),(2872,171,103),(2873,171,110),(2874,171,117),(2875,171,124),(2876,171,131),(2877,171,138),(2878,171,145),(2879,171,152),(2880,171,159),(2881,171,166),(2882,171,173),(2883,171,180),(2884,172,96),(2885,172,103),(2886,172,110),(2887,172,117),(2888,172,124),(2889,172,131),(2890,172,138),(2891,172,145),(2892,172,152),(2893,172,159),(2894,172,166),(2895,172,173),(2896,172,180),(2897,173,96),(2898,173,103),(2899,173,110),(2900,173,117),(2901,173,124),(2902,173,131),(2903,173,138),(2904,173,145),(2905,173,152),(2906,173,159),(2907,173,166),(2908,173,173),(2909,173,180),(2910,174,96),(2911,174,103),(2912,174,110),(2913,174,117),(2914,174,124),(2915,174,131),(2916,174,138),(2917,174,145),(2918,174,152),(2919,174,159),(2920,174,166),(2921,174,173),(2922,174,180),(2923,175,96),(2924,175,103),(2925,175,110),(2926,175,117),(2927,175,124),(2928,175,131),(2929,175,138),(2930,175,145),(2931,175,152),(2932,175,159),(2933,175,166),(2934,175,173),(2935,175,180),(2936,176,96),(2937,176,103),(2938,176,110),(2939,176,117),(2940,176,124),(2941,176,131),(2942,176,138),(2943,176,145),(2944,176,152),(2945,176,159),(2946,176,166),(2947,176,173),(2948,176,180),(2949,177,96),(2950,177,103),(2951,177,110),(2952,177,117),(2953,177,124),(2954,177,131),(2955,177,138),(2956,177,145),(2957,177,152),(2958,177,159),(2959,177,166),(2960,177,173),(2961,177,180),(2962,178,96),(2963,178,103),(2964,178,110),(2965,178,117),(2966,178,124),(2967,178,131),(2968,178,138),(2969,178,145),(2970,178,152),(2971,178,159),(2972,178,166),(2973,178,173),(2974,178,180),(2975,179,96),(2976,179,103),(2977,179,110),(2978,179,117),(2979,179,124),(2980,179,131),(2981,179,138),(2982,179,145),(2983,179,152),(2984,179,159),(2985,179,166),(2986,179,173),(2987,179,180),(2988,180,96),(2989,180,103),(2990,180,110),(2991,180,117),(2992,180,124),(2993,180,131),(2994,180,138),(2995,180,145),(2996,180,152),(2997,180,159),(2998,180,166),(2999,180,173),(3000,180,180),(3061,181,97),(3062,181,104),(3063,181,111),(3064,181,118),(3065,181,125),(3066,181,132),(3067,181,139),(3068,181,146),(3069,181,153),(3070,181,160),(3071,181,167),(3072,181,174),(3073,181,181),(3074,182,97),(3075,182,104),(3076,182,111),(3077,182,118),(3078,182,125),(3079,182,132),(3080,182,139),(3081,182,146),(3082,182,153),(3083,182,160),(3084,182,167),(3085,182,174),(3086,182,181),(3087,183,97),(3088,183,104),(3089,183,111),(3090,183,118),(3091,183,125),(3092,183,132),(3093,183,139),(3094,183,146),(3095,183,153),(3096,183,160),(3097,183,167),(3098,183,174),(3099,183,181),(3100,184,97),(3101,184,104),(3102,184,111),(3103,184,118),(3104,184,125),(3105,184,132),(3106,184,139),(3107,184,146),(3108,184,153),(3109,184,160),(3110,184,167),(3111,184,174),(3112,184,181),(3113,185,97),(3114,185,104),(3115,185,111),(3116,185,118),(3117,185,125),(3118,185,132),(3119,185,139),(3120,185,146),(3121,185,153),(3122,185,160),(3123,185,167),(3124,185,174),(3125,185,181),(3126,186,97),(3127,186,104),(3128,186,111),(3129,186,118),(3130,186,125),(3131,186,132),(3132,186,139),(3133,186,146),(3134,186,153),(3135,186,160),(3136,186,167),(3137,186,174),(3138,186,181),(3139,187,97),(3140,187,104),(3141,187,111),(3142,187,118),(3143,187,125),(3144,187,132),(3145,187,139),(3146,187,146),(3147,187,153),(3148,187,160),(3149,187,167),(3150,187,174),(3151,187,181),(3152,188,97),(3153,188,104),(3154,188,111),(3155,188,118),(3156,188,125),(3157,188,132),(3158,188,139),(3159,188,146),(3160,188,153),(3161,188,160),(3162,188,167),(3163,188,174),(3164,188,181),(3165,189,97),(3166,189,104),(3167,189,111),(3168,189,118),(3169,189,125),(3170,189,132),(3171,189,139),(3172,189,146),(3173,189,153),(3174,189,160),(3175,189,167),(3176,189,174),(3177,189,181),(3178,190,97),(3179,190,104),(3180,190,111),(3181,190,118),(3182,190,125),(3183,190,132),(3184,190,139),(3185,190,146),(3186,190,153),(3187,190,160),(3188,190,167),(3189,190,174),(3190,190,181),(3191,191,97),(3192,191,104),(3193,191,111),(3194,191,118),(3195,191,125),(3196,191,132),(3197,191,139),(3198,191,146),(3199,191,153),(3200,191,160),(3201,191,167),(3202,191,174),(3203,191,181),(3204,192,97),(3205,192,104),(3206,192,111),(3207,192,118),(3208,192,125),(3209,192,132),(3210,192,139),(3211,192,146),(3212,192,153),(3213,192,160),(3214,192,167),(3215,192,174),(3216,192,181),(3217,193,97),(3218,193,104),(3219,193,111),(3220,193,118),(3221,193,125),(3222,193,132),(3223,193,139),(3224,193,146),(3225,193,153),(3226,193,160),(3227,193,167),(3228,193,174),(3229,193,181),(3230,194,97),(3231,194,104),(3232,194,111),(3233,194,118),(3234,194,125),(3235,194,132),(3236,194,139),(3237,194,146),(3238,194,153),(3239,194,160),(3240,194,167),(3241,194,174),(3242,194,181),(3243,195,97),(3244,195,104),(3245,195,111),(3246,195,118),(3247,195,125),(3248,195,132),(3249,195,139),(3250,195,146),(3251,195,153),(3252,195,160),(3253,195,167),(3254,195,174),(3255,195,181),(3316,196,98),(3317,196,105),(3318,196,112),(3319,196,119),(3320,196,126),(3321,196,133),(3322,196,140),(3323,196,147),(3324,196,154),(3325,196,161),(3326,196,168),(3327,196,175),(3328,196,182),(3329,197,98),(3330,197,105),(3331,197,112),(3332,197,119),(3333,197,126),(3334,197,133),(3335,197,140),(3336,197,147),(3337,197,154),(3338,197,161),(3339,197,168),(3340,197,175),(3341,197,182),(3342,198,98),(3343,198,105),(3344,198,112),(3345,198,119),(3346,198,126),(3347,198,133),(3348,198,140),(3349,198,147),(3350,198,154),(3351,198,161),(3352,198,168),(3353,198,175),(3354,198,182),(3355,199,98),(3356,199,105),(3357,199,112),(3358,199,119),(3359,199,126),(3360,199,133),(3361,199,140),(3362,199,147),(3363,199,154),(3364,199,161),(3365,199,168),(3366,199,175),(3367,199,182),(3368,200,98),(3369,200,105),(3370,200,112),(3371,200,119),(3372,200,126),(3373,200,133),(3374,200,140),(3375,200,147),(3376,200,154),(3377,200,161),(3378,200,168),(3379,200,175),(3380,200,182),(3381,201,98),(3382,201,105),(3383,201,112),(3384,201,119),(3385,201,126),(3386,201,133),(3387,201,140),(3388,201,147),(3389,201,154),(3390,201,161),(3391,201,168),(3392,201,175),(3393,201,182),(3394,202,98),(3395,202,105),(3396,202,112),(3397,202,119),(3398,202,126),(3399,202,133),(3400,202,140),(3401,202,147),(3402,202,154),(3403,202,161),(3404,202,168),(3405,202,175),(3406,202,182),(3407,203,98),(3408,203,105),(3409,203,112),(3410,203,119),(3411,203,126),(3412,203,133),(3413,203,140),(3414,203,147),(3415,203,154),(3416,203,161),(3417,203,168),(3418,203,175),(3419,203,182),(3420,204,98),(3421,204,105),(3422,204,112),(3423,204,119),(3424,204,126),(3425,204,133),(3426,204,140),(3427,204,147),(3428,204,154),(3429,204,161),(3430,204,168),(3431,204,175),(3432,204,182),(3433,205,98),(3434,205,105),(3435,205,112),(3436,205,119),(3437,205,126),(3438,205,133),(3439,205,140),(3440,205,147),(3441,205,154),(3442,205,161),(3443,205,168),(3444,205,175),(3445,205,182),(3446,206,98),(3447,206,105),(3448,206,112),(3449,206,119),(3450,206,126),(3451,206,133),(3452,206,140),(3453,206,147),(3454,206,154),(3455,206,161),(3456,206,168),(3457,206,175),(3458,206,182),(3459,207,98),(3460,207,105),(3461,207,112),(3462,207,119),(3463,207,126),(3464,207,133),(3465,207,140),(3466,207,147),(3467,207,154),(3468,207,161),(3469,207,168),(3470,207,175),(3471,207,182),(3472,208,98),(3473,208,105),(3474,208,112),(3475,208,119),(3476,208,126),(3477,208,133),(3478,208,140),(3479,208,147),(3480,208,154),(3481,208,161),(3482,208,168),(3483,208,175),(3484,208,182),(3485,209,98),(3486,209,105),(3487,209,112),(3488,209,119),(3489,209,126),(3490,209,133),(3491,209,140),(3492,209,147),(3493,209,154),(3494,209,161),(3495,209,168),(3496,209,175),(3497,209,182),(3498,210,98),(3499,210,105),(3500,210,112),(3501,210,119),(3502,210,126),(3503,210,133),(3504,210,140),(3505,210,147),(3506,210,154),(3507,210,161),(3508,210,168),(3509,210,175),(3510,210,182),(3571,211,183),(3572,211,196),(3573,211,209),(3574,211,222),(3575,211,235),(3576,211,248),(3577,211,261),(3578,211,274),(3579,211,287),(3580,211,300),(3581,211,313),(3582,211,326),(3583,211,339),(3584,211,352),(3585,211,365),(3586,211,378),(3587,212,183),(3588,212,196),(3589,212,209),(3590,212,222),(3591,212,235),(3592,212,248),(3593,212,261),(3594,212,274),(3595,212,287),(3596,212,300),(3597,212,313),(3598,212,326),(3599,212,339),(3600,212,352),(3601,212,365),(3602,212,378),(3603,213,183),(3604,213,196),(3605,213,209),(3606,213,222),(3607,213,235),(3608,213,248),(3609,213,261),(3610,213,274),(3611,213,287),(3612,213,300),(3613,213,313),(3614,213,326),(3615,213,339),(3616,213,352),(3617,213,365),(3618,213,378),(3619,214,183),(3620,214,196),(3621,214,209),(3622,214,222),(3623,214,235),(3624,214,248),(3625,214,261),(3626,214,274),(3627,214,287),(3628,214,300),(3629,214,313),(3630,214,326),(3631,214,339),(3632,214,352),(3633,214,365),(3634,214,378),(3635,215,183),(3636,215,196),(3637,215,209),(3638,215,222),(3639,215,235),(3640,215,248),(3641,215,261),(3642,215,274),(3643,215,287),(3644,215,300),(3645,215,313),(3646,215,326),(3647,215,339),(3648,215,352),(3649,215,365),(3650,215,378),(3651,216,183),(3652,216,196),(3653,216,209),(3654,216,222),(3655,216,235),(3656,216,248),(3657,216,261),(3658,216,274),(3659,216,287),(3660,216,300),(3661,216,313),(3662,216,326),(3663,216,339),(3664,216,352),(3665,216,365),(3666,216,378),(3667,217,183),(3668,217,196),(3669,217,209),(3670,217,222),(3671,217,235),(3672,217,248),(3673,217,261),(3674,217,274),(3675,217,287),(3676,217,300),(3677,217,313),(3678,217,326),(3679,217,339),(3680,217,352),(3681,217,365),(3682,217,378),(3683,218,183),(3684,218,196),(3685,218,209),(3686,218,222),(3687,218,235),(3688,218,248),(3689,218,261),(3690,218,274),(3691,218,287),(3692,218,300),(3693,218,313),(3694,218,326),(3695,218,339),(3696,218,352),(3697,218,365),(3698,218,378),(3699,219,183),(3700,219,196),(3701,219,209),(3702,219,222),(3703,219,235),(3704,219,248),(3705,219,261),(3706,219,274),(3707,219,287),(3708,219,300),(3709,219,313),(3710,219,326),(3711,219,339),(3712,219,352),(3713,219,365),(3714,219,378),(3715,220,183),(3716,220,196),(3717,220,209),(3718,220,222),(3719,220,235),(3720,220,248),(3721,220,261),(3722,220,274),(3723,220,287),(3724,220,300),(3725,220,313),(3726,220,326),(3727,220,339),(3728,220,352),(3729,220,365),(3730,220,378),(3731,221,183),(3732,221,196),(3733,221,209),(3734,221,222),(3735,221,235),(3736,221,248),(3737,221,261),(3738,221,274),(3739,221,287),(3740,221,300),(3741,221,313),(3742,221,326),(3743,221,339),(3744,221,352),(3745,221,365),(3746,221,378),(3747,222,183),(3748,222,196),(3749,222,209),(3750,222,222),(3751,222,235),(3752,222,248),(3753,222,261),(3754,222,274),(3755,222,287),(3756,222,300),(3757,222,313),(3758,222,326),(3759,222,339),(3760,222,352),(3761,222,365),(3762,222,378),(3763,223,183),(3764,223,196),(3765,223,209),(3766,223,222),(3767,223,235),(3768,223,248),(3769,223,261),(3770,223,274),(3771,223,287),(3772,223,300),(3773,223,313),(3774,223,326),(3775,223,339),(3776,223,352),(3777,223,365),(3778,223,378),(3779,224,183),(3780,224,196),(3781,224,209),(3782,224,222),(3783,224,235),(3784,224,248),(3785,224,261),(3786,224,274),(3787,224,287),(3788,224,300),(3789,224,313),(3790,224,326),(3791,224,339),(3792,224,352),(3793,224,365),(3794,224,378),(3795,225,183),(3796,225,196),(3797,225,209),(3798,225,222),(3799,225,235),(3800,225,248),(3801,225,261),(3802,225,274),(3803,225,287),(3804,225,300),(3805,225,313),(3806,225,326),(3807,225,339),(3808,225,352),(3809,225,365),(3810,225,378),(3826,226,184),(3827,226,197),(3828,226,210),(3829,226,223),(3830,226,236),(3831,226,249),(3832,226,262),(3833,226,275),(3834,226,288),(3835,226,301),(3836,226,314),(3837,226,327),(3838,226,340),(3839,226,353),(3840,226,366),(3841,226,379),(3842,227,184),(3843,227,197),(3844,227,210),(3845,227,223),(3846,227,236),(3847,227,249),(3848,227,262),(3849,227,275),(3850,227,288),(3851,227,301),(3852,227,314),(3853,227,327),(3854,227,340),(3855,227,353),(3856,227,366),(3857,227,379),(3858,228,184),(3859,228,197),(3860,228,210),(3861,228,223),(3862,228,236),(3863,228,249),(3864,228,262),(3865,228,275),(3866,228,288),(3867,228,301),(3868,228,314),(3869,228,327),(3870,228,340),(3871,228,353),(3872,228,366),(3873,228,379),(3874,229,184),(3875,229,197),(3876,229,210),(3877,229,223),(3878,229,236),(3879,229,249),(3880,229,262),(3881,229,275),(3882,229,288),(3883,229,301),(3884,229,314),(3885,229,327),(3886,229,340),(3887,229,353),(3888,229,366),(3889,229,379),(3890,230,184),(3891,230,197),(3892,230,210),(3893,230,223),(3894,230,236),(3895,230,249),(3896,230,262),(3897,230,275),(3898,230,288),(3899,230,301),(3900,230,314),(3901,230,327),(3902,230,340),(3903,230,353),(3904,230,366),(3905,230,379),(3906,231,184),(3907,231,197),(3908,231,210),(3909,231,223),(3910,231,236),(3911,231,249),(3912,231,262),(3913,231,275),(3914,231,288),(3915,231,301),(3916,231,314),(3917,231,327),(3918,231,340),(3919,231,353),(3920,231,366),(3921,231,379),(3922,232,184),(3923,232,197),(3924,232,210),(3925,232,223),(3926,232,236),(3927,232,249),(3928,232,262),(3929,232,275),(3930,232,288),(3931,232,301),(3932,232,314),(3933,232,327),(3934,232,340),(3935,232,353),(3936,232,366),(3937,232,379),(3938,233,184),(3939,233,197),(3940,233,210),(3941,233,223),(3942,233,236),(3943,233,249),(3944,233,262),(3945,233,275),(3946,233,288),(3947,233,301),(3948,233,314),(3949,233,327),(3950,233,340),(3951,233,353),(3952,233,366),(3953,233,379),(3954,234,184),(3955,234,197),(3956,234,210),(3957,234,223),(3958,234,236),(3959,234,249),(3960,234,262),(3961,234,275),(3962,234,288),(3963,234,301),(3964,234,314),(3965,234,327),(3966,234,340),(3967,234,353),(3968,234,366),(3969,234,379),(3970,235,184),(3971,235,197),(3972,235,210),(3973,235,223),(3974,235,236),(3975,235,249),(3976,235,262),(3977,235,275),(3978,235,288),(3979,235,301),(3980,235,314),(3981,235,327),(3982,235,340),(3983,235,353),(3984,235,366),(3985,235,379),(3986,236,184),(3987,236,197),(3988,236,210),(3989,236,223),(3990,236,236),(3991,236,249),(3992,236,262),(3993,236,275),(3994,236,288),(3995,236,301),(3996,236,314),(3997,236,327),(3998,236,340),(3999,236,353),(4000,236,366),(4001,236,379),(4002,237,184),(4003,237,197),(4004,237,210),(4005,237,223),(4006,237,236),(4007,237,249),(4008,237,262),(4009,237,275),(4010,237,288),(4011,237,301),(4012,237,314),(4013,237,327),(4014,237,340),(4015,237,353),(4016,237,366),(4017,237,379),(4018,238,184),(4019,238,197),(4020,238,210),(4021,238,223),(4022,238,236),(4023,238,249),(4024,238,262),(4025,238,275),(4026,238,288),(4027,238,301),(4028,238,314),(4029,238,327),(4030,238,340),(4031,238,353),(4032,238,366),(4033,238,379),(4081,239,185),(4082,239,198),(4083,239,211),(4084,239,224),(4085,239,237),(4086,239,250),(4087,239,263),(4088,239,276),(4089,239,289),(4090,239,302),(4091,239,315),(4092,239,328),(4093,239,341),(4094,239,354),(4095,239,367),(4096,239,380),(4097,240,185),(4098,240,198),(4099,240,211),(4100,240,224),(4101,240,237),(4102,240,250),(4103,240,263),(4104,240,276),(4105,240,289),(4106,240,302),(4107,240,315),(4108,240,328),(4109,240,341),(4110,240,354),(4111,240,367),(4112,240,380),(4113,241,185),(4114,241,198),(4115,241,211),(4116,241,224),(4117,241,237),(4118,241,250),(4119,241,263),(4120,241,276),(4121,241,289),(4122,241,302),(4123,241,315),(4124,241,328),(4125,241,341),(4126,241,354),(4127,241,367),(4128,241,380),(4129,242,185),(4130,242,198),(4131,242,211),(4132,242,224),(4133,242,237),(4134,242,250),(4135,242,263),(4136,242,276),(4137,242,289),(4138,242,302),(4139,242,315),(4140,242,328),(4141,242,341),(4142,242,354),(4143,242,367),(4144,242,380),(4145,243,185),(4146,243,198),(4147,243,211),(4148,243,224),(4149,243,237),(4150,243,250),(4151,243,263),(4152,243,276),(4153,243,289),(4154,243,302),(4155,243,315),(4156,243,328),(4157,243,341),(4158,243,354),(4159,243,367),(4160,243,380),(4161,244,185),(4162,244,198),(4163,244,211),(4164,244,224),(4165,244,237),(4166,244,250),(4167,244,263),(4168,244,276),(4169,244,289),(4170,244,302),(4171,244,315),(4172,244,328),(4173,244,341),(4174,244,354),(4175,244,367),(4176,244,380),(4177,245,185),(4178,245,198),(4179,245,211),(4180,245,224),(4181,245,237),(4182,245,250),(4183,245,263),(4184,245,276),(4185,245,289),(4186,245,302),(4187,245,315),(4188,245,328),(4189,245,341),(4190,245,354),(4191,245,367),(4192,245,380),(4193,246,185),(4194,246,198),(4195,246,211),(4196,246,224),(4197,246,237),(4198,246,250),(4199,246,263),(4200,246,276),(4201,246,289),(4202,246,302),(4203,246,315),(4204,246,328),(4205,246,341),(4206,246,354),(4207,246,367),(4208,246,380),(4209,247,185),(4210,247,198),(4211,247,211),(4212,247,224),(4213,247,237),(4214,247,250),(4215,247,263),(4216,247,276),(4217,247,289),(4218,247,302),(4219,247,315),(4220,247,328),(4221,247,341),(4222,247,354),(4223,247,367),(4224,247,380),(4225,248,185),(4226,248,198),(4227,248,211),(4228,248,224),(4229,248,237),(4230,248,250),(4231,248,263),(4232,248,276),(4233,248,289),(4234,248,302),(4235,248,315),(4236,248,328),(4237,248,341),(4238,248,354),(4239,248,367),(4240,248,380),(4241,249,185),(4242,249,198),(4243,249,211),(4244,249,224),(4245,249,237),(4246,249,250),(4247,249,263),(4248,249,276),(4249,249,289),(4250,249,302),(4251,249,315),(4252,249,328),(4253,249,341),(4254,249,354),(4255,249,367),(4256,249,380),(4257,250,185),(4258,250,198),(4259,250,211),(4260,250,224),(4261,250,237),(4262,250,250),(4263,250,263),(4264,250,276),(4265,250,289),(4266,250,302),(4267,250,315),(4268,250,328),(4269,250,341),(4270,250,354),(4271,250,367),(4272,250,380),(4273,251,185),(4274,251,198),(4275,251,211),(4276,251,224),(4277,251,237),(4278,251,250),(4279,251,263),(4280,251,276),(4281,251,289),(4282,251,302),(4283,251,315),(4284,251,328),(4285,251,341),(4286,251,354),(4287,251,367),(4288,251,380),(4289,252,185),(4290,252,198),(4291,252,211),(4292,252,224),(4293,252,237),(4294,252,250),(4295,252,263),(4296,252,276),(4297,252,289),(4298,252,302),(4299,252,315),(4300,252,328),(4301,252,341),(4302,252,354),(4303,252,367),(4304,252,380),(4305,253,185),(4306,253,198),(4307,253,211),(4308,253,224),(4309,253,237),(4310,253,250),(4311,253,263),(4312,253,276),(4313,253,289),(4314,253,302),(4315,253,315),(4316,253,328),(4317,253,341),(4318,253,354),(4319,253,367),(4320,253,380),(4336,254,186),(4337,254,199),(4338,254,212),(4339,254,225),(4340,254,238),(4341,254,251),(4342,254,264),(4343,254,277),(4344,254,290),(4345,254,303),(4346,254,316),(4347,254,329),(4348,254,342),(4349,254,355),(4350,254,368),(4351,254,381),(4352,255,186),(4353,255,199),(4354,255,212),(4355,255,225),(4356,255,238),(4357,255,251),(4358,255,264),(4359,255,277),(4360,255,290),(4361,255,303),(4362,255,316),(4363,255,329),(4364,255,342),(4365,255,355),(4366,255,368),(4367,255,381),(4368,256,186),(4369,256,199),(4370,256,212),(4371,256,225),(4372,256,238),(4373,256,251),(4374,256,264),(4375,256,277),(4376,256,290),(4377,256,303),(4378,256,316),(4379,256,329),(4380,256,342),(4381,256,355),(4382,256,368),(4383,256,381),(4384,257,186),(4385,257,199),(4386,257,212),(4387,257,225),(4388,257,238),(4389,257,251),(4390,257,264),(4391,257,277),(4392,257,290),(4393,257,303),(4394,257,316),(4395,257,329),(4396,257,342),(4397,257,355),(4398,257,368),(4399,257,381),(4400,258,186),(4401,258,199),(4402,258,212),(4403,258,225),(4404,258,238),(4405,258,251),(4406,258,264),(4407,258,277),(4408,258,290),(4409,258,303),(4410,258,316),(4411,258,329),(4412,258,342),(4413,258,355),(4414,258,368),(4415,258,381),(4416,259,186),(4417,259,199),(4418,259,212),(4419,259,225),(4420,259,238),(4421,259,251),(4422,259,264),(4423,259,277),(4424,259,290),(4425,259,303),(4426,259,316),(4427,259,329),(4428,259,342),(4429,259,355),(4430,259,368),(4431,259,381),(4432,260,186),(4433,260,199),(4434,260,212),(4435,260,225),(4436,260,238),(4437,260,251),(4438,260,264),(4439,260,277),(4440,260,290),(4441,260,303),(4442,260,316),(4443,260,329),(4444,260,342),(4445,260,355),(4446,260,368),(4447,260,381),(4448,261,186),(4449,261,199),(4450,261,212),(4451,261,225),(4452,261,238),(4453,261,251),(4454,261,264),(4455,261,277),(4456,261,290),(4457,261,303),(4458,261,316),(4459,261,329),(4460,261,342),(4461,261,355),(4462,261,368),(4463,261,381),(4464,262,186),(4465,262,199),(4466,262,212),(4467,262,225),(4468,262,238),(4469,262,251),(4470,262,264),(4471,262,277),(4472,262,290),(4473,262,303),(4474,262,316),(4475,262,329),(4476,262,342),(4477,262,355),(4478,262,368),(4479,262,381),(4480,263,186),(4481,263,199),(4482,263,212),(4483,263,225),(4484,263,238),(4485,263,251),(4486,263,264),(4487,263,277),(4488,263,290),(4489,263,303),(4490,263,316),(4491,263,329),(4492,263,342),(4493,263,355),(4494,263,368),(4495,263,381),(4496,264,186),(4497,264,199),(4498,264,212),(4499,264,225),(4500,264,238),(4501,264,251),(4502,264,264),(4503,264,277),(4504,264,290),(4505,264,303),(4506,264,316),(4507,264,329),(4508,264,342),(4509,264,355),(4510,264,368),(4511,264,381),(4512,265,186),(4513,265,199),(4514,265,212),(4515,265,225),(4516,265,238),(4517,265,251),(4518,265,264),(4519,265,277),(4520,265,290),(4521,265,303),(4522,265,316),(4523,265,329),(4524,265,342),(4525,265,355),(4526,265,368),(4527,265,381),(4528,266,186),(4529,266,199),(4530,266,212),(4531,266,225),(4532,266,238),(4533,266,251),(4534,266,264),(4535,266,277),(4536,266,290),(4537,266,303),(4538,266,316),(4539,266,329),(4540,266,342),(4541,266,355),(4542,266,368),(4543,266,381),(4544,267,186),(4545,267,199),(4546,267,212),(4547,267,225),(4548,267,238),(4549,267,251),(4550,267,264),(4551,267,277),(4552,267,290),(4553,267,303),(4554,267,316),(4555,267,329),(4556,267,342),(4557,267,355),(4558,267,368),(4559,267,381),(4560,268,186),(4561,268,199),(4562,268,212),(4563,268,225),(4564,268,238),(4565,268,251),(4566,268,264),(4567,268,277),(4568,268,290),(4569,268,303),(4570,268,316),(4571,268,329),(4572,268,342),(4573,268,355),(4574,268,368),(4575,268,381),(4591,269,187),(4592,269,200),(4593,269,213),(4594,269,226),(4595,269,239),(4596,269,252),(4597,269,265),(4598,269,278),(4599,269,291),(4600,269,304),(4601,269,317),(4602,269,330),(4603,269,343),(4604,269,356),(4605,269,369),(4606,269,382),(4607,270,187),(4608,270,200),(4609,270,213),(4610,270,226),(4611,270,239),(4612,270,252),(4613,270,265),(4614,270,278),(4615,270,291),(4616,270,304),(4617,270,317),(4618,270,330),(4619,270,343),(4620,270,356),(4621,270,369),(4622,270,382),(4623,271,187),(4624,271,200),(4625,271,213),(4626,271,226),(4627,271,239),(4628,271,252),(4629,271,265),(4630,271,278),(4631,271,291),(4632,271,304),(4633,271,317),(4634,271,330),(4635,271,343),(4636,271,356),(4637,271,369),(4638,271,382),(4639,272,187),(4640,272,200),(4641,272,213),(4642,272,226),(4643,272,239),(4644,272,252),(4645,272,265),(4646,272,278),(4647,272,291),(4648,272,304),(4649,272,317),(4650,272,330),(4651,272,343),(4652,272,356),(4653,272,369),(4654,272,382),(4655,273,187),(4656,273,200),(4657,273,213),(4658,273,226),(4659,273,239),(4660,273,252),(4661,273,265),(4662,273,278),(4663,273,291),(4664,273,304),(4665,273,317),(4666,273,330),(4667,273,343),(4668,273,356),(4669,273,369),(4670,273,382),(4671,274,187),(4672,274,200),(4673,274,213),(4674,274,226),(4675,274,239),(4676,274,252),(4677,274,265),(4678,274,278),(4679,274,291),(4680,274,304),(4681,274,317),(4682,274,330),(4683,274,343),(4684,274,356),(4685,274,369),(4686,274,382),(4687,275,187),(4688,275,200),(4689,275,213),(4690,275,226),(4691,275,239),(4692,275,252),(4693,275,265),(4694,275,278),(4695,275,291),(4696,275,304),(4697,275,317),(4698,275,330),(4699,275,343),(4700,275,356),(4701,275,369),(4702,275,382),(4703,276,187),(4704,276,200),(4705,276,213),(4706,276,226),(4707,276,239),(4708,276,252),(4709,276,265),(4710,276,278),(4711,276,291),(4712,276,304),(4713,276,317),(4714,276,330),(4715,276,343),(4716,276,356),(4717,276,369),(4718,276,382),(4719,277,187),(4720,277,200),(4721,277,213),(4722,277,226),(4723,277,239),(4724,277,252),(4725,277,265),(4726,277,278),(4727,277,291),(4728,277,304),(4729,277,317),(4730,277,330),(4731,277,343),(4732,277,356),(4733,277,369),(4734,277,382),(4735,278,187),(4736,278,200),(4737,278,213),(4738,278,226),(4739,278,239),(4740,278,252),(4741,278,265),(4742,278,278),(4743,278,291),(4744,278,304),(4745,278,317),(4746,278,330),(4747,278,343),(4748,278,356),(4749,278,369),(4750,278,382),(4751,279,187),(4752,279,200),(4753,279,213),(4754,279,226),(4755,279,239),(4756,279,252),(4757,279,265),(4758,279,278),(4759,279,291),(4760,279,304),(4761,279,317),(4762,279,330),(4763,279,343),(4764,279,356),(4765,279,369),(4766,279,382),(4767,280,187),(4768,280,200),(4769,280,213),(4770,280,226),(4771,280,239),(4772,280,252),(4773,280,265),(4774,280,278),(4775,280,291),(4776,280,304),(4777,280,317),(4778,280,330),(4779,280,343),(4780,280,356),(4781,280,369),(4782,280,382),(4783,281,187),(4784,281,200),(4785,281,213),(4786,281,226),(4787,281,239),(4788,281,252),(4789,281,265),(4790,281,278),(4791,281,291),(4792,281,304),(4793,281,317),(4794,281,330),(4795,281,343),(4796,281,356),(4797,281,369),(4798,281,382),(4799,282,187),(4800,282,200),(4801,282,213),(4802,282,226),(4803,282,239),(4804,282,252),(4805,282,265),(4806,282,278),(4807,282,291),(4808,282,304),(4809,282,317),(4810,282,330),(4811,282,343),(4812,282,356),(4813,282,369),(4814,282,382),(4815,283,187),(4816,283,200),(4817,283,213),(4818,283,226),(4819,283,239),(4820,283,252),(4821,283,265),(4822,283,278),(4823,283,291),(4824,283,304),(4825,283,317),(4826,283,330),(4827,283,343),(4828,283,356),(4829,283,369),(4830,283,382),(4846,284,188),(4847,284,201),(4848,284,214),(4849,284,227),(4850,284,240),(4851,284,253),(4852,284,266),(4853,284,279),(4854,284,292),(4855,284,305),(4856,284,318),(4857,284,331),(4858,284,344),(4859,284,357),(4860,284,370),(4861,284,383),(4862,285,188),(4863,285,201),(4864,285,214),(4865,285,227),(4866,285,240),(4867,285,253),(4868,285,266),(4869,285,279),(4870,285,292),(4871,285,305),(4872,285,318),(4873,285,331),(4874,285,344),(4875,285,357),(4876,285,370),(4877,285,383),(4878,286,188),(4879,286,201),(4880,286,214),(4881,286,227),(4882,286,240),(4883,286,253),(4884,286,266),(4885,286,279),(4886,286,292),(4887,286,305),(4888,286,318),(4889,286,331),(4890,286,344),(4891,286,357),(4892,286,370),(4893,286,383),(4894,287,188),(4895,287,201),(4896,287,214),(4897,287,227),(4898,287,240),(4899,287,253),(4900,287,266),(4901,287,279),(4902,287,292),(4903,287,305),(4904,287,318),(4905,287,331),(4906,287,344),(4907,287,357),(4908,287,370),(4909,287,383),(4910,288,188),(4911,288,201),(4912,288,214),(4913,288,227),(4914,288,240),(4915,288,253),(4916,288,266),(4917,288,279),(4918,288,292),(4919,288,305),(4920,288,318),(4921,288,331),(4922,288,344),(4923,288,357),(4924,288,370),(4925,288,383),(4926,289,188),(4927,289,201),(4928,289,214),(4929,289,227),(4930,289,240),(4931,289,253),(4932,289,266),(4933,289,279),(4934,289,292),(4935,289,305),(4936,289,318),(4937,289,331),(4938,289,344),(4939,289,357),(4940,289,370),(4941,289,383),(4942,290,188),(4943,290,201),(4944,290,214),(4945,290,227),(4946,290,240),(4947,290,253),(4948,290,266),(4949,290,279),(4950,290,292),(4951,290,305),(4952,290,318),(4953,290,331),(4954,290,344),(4955,290,357),(4956,290,370),(4957,290,383),(4958,291,188),(4959,291,201),(4960,291,214),(4961,291,227),(4962,291,240),(4963,291,253),(4964,291,266),(4965,291,279),(4966,291,292),(4967,291,305),(4968,291,318),(4969,291,331),(4970,291,344),(4971,291,357),(4972,291,370),(4973,291,383),(4974,292,188),(4975,292,201),(4976,292,214),(4977,292,227),(4978,292,240),(4979,292,253),(4980,292,266),(4981,292,279),(4982,292,292),(4983,292,305),(4984,292,318),(4985,292,331),(4986,292,344),(4987,292,357),(4988,292,370),(4989,292,383),(4990,293,188),(4991,293,201),(4992,293,214),(4993,293,227),(4994,293,240),(4995,293,253),(4996,293,266),(4997,293,279),(4998,293,292),(4999,293,305),(5000,293,318),(5001,293,331),(5002,293,344),(5003,293,357),(5004,293,370),(5005,293,383),(5006,294,188),(5007,294,201),(5008,294,214),(5009,294,227),(5010,294,240),(5011,294,253),(5012,294,266),(5013,294,279),(5014,294,292),(5015,294,305),(5016,294,318),(5017,294,331),(5018,294,344),(5019,294,357),(5020,294,370),(5021,294,383),(5022,295,188),(5023,295,201),(5024,295,214),(5025,295,227),(5026,295,240),(5027,295,253),(5028,295,266),(5029,295,279),(5030,295,292),(5031,295,305),(5032,295,318),(5033,295,331),(5034,295,344),(5035,295,357),(5036,295,370),(5037,295,383),(5038,296,188),(5039,296,201),(5040,296,214),(5041,296,227),(5042,296,240),(5043,296,253),(5044,296,266),(5045,296,279),(5046,296,292),(5047,296,305),(5048,296,318),(5049,296,331),(5050,296,344),(5051,296,357),(5052,296,370),(5053,296,383),(5054,297,188),(5055,297,201),(5056,297,214),(5057,297,227),(5058,297,240),(5059,297,253),(5060,297,266),(5061,297,279),(5062,297,292),(5063,297,305),(5064,297,318),(5065,297,331),(5066,297,344),(5067,297,357),(5068,297,370),(5069,297,383),(5070,298,188),(5071,298,201),(5072,298,214),(5073,298,227),(5074,298,240),(5075,298,253),(5076,298,266),(5077,298,279),(5078,298,292),(5079,298,305),(5080,298,318),(5081,298,331),(5082,298,344),(5083,298,357),(5084,298,370),(5085,298,383),(5101,299,189),(5102,299,202),(5103,299,215),(5104,299,228),(5105,299,241),(5106,299,254),(5107,299,267),(5108,299,280),(5109,299,293),(5110,299,306),(5111,299,319),(5112,299,332),(5113,299,345),(5114,299,358),(5115,299,371),(5116,299,384),(5117,300,189),(5118,300,202),(5119,300,215),(5120,300,228),(5121,300,241),(5122,300,254),(5123,300,267),(5124,300,280),(5125,300,293),(5126,300,306),(5127,300,319),(5128,300,332),(5129,300,345),(5130,300,358),(5131,300,371),(5132,300,384),(5133,301,189),(5134,301,202),(5135,301,215),(5136,301,228),(5137,301,241),(5138,301,254),(5139,301,267),(5140,301,280),(5141,301,293),(5142,301,306),(5143,301,319),(5144,301,332),(5145,301,345),(5146,301,358),(5147,301,371),(5148,301,384),(5149,302,189),(5150,302,202),(5151,302,215),(5152,302,228),(5153,302,241),(5154,302,254),(5155,302,267),(5156,302,280),(5157,302,293),(5158,302,306),(5159,302,319),(5160,302,332),(5161,302,345),(5162,302,358),(5163,302,371),(5164,302,384),(5165,303,189),(5166,303,202),(5167,303,215),(5168,303,228),(5169,303,241),(5170,303,254),(5171,303,267),(5172,303,280),(5173,303,293),(5174,303,306),(5175,303,319),(5176,303,332),(5177,303,345),(5178,303,358),(5179,303,371),(5180,303,384),(5181,304,189),(5182,304,202),(5183,304,215),(5184,304,228),(5185,304,241),(5186,304,254),(5187,304,267),(5188,304,280),(5189,304,293),(5190,304,306),(5191,304,319),(5192,304,332),(5193,304,345),(5194,304,358),(5195,304,371),(5196,304,384),(5197,305,189),(5198,305,202),(5199,305,215),(5200,305,228),(5201,305,241),(5202,305,254),(5203,305,267),(5204,305,280),(5205,305,293),(5206,305,306),(5207,305,319),(5208,305,332),(5209,305,345),(5210,305,358),(5211,305,371),(5212,305,384),(5213,306,189),(5214,306,202),(5215,306,215),(5216,306,228),(5217,306,241),(5218,306,254),(5219,306,267),(5220,306,280),(5221,306,293),(5222,306,306),(5223,306,319),(5224,306,332),(5225,306,345),(5226,306,358),(5227,306,371),(5228,306,384),(5229,307,189),(5230,307,202),(5231,307,215),(5232,307,228),(5233,307,241),(5234,307,254),(5235,307,267),(5236,307,280),(5237,307,293),(5238,307,306),(5239,307,319),(5240,307,332),(5241,307,345),(5242,307,358),(5243,307,371),(5244,307,384),(5245,308,189),(5246,308,202),(5247,308,215),(5248,308,228),(5249,308,241),(5250,308,254),(5251,308,267),(5252,308,280),(5253,308,293),(5254,308,306),(5255,308,319),(5256,308,332),(5257,308,345),(5258,308,358),(5259,308,371),(5260,308,384),(5261,309,189),(5262,309,202),(5263,309,215),(5264,309,228),(5265,309,241),(5266,309,254),(5267,309,267),(5268,309,280),(5269,309,293),(5270,309,306),(5271,309,319),(5272,309,332),(5273,309,345),(5274,309,358),(5275,309,371),(5276,309,384),(5277,310,189),(5278,310,202),(5279,310,215),(5280,310,228),(5281,310,241),(5282,310,254),(5283,310,267),(5284,310,280),(5285,310,293),(5286,310,306),(5287,310,319),(5288,310,332),(5289,310,345),(5290,310,358),(5291,310,371),(5292,310,384),(5293,311,189),(5294,311,202),(5295,311,215),(5296,311,228),(5297,311,241),(5298,311,254),(5299,311,267),(5300,311,280),(5301,311,293),(5302,311,306),(5303,311,319),(5304,311,332),(5305,311,345),(5306,311,358),(5307,311,371),(5308,311,384),(5309,312,189),(5310,312,202),(5311,312,215),(5312,312,228),(5313,312,241),(5314,312,254),(5315,312,267),(5316,312,280),(5317,312,293),(5318,312,306),(5319,312,319),(5320,312,332),(5321,312,345),(5322,312,358),(5323,312,371),(5324,312,384),(5325,313,189),(5326,313,202),(5327,313,215),(5328,313,228),(5329,313,241),(5330,313,254),(5331,313,267),(5332,313,280),(5333,313,293),(5334,313,306),(5335,313,319),(5336,313,332),(5337,313,345),(5338,313,358),(5339,313,371),(5340,313,384),(5356,314,190),(5357,314,203),(5358,314,216),(5359,314,229),(5360,314,242),(5361,314,255),(5362,314,268),(5363,314,281),(5364,314,294),(5365,314,307),(5366,314,320),(5367,314,333),(5368,314,346),(5369,314,359),(5370,314,372),(5371,314,385),(5372,315,190),(5373,315,203),(5374,315,216),(5375,315,229),(5376,315,242),(5377,315,255),(5378,315,268),(5379,315,281),(5380,315,294),(5381,315,307),(5382,315,320),(5383,315,333),(5384,315,346),(5385,315,359),(5386,315,372),(5387,315,385),(5388,316,190),(5389,316,203),(5390,316,216),(5391,316,229),(5392,316,242),(5393,316,255),(5394,316,268),(5395,316,281),(5396,316,294),(5397,316,307),(5398,316,320),(5399,316,333),(5400,316,346),(5401,316,359),(5402,316,372),(5403,316,385),(5404,317,190),(5405,317,203),(5406,317,216),(5407,317,229),(5408,317,242),(5409,317,255),(5410,317,268),(5411,317,281),(5412,317,294),(5413,317,307),(5414,317,320),(5415,317,333),(5416,317,346),(5417,317,359),(5418,317,372),(5419,317,385),(5420,318,190),(5421,318,203),(5422,318,216),(5423,318,229),(5424,318,242),(5425,318,255),(5426,318,268),(5427,318,281),(5428,318,294),(5429,318,307),(5430,318,320),(5431,318,333),(5432,318,346),(5433,318,359),(5434,318,372),(5435,318,385),(5436,319,190),(5437,319,203),(5438,319,216),(5439,319,229),(5440,319,242),(5441,319,255),(5442,319,268),(5443,319,281),(5444,319,294),(5445,319,307),(5446,319,320),(5447,319,333),(5448,319,346),(5449,319,359),(5450,319,372),(5451,319,385),(5452,320,190),(5453,320,203),(5454,320,216),(5455,320,229),(5456,320,242),(5457,320,255),(5458,320,268),(5459,320,281),(5460,320,294),(5461,320,307),(5462,320,320),(5463,320,333),(5464,320,346),(5465,320,359),(5466,320,372),(5467,320,385),(5468,321,190),(5469,321,203),(5470,321,216),(5471,321,229),(5472,321,242),(5473,321,255),(5474,321,268),(5475,321,281),(5476,321,294),(5477,321,307),(5478,321,320),(5479,321,333),(5480,321,346),(5481,321,359),(5482,321,372),(5483,321,385),(5484,322,190),(5485,322,203),(5486,322,216),(5487,322,229),(5488,322,242),(5489,322,255),(5490,322,268),(5491,322,281),(5492,322,294),(5493,322,307),(5494,322,320),(5495,322,333),(5496,322,346),(5497,322,359),(5498,322,372),(5499,322,385),(5500,323,190),(5501,323,203),(5502,323,216),(5503,323,229),(5504,323,242),(5505,323,255),(5506,323,268),(5507,323,281),(5508,323,294),(5509,323,307),(5510,323,320),(5511,323,333),(5512,323,346),(5513,323,359),(5514,323,372),(5515,323,385),(5516,324,190),(5517,324,203),(5518,324,216),(5519,324,229),(5520,324,242),(5521,324,255),(5522,324,268),(5523,324,281),(5524,324,294),(5525,324,307),(5526,324,320),(5527,324,333),(5528,324,346),(5529,324,359),(5530,324,372),(5531,324,385),(5532,325,190),(5533,325,203),(5534,325,216),(5535,325,229),(5536,325,242),(5537,325,255),(5538,325,268),(5539,325,281),(5540,325,294),(5541,325,307),(5542,325,320),(5543,325,333),(5544,325,346),(5545,325,359),(5546,325,372),(5547,325,385),(5548,326,190),(5549,326,203),(5550,326,216),(5551,326,229),(5552,326,242),(5553,326,255),(5554,326,268),(5555,326,281),(5556,326,294),(5557,326,307),(5558,326,320),(5559,326,333),(5560,326,346),(5561,326,359),(5562,326,372),(5563,326,385),(5564,327,190),(5565,327,203),(5566,327,216),(5567,327,229),(5568,327,242),(5569,327,255),(5570,327,268),(5571,327,281),(5572,327,294),(5573,327,307),(5574,327,320),(5575,327,333),(5576,327,346),(5577,327,359),(5578,327,372),(5579,327,385),(5580,328,190),(5581,328,203),(5582,328,216),(5583,328,229),(5584,328,242),(5585,328,255),(5586,328,268),(5587,328,281),(5588,328,294),(5589,328,307),(5590,328,320),(5591,328,333),(5592,328,346),(5593,328,359),(5594,328,372),(5595,328,385),(5611,329,191),(5612,329,204),(5613,329,217),(5614,329,230),(5615,329,243),(5616,329,256),(5617,329,269),(5618,329,282),(5619,329,295),(5620,329,308),(5621,329,321),(5622,329,334),(5623,329,347),(5624,329,360),(5625,329,373),(5626,329,386),(5627,330,191),(5628,330,204),(5629,330,217),(5630,330,230),(5631,330,243),(5632,330,256),(5633,330,269),(5634,330,282),(5635,330,295),(5636,330,308),(5637,330,321),(5638,330,334),(5639,330,347),(5640,330,360),(5641,330,373),(5642,330,386),(5643,331,191),(5644,331,204),(5645,331,217),(5646,331,230),(5647,331,243),(5648,331,256),(5649,331,269),(5650,331,282),(5651,331,295),(5652,331,308),(5653,331,321),(5654,331,334),(5655,331,347),(5656,331,360),(5657,331,373),(5658,331,386),(5659,332,191),(5660,332,204),(5661,332,217),(5662,332,230),(5663,332,243),(5664,332,256),(5665,332,269),(5666,332,282),(5667,332,295),(5668,332,308),(5669,332,321),(5670,332,334),(5671,332,347),(5672,332,360),(5673,332,373),(5674,332,386),(5675,333,191),(5676,333,204),(5677,333,217),(5678,333,230),(5679,333,243),(5680,333,256),(5681,333,269),(5682,333,282),(5683,333,295),(5684,333,308),(5685,333,321),(5686,333,334),(5687,333,347),(5688,333,360),(5689,333,373),(5690,333,386),(5691,334,191),(5692,334,204),(5693,334,217),(5694,334,230),(5695,334,243),(5696,334,256),(5697,334,269),(5698,334,282),(5699,334,295),(5700,334,308),(5701,334,321),(5702,334,334),(5703,334,347),(5704,334,360),(5705,334,373),(5706,334,386),(5707,335,191),(5708,335,204),(5709,335,217),(5710,335,230),(5711,335,243),(5712,335,256),(5713,335,269),(5714,335,282),(5715,335,295),(5716,335,308),(5717,335,321),(5718,335,334),(5719,335,347),(5720,335,360),(5721,335,373),(5722,335,386),(5723,336,191),(5724,336,204),(5725,336,217),(5726,336,230),(5727,336,243),(5728,336,256),(5729,336,269),(5730,336,282),(5731,336,295),(5732,336,308),(5733,336,321),(5734,336,334),(5735,336,347),(5736,336,360),(5737,336,373),(5738,336,386),(5739,337,191),(5740,337,204),(5741,337,217),(5742,337,230),(5743,337,243),(5744,337,256),(5745,337,269),(5746,337,282),(5747,337,295),(5748,337,308),(5749,337,321),(5750,337,334),(5751,337,347),(5752,337,360),(5753,337,373),(5754,337,386),(5755,338,191),(5756,338,204),(5757,338,217),(5758,338,230),(5759,338,243),(5760,338,256),(5761,338,269),(5762,338,282),(5763,338,295),(5764,338,308),(5765,338,321),(5766,338,334),(5767,338,347),(5768,338,360),(5769,338,373),(5770,338,386),(5771,339,191),(5772,339,204),(5773,339,217),(5774,339,230),(5775,339,243),(5776,339,256),(5777,339,269),(5778,339,282),(5779,339,295),(5780,339,308),(5781,339,321),(5782,339,334),(5783,339,347),(5784,339,360),(5785,339,373),(5786,339,386),(5787,340,191),(5788,340,204),(5789,340,217),(5790,340,230),(5791,340,243),(5792,340,256),(5793,340,269),(5794,340,282),(5795,340,295),(5796,340,308),(5797,340,321),(5798,340,334),(5799,340,347),(5800,340,360),(5801,340,373),(5802,340,386),(5803,341,191),(5804,341,204),(5805,341,217),(5806,341,230),(5807,341,243),(5808,341,256),(5809,341,269),(5810,341,282),(5811,341,295),(5812,341,308),(5813,341,321),(5814,341,334),(5815,341,347),(5816,341,360),(5817,341,373),(5818,341,386),(5819,342,191),(5820,342,204),(5821,342,217),(5822,342,230),(5823,342,243),(5824,342,256),(5825,342,269),(5826,342,282),(5827,342,295),(5828,342,308),(5829,342,321),(5830,342,334),(5831,342,347),(5832,342,360),(5833,342,373),(5834,342,386),(5835,343,191),(5836,343,204),(5837,343,217),(5838,343,230),(5839,343,243),(5840,343,256),(5841,343,269),(5842,343,282),(5843,343,295),(5844,343,308),(5845,343,321),(5846,343,334),(5847,343,347),(5848,343,360),(5849,343,373),(5850,343,386),(5866,344,192),(5867,344,205),(5868,344,218),(5869,344,231),(5870,344,244),(5871,344,257),(5872,344,270),(5873,344,283),(5874,344,296),(5875,344,309),(5876,344,322),(5877,344,335),(5878,344,348),(5879,344,361),(5880,344,374),(5881,344,387),(5882,345,192),(5883,345,205),(5884,345,218),(5885,345,231),(5886,345,244),(5887,345,257),(5888,345,270),(5889,345,283),(5890,345,296),(5891,345,309),(5892,345,322),(5893,345,335),(5894,345,348),(5895,345,361),(5896,345,374),(5897,345,387),(5898,346,192),(5899,346,205),(5900,346,218),(5901,346,231),(5902,346,244),(5903,346,257),(5904,346,270),(5905,346,283),(5906,346,296),(5907,346,309),(5908,346,322),(5909,346,335),(5910,346,348),(5911,346,361),(5912,346,374),(5913,346,387),(5914,347,192),(5915,347,205),(5916,347,218),(5917,347,231),(5918,347,244),(5919,347,257),(5920,347,270),(5921,347,283),(5922,347,296),(5923,347,309),(5924,347,322),(5925,347,335),(5926,347,348),(5927,347,361),(5928,347,374),(5929,347,387),(5930,348,192),(5931,348,205),(5932,348,218),(5933,348,231),(5934,348,244),(5935,348,257),(5936,348,270),(5937,348,283),(5938,348,296),(5939,348,309),(5940,348,322),(5941,348,335),(5942,348,348),(5943,348,361),(5944,348,374),(5945,348,387),(5946,349,192),(5947,349,205),(5948,349,218),(5949,349,231),(5950,349,244),(5951,349,257),(5952,349,270),(5953,349,283),(5954,349,296),(5955,349,309),(5956,349,322),(5957,349,335),(5958,349,348),(5959,349,361),(5960,349,374),(5961,349,387),(5962,350,192),(5963,350,205),(5964,350,218),(5965,350,231),(5966,350,244),(5967,350,257),(5968,350,270),(5969,350,283),(5970,350,296),(5971,350,309),(5972,350,322),(5973,350,335),(5974,350,348),(5975,350,361),(5976,350,374),(5977,350,387),(5978,351,192),(5979,351,205),(5980,351,218),(5981,351,231),(5982,351,244),(5983,351,257),(5984,351,270),(5985,351,283),(5986,351,296),(5987,351,309),(5988,351,322),(5989,351,335),(5990,351,348),(5991,351,361),(5992,351,374),(5993,351,387),(5994,352,192),(5995,352,205),(5996,352,218),(5997,352,231),(5998,352,244),(5999,352,257),(6000,352,270),(6001,352,283),(6002,352,296),(6003,352,309),(6004,352,322),(6005,352,335),(6006,352,348),(6007,352,361),(6008,352,374),(6009,352,387),(6010,353,192),(6011,353,205),(6012,353,218),(6013,353,231),(6014,353,244),(6015,353,257),(6016,353,270),(6017,353,283),(6018,353,296),(6019,353,309),(6020,353,322),(6021,353,335),(6022,353,348),(6023,353,361),(6024,353,374),(6025,353,387),(6026,354,192),(6027,354,205),(6028,354,218),(6029,354,231),(6030,354,244),(6031,354,257),(6032,354,270),(6033,354,283),(6034,354,296),(6035,354,309),(6036,354,322),(6037,354,335),(6038,354,348),(6039,354,361),(6040,354,374),(6041,354,387),(6042,355,192),(6043,355,205),(6044,355,218),(6045,355,231),(6046,355,244),(6047,355,257),(6048,355,270),(6049,355,283),(6050,355,296),(6051,355,309),(6052,355,322),(6053,355,335),(6054,355,348),(6055,355,361),(6056,355,374),(6057,355,387),(6058,356,192),(6059,356,205),(6060,356,218),(6061,356,231),(6062,356,244),(6063,356,257),(6064,356,270),(6065,356,283),(6066,356,296),(6067,356,309),(6068,356,322),(6069,356,335),(6070,356,348),(6071,356,361),(6072,356,374),(6073,356,387),(6074,357,192),(6075,357,205),(6076,357,218),(6077,357,231),(6078,357,244),(6079,357,257),(6080,357,270),(6081,357,283),(6082,357,296),(6083,357,309),(6084,357,322),(6085,357,335),(6086,357,348),(6087,357,361),(6088,357,374),(6089,357,387),(6090,358,192),(6091,358,205),(6092,358,218),(6093,358,231),(6094,358,244),(6095,358,257),(6096,358,270),(6097,358,283),(6098,358,296),(6099,358,309),(6100,358,322),(6101,358,335),(6102,358,348),(6103,358,361),(6104,358,374),(6105,358,387),(6121,359,193),(6122,359,206),(6123,359,219),(6124,359,232),(6125,359,245),(6126,359,258),(6127,359,271),(6128,359,284),(6129,359,297),(6130,359,310),(6131,359,323),(6132,359,336),(6133,359,349),(6134,359,362),(6135,359,375),(6136,359,388),(6137,360,193),(6138,360,206),(6139,360,219),(6140,360,232),(6141,360,245),(6142,360,258),(6143,360,271),(6144,360,284),(6145,360,297),(6146,360,310),(6147,360,323),(6148,360,336),(6149,360,349),(6150,360,362),(6151,360,375),(6152,360,388),(6153,361,193),(6154,361,206),(6155,361,219),(6156,361,232),(6157,361,245),(6158,361,258),(6159,361,271),(6160,361,284),(6161,361,297),(6162,361,310),(6163,361,323),(6164,361,336),(6165,361,349),(6166,361,362),(6167,361,375),(6168,361,388),(6169,362,193),(6170,362,206),(6171,362,219),(6172,362,232),(6173,362,245),(6174,362,258),(6175,362,271),(6176,362,284),(6177,362,297),(6178,362,310),(6179,362,323),(6180,362,336),(6181,362,349),(6182,362,362),(6183,362,375),(6184,362,388),(6185,363,193),(6186,363,206),(6187,363,219),(6188,363,232),(6189,363,245),(6190,363,258),(6191,363,271),(6192,363,284),(6193,363,297),(6194,363,310),(6195,363,323),(6196,363,336),(6197,363,349),(6198,363,362),(6199,363,375),(6200,363,388),(6201,364,193),(6202,364,206),(6203,364,219),(6204,364,232),(6205,364,245),(6206,364,258),(6207,364,271),(6208,364,284),(6209,364,297),(6210,364,310),(6211,364,323),(6212,364,336),(6213,364,349),(6214,364,362),(6215,364,375),(6216,364,388),(6217,365,193),(6218,365,206),(6219,365,219),(6220,365,232),(6221,365,245),(6222,365,258),(6223,365,271),(6224,365,284),(6225,365,297),(6226,365,310),(6227,365,323),(6228,365,336),(6229,365,349),(6230,365,362),(6231,365,375),(6232,365,388),(6233,366,193),(6234,366,206),(6235,366,219),(6236,366,232),(6237,366,245),(6238,366,258),(6239,366,271),(6240,366,284),(6241,366,297),(6242,366,310),(6243,366,323),(6244,366,336),(6245,366,349),(6246,366,362),(6247,366,375),(6248,366,388),(6249,367,193),(6250,367,206),(6251,367,219),(6252,367,232),(6253,367,245),(6254,367,258),(6255,367,271),(6256,367,284),(6257,367,297),(6258,367,310),(6259,367,323),(6260,367,336),(6261,367,349),(6262,367,362),(6263,367,375),(6264,367,388),(6265,368,193),(6266,368,206),(6267,368,219),(6268,368,232),(6269,368,245),(6270,368,258),(6271,368,271),(6272,368,284),(6273,368,297),(6274,368,310),(6275,368,323),(6276,368,336),(6277,368,349),(6278,368,362),(6279,368,375),(6280,368,388),(6281,369,193),(6282,369,206),(6283,369,219),(6284,369,232),(6285,369,245),(6286,369,258),(6287,369,271),(6288,369,284),(6289,369,297),(6290,369,310),(6291,369,323),(6292,369,336),(6293,369,349),(6294,369,362),(6295,369,375),(6296,369,388),(6297,370,193),(6298,370,206),(6299,370,219),(6300,370,232),(6301,370,245),(6302,370,258),(6303,370,271),(6304,370,284),(6305,370,297),(6306,370,310),(6307,370,323),(6308,370,336),(6309,370,349),(6310,370,362),(6311,370,375),(6312,370,388),(6313,371,193),(6314,371,206),(6315,371,219),(6316,371,232),(6317,371,245),(6318,371,258),(6319,371,271),(6320,371,284),(6321,371,297),(6322,371,310),(6323,371,323),(6324,371,336),(6325,371,349),(6326,371,362),(6327,371,375),(6328,371,388),(6329,372,193),(6330,372,206),(6331,372,219),(6332,372,232),(6333,372,245),(6334,372,258),(6335,372,271),(6336,372,284),(6337,372,297),(6338,372,310),(6339,372,323),(6340,372,336),(6341,372,349),(6342,372,362),(6343,372,375),(6344,372,388),(6345,373,193),(6346,373,206),(6347,373,219),(6348,373,232),(6349,373,245),(6350,373,258),(6351,373,271),(6352,373,284),(6353,373,297),(6354,373,310),(6355,373,323),(6356,373,336),(6357,373,349),(6358,373,362),(6359,373,375),(6360,373,388),(6376,374,194),(6377,374,207),(6378,374,220),(6379,374,233),(6380,374,246),(6381,374,259),(6382,374,272),(6383,374,285),(6384,374,298),(6385,374,311),(6386,374,324),(6387,374,337),(6388,374,350),(6389,374,363),(6390,374,376),(6391,374,389),(6392,375,194),(6393,375,207),(6394,375,220),(6395,375,233),(6396,375,246),(6397,375,259),(6398,375,272),(6399,375,285),(6400,375,298),(6401,375,311),(6402,375,324),(6403,375,337),(6404,375,350),(6405,375,363),(6406,375,376),(6407,375,389),(6408,376,194),(6409,376,207),(6410,376,220),(6411,376,233),(6412,376,246),(6413,376,259),(6414,376,272),(6415,376,285),(6416,376,298),(6417,376,311),(6418,376,324),(6419,376,337),(6420,376,350),(6421,376,363),(6422,376,376),(6423,376,389),(6424,377,194),(6425,377,207),(6426,377,220),(6427,377,233),(6428,377,246),(6429,377,259),(6430,377,272),(6431,377,285),(6432,377,298),(6433,377,311),(6434,377,324),(6435,377,337),(6436,377,350),(6437,377,363),(6438,377,376),(6439,377,389),(6440,378,194),(6441,378,207),(6442,378,220),(6443,378,233),(6444,378,246),(6445,378,259),(6446,378,272),(6447,378,285),(6448,378,298),(6449,378,311),(6450,378,324),(6451,378,337),(6452,378,350),(6453,378,363),(6454,378,376),(6455,378,389),(6456,379,194),(6457,379,207),(6458,379,220),(6459,379,233),(6460,379,246),(6461,379,259),(6462,379,272),(6463,379,285),(6464,379,298),(6465,379,311),(6466,379,324),(6467,379,337),(6468,379,350),(6469,379,363),(6470,379,376),(6471,379,389),(6472,380,194),(6473,380,207),(6474,380,220),(6475,380,233),(6476,380,246),(6477,380,259),(6478,380,272),(6479,380,285),(6480,380,298),(6481,380,311),(6482,380,324),(6483,380,337),(6484,380,350),(6485,380,363),(6486,380,376),(6487,380,389),(6488,381,194),(6489,381,207),(6490,381,220),(6491,381,233),(6492,381,246),(6493,381,259),(6494,381,272),(6495,381,285),(6496,381,298),(6497,381,311),(6498,381,324),(6499,381,337),(6500,381,350),(6501,381,363),(6502,381,376),(6503,381,389),(6504,382,194),(6505,382,207),(6506,382,220),(6507,382,233),(6508,382,246),(6509,382,259),(6510,382,272),(6511,382,285),(6512,382,298),(6513,382,311),(6514,382,324),(6515,382,337),(6516,382,350),(6517,382,363),(6518,382,376),(6519,382,389),(6520,383,194),(6521,383,207),(6522,383,220),(6523,383,233),(6524,383,246),(6525,383,259),(6526,383,272),(6527,383,285),(6528,383,298),(6529,383,311),(6530,383,324),(6531,383,337),(6532,383,350),(6533,383,363),(6534,383,376),(6535,383,389),(6536,384,194),(6537,384,207),(6538,384,220),(6539,384,233),(6540,384,246),(6541,384,259),(6542,384,272),(6543,384,285),(6544,384,298),(6545,384,311),(6546,384,324),(6547,384,337),(6548,384,350),(6549,384,363),(6550,384,376),(6551,384,389),(6552,385,194),(6553,385,207),(6554,385,220),(6555,385,233),(6556,385,246),(6557,385,259),(6558,385,272),(6559,385,285),(6560,385,298),(6561,385,311),(6562,385,324),(6563,385,337),(6564,385,350),(6565,385,363),(6566,385,376),(6567,385,389),(6568,386,194),(6569,386,207),(6570,386,220),(6571,386,233),(6572,386,246),(6573,386,259),(6574,386,272),(6575,386,285),(6576,386,298),(6577,386,311),(6578,386,324),(6579,386,337),(6580,386,350),(6581,386,363),(6582,386,376),(6583,386,389),(6584,387,194),(6585,387,207),(6586,387,220),(6587,387,233),(6588,387,246),(6589,387,259),(6590,387,272),(6591,387,285),(6592,387,298),(6593,387,311),(6594,387,324),(6595,387,337),(6596,387,350),(6597,387,363),(6598,387,376),(6599,387,389),(6600,388,194),(6601,388,207),(6602,388,220),(6603,388,233),(6604,388,246),(6605,388,259),(6606,388,272),(6607,388,285),(6608,388,298),(6609,388,311),(6610,388,324),(6611,388,337),(6612,388,350),(6613,388,363),(6614,388,376),(6615,388,389),(6616,389,194),(6617,389,207),(6618,389,220),(6619,389,233),(6620,389,246),(6621,389,259),(6622,389,272),(6623,389,285),(6624,389,298),(6625,389,311),(6626,389,324),(6627,389,337),(6628,389,350),(6629,389,363),(6630,389,376),(6631,389,389),(6632,390,194),(6633,390,207),(6634,390,220),(6635,390,233),(6636,390,246),(6637,390,259),(6638,390,272),(6639,390,285),(6640,390,298),(6641,390,311),(6642,390,324),(6643,390,337),(6644,390,350),(6645,390,363),(6646,390,376),(6647,390,389),(6887,391,195),(6888,391,208),(6889,391,221),(6890,391,234),(6891,391,247),(6892,391,260),(6893,391,273),(6894,391,286),(6895,391,299),(6896,391,312),(6897,391,325),(6898,391,338),(6899,391,351),(6900,391,364),(6901,391,377),(6902,391,390),(6903,392,195),(6904,392,208),(6905,392,221),(6906,392,234),(6907,392,247),(6908,392,260),(6909,392,273),(6910,392,286),(6911,392,299),(6912,392,312),(6913,392,325),(6914,392,338),(6915,392,351),(6916,392,364),(6917,392,377),(6918,392,390),(6919,393,195),(6920,393,208),(6921,393,221),(6922,393,234),(6923,393,247),(6924,393,260),(6925,393,273),(6926,393,286),(6927,393,299),(6928,393,312),(6929,393,325),(6930,393,338),(6931,393,351),(6932,393,364),(6933,393,377),(6934,393,390),(6935,394,195),(6936,394,208),(6937,394,221),(6938,394,234),(6939,394,247),(6940,394,260),(6941,394,273),(6942,394,286),(6943,394,299),(6944,394,312),(6945,394,325),(6946,394,338),(6947,394,351),(6948,394,364),(6949,394,377),(6950,394,390),(6951,395,195),(6952,395,208),(6953,395,221),(6954,395,234),(6955,395,247),(6956,395,260),(6957,395,273),(6958,395,286),(6959,395,299),(6960,395,312),(6961,395,325),(6962,395,338),(6963,395,351),(6964,395,364),(6965,395,377),(6966,395,390),(6967,396,195),(6968,396,208),(6969,396,221),(6970,396,234),(6971,396,247),(6972,396,260),(6973,396,273),(6974,396,286),(6975,396,299),(6976,396,312),(6977,396,325),(6978,396,338),(6979,396,351),(6980,396,364),(6981,396,377),(6982,396,390),(6983,397,195),(6984,397,208),(6985,397,221),(6986,397,234),(6987,397,247),(6988,397,260),(6989,397,273),(6990,397,286),(6991,397,299),(6992,397,312),(6993,397,325),(6994,397,338),(6995,397,351),(6996,397,364),(6997,397,377),(6998,397,390),(6999,398,195),(7000,398,208),(7001,398,221),(7002,398,234),(7003,398,247),(7004,398,260),(7005,398,273),(7006,398,286),(7007,398,299),(7008,398,312),(7009,398,325),(7010,398,338),(7011,398,351),(7012,398,364),(7013,398,377),(7014,398,390),(7015,399,195),(7016,399,208),(7017,399,221),(7018,399,234),(7019,399,247),(7020,399,260),(7021,399,273),(7022,399,286),(7023,399,299),(7024,399,312),(7025,399,325),(7026,399,338),(7027,399,351),(7028,399,364),(7029,399,377),(7030,399,390),(7031,400,195),(7032,400,208),(7033,400,221),(7034,400,234),(7035,400,247),(7036,400,260),(7037,400,273),(7038,400,286),(7039,400,299),(7040,400,312),(7041,400,325),(7042,400,338),(7043,400,351),(7044,400,364),(7045,400,377),(7046,400,390),(7047,401,195),(7048,401,208),(7049,401,221),(7050,401,234),(7051,401,247),(7052,401,260),(7053,401,273),(7054,401,286),(7055,401,299),(7056,401,312),(7057,401,325),(7058,401,338),(7059,401,351),(7060,401,364),(7061,401,377),(7062,401,390),(7063,402,195),(7064,402,208),(7065,402,221),(7066,402,234),(7067,402,247),(7068,402,260),(7069,402,273),(7070,402,286),(7071,402,299),(7072,402,312),(7073,402,325),(7074,402,338),(7075,402,351),(7076,402,364),(7077,402,377),(7078,402,390),(7079,403,195),(7080,403,208),(7081,403,221),(7082,403,234),(7083,403,247),(7084,403,260),(7085,403,273),(7086,403,286),(7087,403,299),(7088,403,312),(7089,403,325),(7090,403,338),(7091,403,351),(7092,403,364),(7093,403,377),(7094,403,390),(7095,404,195),(7096,404,208),(7097,404,221),(7098,404,234),(7099,404,247),(7100,404,260),(7101,404,273),(7102,404,286),(7103,404,299),(7104,404,312),(7105,404,325),(7106,404,338),(7107,404,351),(7108,404,364),(7109,404,377),(7110,404,390),(7111,405,195),(7112,405,208),(7113,405,221),(7114,405,234),(7115,405,247),(7116,405,260),(7117,405,273),(7118,405,286),(7119,405,299),(7120,405,312),(7121,405,325),(7122,405,338),(7123,405,351),(7124,405,364),(7125,405,377),(7126,405,390),(7127,406,195),(7128,406,208),(7129,406,221),(7130,406,234),(7131,406,247),(7132,406,260),(7133,406,273),(7134,406,286),(7135,406,299),(7136,406,312),(7137,406,325),(7138,406,338),(7139,406,351),(7140,406,364),(7141,406,377),(7142,406,390),(7143,407,195),(7144,407,208),(7145,407,221),(7146,407,234),(7147,407,247),(7148,407,260),(7149,407,273),(7150,407,286),(7151,407,299),(7152,407,312),(7153,407,325),(7154,407,338),(7155,407,351),(7156,407,364),(7157,407,377),(7158,407,390);
/*!40000 ALTER TABLE `estudiante_tiene_clase` ENABLE KEYS */;
UNLOCK TABLES;

--
-- Table structure for table `grado`
--

DROP TABLE IF EXISTS `grado`;
/*!40101 SET @saved_cs_client     = @@character_set_client */;
/*!50503 SET character_set_client = utf8mb4 */;
CREATE TABLE `grado` (
  `grado` int NOT NULL AUTO_INCREMENT,
  PRIMARY KEY (`grado`)
) ENGINE=InnoDB AUTO_INCREMENT=7 DEFAULT CHARSET=utf8mb4 COLLATE=utf8mb4_0900_ai_ci;
/*!40101 SET character_set_client = @saved_cs_client */;

--
-- Dumping data for table `grado`
--

LOCK TABLES `grado` WRITE;
/*!40000 ALTER TABLE `grado` DISABLE KEYS */;
INSERT INTO `grado` VALUES (1),(2),(3),(4),(5),(6);
/*!40000 ALTER TABLE `grado` ENABLE KEYS */;
UNLOCK TABLES;

--
-- Table structure for table `nivel`
--

DROP TABLE IF EXISTS `nivel`;
/*!40101 SET @saved_cs_client     = @@character_set_client */;
/*!50503 SET character_set_client = utf8mb4 */;
CREATE TABLE `nivel` (
  `nivel_id` int NOT NULL AUTO_INCREMENT,
  `nivel` enum('Secundaria','Primaria A','Primaria B','Inicial') NOT NULL,
  PRIMARY KEY (`nivel_id`)
) ENGINE=InnoDB AUTO_INCREMENT=5 DEFAULT CHARSET=utf8mb4 COLLATE=utf8mb4_0900_ai_ci;
/*!40101 SET character_set_client = @saved_cs_client */;

--
-- Dumping data for table `nivel`
--

LOCK TABLES `nivel` WRITE;
/*!40000 ALTER TABLE `nivel` DISABLE KEYS */;
INSERT INTO `nivel` VALUES (1,'Secundaria'),(2,'Primaria A'),(3,'Primaria B'),(4,'Inicial');
/*!40000 ALTER TABLE `nivel` ENABLE KEYS */;
UNLOCK TABLES;

--
-- Table structure for table `notas_de_estudiante`
--

DROP TABLE IF EXISTS `notas_de_estudiante`;
/*!40101 SET @saved_cs_client     = @@character_set_client */;
/*!50503 SET character_set_client = utf8mb4 */;
CREATE TABLE `notas_de_estudiante` (
  `nota_id` int NOT NULL AUTO_INCREMENT,
  `bimestre` smallint NOT NULL,
  `nota` enum('AD','A','B','C') DEFAULT NULL,
  `comentario` varchar(300) DEFAULT NULL,
  `estudiante_tiene_clase_id` int NOT NULL,
  PRIMARY KEY (`nota_id`,`estudiante_tiene_clase_id`),
  KEY `fk_notas_de_estudiantes_estudiante_tiene_clase1_idx` (`estudiante_tiene_clase_id`),
  CONSTRAINT `fk_notas_de_estudiantes_estudiante_tiene_clase1` FOREIGN KEY (`estudiante_tiene_clase_id`) REFERENCES `estudiante_tiene_clase` (`estudiante_tiene_clase_id`)
) ENGINE=InnoDB AUTO_INCREMENT=8192 DEFAULT CHARSET=utf8mb4 COLLATE=utf8mb4_0900_ai_ci;
/*!40101 SET character_set_client = @saved_cs_client */;

--
-- Dumping data for table `notas_de_estudiante`
--

LOCK TABLES `notas_de_estudiante` WRITE;
/*!40000 ALTER TABLE `notas_de_estudiante` DISABLE KEYS */;
INSERT INTO `notas_de_estudiante` VALUES (1,1,NULL,NULL,1),(2,1,NULL,NULL,2),(3,1,NULL,NULL,3),(4,1,NULL,NULL,4),(5,1,NULL,NULL,5),(6,1,NULL,NULL,6),(7,1,NULL,NULL,7),(8,1,'A','Good job',8),(9,1,NULL,NULL,9),(10,1,NULL,NULL,10),(11,1,NULL,NULL,11),(12,1,NULL,NULL,12),(13,1,NULL,NULL,13),(14,1,NULL,NULL,14),(15,1,NULL,NULL,15),(16,1,NULL,NULL,16),(17,1,NULL,NULL,17),(18,1,NULL,NULL,18),(19,1,NULL,NULL,19),(20,1,NULL,NULL,20),(21,1,NULL,NULL,21),(22,1,NULL,NULL,22),(23,1,NULL,NULL,23),(24,1,NULL,NULL,24),(25,1,NULL,NULL,25),(26,1,NULL,NULL,26),(27,1,NULL,NULL,27),(28,1,NULL,NULL,28),(29,1,NULL,NULL,29),(30,1,NULL,NULL,30),(31,1,NULL,NULL,31),(32,1,NULL,NULL,32),(33,1,NULL,NULL,33),(34,1,NULL,NULL,34),(35,1,NULL,NULL,35),(36,1,NULL,NULL,36),(37,1,NULL,NULL,37),(38,1,NULL,NULL,38),(39,1,NULL,NULL,39),(40,1,NULL,NULL,40),(41,1,NULL,NULL,41),(42,1,NULL,NULL,42),(43,1,NULL,NULL,43),(44,1,NULL,NULL,44),(45,1,NULL,NULL,45),(46,1,NULL,NULL,46),(47,1,NULL,NULL,47),(48,1,NULL,NULL,48),(49,1,NULL,NULL,49),(50,1,NULL,NULL,50),(51,1,NULL,NULL,51),(52,1,NULL,NULL,52),(53,1,NULL,NULL,53),(54,1,NULL,NULL,54),(55,1,NULL,NULL,55),(56,1,NULL,NULL,56),(57,1,NULL,NULL,57),(58,1,NULL,NULL,58),(59,1,NULL,NULL,59),(60,1,NULL,NULL,60),(61,1,NULL,NULL,61),(62,1,NULL,NULL,62),(63,1,NULL,NULL,63),(64,1,NULL,NULL,64),(65,1,NULL,NULL,65),(66,1,NULL,NULL,66),(67,1,NULL,NULL,67),(68,1,NULL,NULL,68),(69,1,NULL,NULL,69),(70,1,NULL,NULL,70),(71,1,NULL,NULL,71),(72,1,NULL,NULL,72),(73,1,NULL,NULL,73),(74,1,NULL,NULL,74),(75,1,NULL,NULL,75),(76,1,NULL,NULL,76),(77,1,NULL,NULL,77),(78,1,NULL,NULL,78),(79,1,NULL,NULL,79),(80,1,NULL,NULL,80),(81,1,NULL,NULL,81),(82,1,NULL,NULL,82),(83,1,NULL,NULL,83),(84,1,NULL,NULL,84),(85,1,NULL,NULL,85),(86,1,NULL,NULL,86),(87,1,NULL,NULL,87),(88,1,NULL,NULL,88),(89,1,NULL,NULL,89),(90,1,NULL,NULL,90),(91,1,NULL,NULL,91),(92,1,NULL,NULL,92),(93,1,NULL,NULL,93),(94,1,NULL,NULL,94),(95,1,NULL,NULL,95),(96,1,NULL,NULL,96),(97,1,NULL,NULL,97),(98,1,NULL,NULL,98),(99,1,NULL,NULL,99),(100,1,NULL,NULL,100),(101,1,NULL,NULL,101),(102,1,NULL,NULL,102),(103,1,NULL,NULL,103),(104,1,NULL,NULL,104),(105,1,NULL,NULL,105),(106,1,NULL,NULL,106),(107,1,NULL,NULL,107),(108,1,NULL,NULL,108),(109,1,NULL,NULL,109),(110,1,NULL,NULL,110),(111,1,NULL,NULL,111),(112,1,NULL,NULL,112),(113,1,NULL,NULL,113),(114,1,NULL,NULL,114),(115,1,NULL,NULL,115),(116,1,NULL,NULL,116),(117,1,NULL,NULL,117),(118,1,NULL,NULL,118),(119,1,NULL,NULL,119),(120,1,NULL,NULL,120),(121,1,NULL,NULL,121),(122,1,NULL,NULL,122),(123,1,NULL,NULL,123),(124,1,NULL,NULL,124),(125,1,NULL,NULL,125),(126,1,NULL,NULL,126),(127,1,NULL,NULL,127),(128,1,NULL,NULL,128),(129,1,NULL,NULL,129),(130,1,NULL,NULL,130),(131,1,NULL,NULL,131),(132,1,NULL,NULL,132),(133,1,NULL,NULL,133),(134,1,NULL,NULL,134),(135,1,NULL,NULL,135),(136,1,NULL,NULL,136),(137,1,NULL,NULL,137),(138,1,NULL,NULL,138),(139,1,NULL,NULL,139),(140,1,NULL,NULL,140),(141,1,NULL,NULL,141),(142,1,NULL,NULL,142),(143,1,NULL,NULL,143),(144,1,NULL,NULL,144),(145,1,NULL,NULL,145),(146,1,NULL,NULL,146),(147,1,NULL,NULL,147),(148,1,NULL,NULL,148),(149,1,NULL,NULL,149),(150,1,NULL,NULL,150),(151,1,NULL,NULL,151),(152,1,NULL,NULL,152),(153,1,NULL,NULL,153),(154,1,NULL,NULL,154),(155,1,NULL,NULL,155),(156,1,NULL,NULL,156),(157,1,NULL,NULL,157),(158,1,NULL,NULL,158),(159,1,NULL,NULL,159),(160,1,NULL,NULL,160),(161,1,NULL,NULL,161),(162,1,NULL,NULL,162),(163,1,NULL,NULL,163),(164,1,NULL,NULL,164),(165,1,NULL,NULL,165),(166,1,NULL,NULL,166),(167,1,NULL,NULL,167),(168,1,NULL,NULL,168),(169,1,NULL,NULL,169),(170,1,NULL,NULL,170),(171,1,NULL,NULL,171),(172,1,NULL,NULL,172),(173,1,NULL,NULL,173),(174,1,NULL,NULL,174),(175,1,NULL,NULL,175),(176,1,NULL,NULL,176),(177,1,NULL,NULL,177),(178,1,NULL,NULL,178),(179,1,NULL,NULL,179),(180,1,NULL,NULL,180),(181,1,NULL,NULL,181),(182,1,NULL,NULL,182),(183,1,NULL,NULL,183),(184,1,NULL,NULL,184),(185,1,NULL,NULL,185),(186,1,NULL,NULL,186),(187,1,NULL,NULL,187),(188,1,NULL,NULL,188),(189,1,NULL,NULL,189),(190,1,NULL,NULL,190),(191,1,NULL,NULL,191),(192,1,NULL,NULL,192),(193,1,NULL,NULL,193),(194,1,NULL,NULL,194),(195,1,NULL,NULL,195),(196,1,NULL,NULL,256),(197,1,NULL,NULL,257),(198,1,NULL,NULL,258),(199,1,NULL,NULL,259),(200,1,NULL,NULL,260),(201,1,NULL,NULL,261),(202,1,NULL,NULL,262),(203,1,'AD','dfasd',263),(204,1,NULL,NULL,264),(205,1,NULL,NULL,265),(206,1,NULL,NULL,266),(207,1,NULL,NULL,267),(208,1,NULL,NULL,268),(209,1,NULL,NULL,269),(210,1,NULL,NULL,270),(211,1,NULL,NULL,271),(212,1,NULL,NULL,272),(213,1,NULL,NULL,273),(214,1,NULL,NULL,274),(215,1,NULL,NULL,275),(216,1,'A','Good job',276),(217,1,NULL,NULL,277),(218,1,NULL,NULL,278),(219,1,NULL,NULL,279),(220,1,NULL,NULL,280),(221,1,NULL,NULL,281),(222,1,NULL,NULL,282),(223,1,NULL,NULL,283),(224,1,NULL,NULL,284),(225,1,NULL,NULL,285),(226,1,NULL,NULL,286),(227,1,NULL,NULL,287),(228,1,NULL,NULL,288),(229,1,'A','fdasf',289),(230,1,NULL,NULL,290),(231,1,NULL,NULL,291),(232,1,NULL,NULL,292),(233,1,NULL,NULL,293),(234,1,NULL,NULL,294),(235,1,NULL,NULL,295),(236,1,NULL,NULL,296),(237,1,NULL,NULL,297),(238,1,NULL,NULL,298),(239,1,NULL,NULL,299),(240,1,NULL,NULL,300),(241,1,NULL,NULL,301),(242,1,'C','fadsfsad',302),(243,1,NULL,NULL,303),(244,1,NULL,NULL,304),(245,1,NULL,NULL,305),(246,1,NULL,NULL,306),(247,1,NULL,NULL,307),(248,1,NULL,NULL,308),(249,1,NULL,NULL,309),(250,1,NULL,NULL,310),(251,1,NULL,NULL,311),(252,1,NULL,NULL,312),(253,1,NULL,NULL,313),(254,1,NULL,NULL,314),(255,1,NULL,NULL,315),(256,1,NULL,NULL,316),(257,1,NULL,NULL,317),(258,1,NULL,NULL,318),(259,1,NULL,NULL,319),(260,1,NULL,NULL,320),(261,1,NULL,NULL,321),(262,1,NULL,NULL,322),(263,1,NULL,NULL,323),(264,1,NULL,NULL,324),(265,1,NULL,NULL,325),(266,1,NULL,NULL,326),(267,1,NULL,NULL,327),(268,1,NULL,NULL,328),(269,1,NULL,NULL,329),(270,1,NULL,NULL,330),(271,1,NULL,NULL,331),(272,1,NULL,NULL,332),(273,1,NULL,NULL,333),(274,1,NULL,NULL,334),(275,1,NULL,NULL,335),(276,1,NULL,NULL,336),(277,1,NULL,NULL,337),(278,1,NULL,NULL,338),(279,1,NULL,NULL,339),(280,1,NULL,NULL,340),(281,1,NULL,NULL,341),(282,1,NULL,NULL,342),(283,1,NULL,NULL,343),(284,1,NULL,NULL,344),(285,1,NULL,NULL,345),(286,1,NULL,NULL,346),(287,1,NULL,NULL,347),(288,1,NULL,NULL,348),(289,1,NULL,NULL,349),(290,1,NULL,NULL,350),(291,1,NULL,NULL,351),(292,1,NULL,NULL,352),(293,1,NULL,NULL,353),(294,1,NULL,NULL,354),(295,1,NULL,NULL,355),(296,1,NULL,NULL,356),(297,1,NULL,NULL,357),(298,1,NULL,NULL,358),(299,1,NULL,NULL,359),(300,1,NULL,NULL,360),(301,1,NULL,NULL,361),(302,1,NULL,NULL,362),(303,1,NULL,NULL,363),(304,1,NULL,NULL,364),(305,1,NULL,NULL,365),(306,1,NULL,NULL,366),(307,1,NULL,NULL,367),(308,1,NULL,NULL,368),(309,1,NULL,NULL,369),(310,1,NULL,NULL,370),(311,1,NULL,NULL,371),(312,1,NULL,NULL,372),(313,1,NULL,NULL,373),(314,1,NULL,NULL,374),(315,1,NULL,NULL,375),(316,1,NULL,NULL,376),(317,1,NULL,NULL,377),(318,1,NULL,NULL,378),(319,1,NULL,NULL,379),(320,1,NULL,NULL,380),(321,1,NULL,NULL,381),(322,1,NULL,NULL,382),(323,1,NULL,NULL,383),(324,1,NULL,NULL,384),(325,1,NULL,NULL,385),(326,1,NULL,NULL,386),(327,1,NULL,NULL,387),(328,1,NULL,NULL,388),(329,1,NULL,NULL,389),(330,1,NULL,NULL,390),(331,1,NULL,NULL,391),(332,1,NULL,NULL,392),(333,1,NULL,NULL,393),(334,1,NULL,NULL,394),(335,1,NULL,NULL,395),(336,1,NULL,NULL,396),(337,1,NULL,NULL,397),(338,1,NULL,NULL,398),(339,1,NULL,NULL,399),(340,1,NULL,NULL,400),(341,1,NULL,NULL,401),(342,1,NULL,NULL,402),(343,1,NULL,NULL,403),(344,1,NULL,NULL,404),(345,1,NULL,NULL,405),(346,1,NULL,NULL,406),(347,1,NULL,NULL,407),(348,1,NULL,NULL,408),(349,1,NULL,NULL,409),(350,1,NULL,NULL,410),(351,1,NULL,NULL,411),(352,1,NULL,NULL,412),(353,1,NULL,NULL,413),(354,1,NULL,NULL,414),(355,1,NULL,NULL,415),(356,1,NULL,NULL,416),(357,1,NULL,NULL,417),(358,1,NULL,NULL,418),(359,1,NULL,NULL,419),(360,1,NULL,NULL,420),(361,1,NULL,NULL,421),(362,1,NULL,NULL,422),(363,1,NULL,NULL,423),(364,1,NULL,NULL,424),(365,1,NULL,NULL,425),(366,1,NULL,NULL,426),(367,1,NULL,NULL,427),(368,1,NULL,NULL,428),(369,1,NULL,NULL,429),(370,1,NULL,NULL,430),(371,1,NULL,NULL,431),(372,1,NULL,NULL,432),(373,1,NULL,NULL,433),(374,1,NULL,NULL,434),(375,1,NULL,NULL,435),(376,1,NULL,NULL,436),(377,1,NULL,NULL,437),(378,1,NULL,NULL,438),(379,1,NULL,NULL,439),(380,1,NULL,NULL,440),(381,1,NULL,NULL,441),(382,1,NULL,NULL,442),(383,1,NULL,NULL,443),(384,1,NULL,NULL,444),(385,1,NULL,NULL,445),(386,1,NULL,NULL,446),(387,1,NULL,NULL,447),(388,1,NULL,NULL,448),(389,1,NULL,NULL,449),(390,1,NULL,NULL,450),(391,1,NULL,NULL,511),(392,1,NULL,NULL,512),(393,1,NULL,NULL,513),(394,1,NULL,NULL,514),(395,1,NULL,NULL,515),(396,1,NULL,NULL,516),(397,1,NULL,NULL,517),(398,1,'AD','good work',518),(399,1,NULL,NULL,519),(400,1,NULL,NULL,520),(401,1,NULL,NULL,521),(402,1,NULL,NULL,522),(403,1,NULL,NULL,523),(404,1,NULL,NULL,524),(405,1,NULL,NULL,525),(406,1,NULL,NULL,526),(407,1,NULL,NULL,527),(408,1,NULL,NULL,528),(409,1,NULL,NULL,529),(410,1,NULL,NULL,530),(411,1,'B','Good job',531),(412,1,NULL,NULL,532),(413,1,NULL,NULL,533),(414,1,NULL,NULL,534),(415,1,NULL,NULL,535),(416,1,NULL,NULL,536),(417,1,NULL,NULL,537),(418,1,NULL,NULL,538),(419,1,NULL,NULL,539),(420,1,NULL,NULL,540),(421,1,NULL,NULL,541),(422,1,NULL,NULL,542),(423,1,NULL,NULL,543),(424,1,'A','fdas',544),(425,1,NULL,NULL,545),(426,1,NULL,NULL,546),(427,1,NULL,NULL,547),(428,1,NULL,NULL,548),(429,1,NULL,NULL,549),(430,1,NULL,NULL,550),(431,1,NULL,NULL,551),(432,1,NULL,NULL,552),(433,1,NULL,NULL,553),(434,1,NULL,NULL,554),(435,1,NULL,NULL,555),(436,1,NULL,NULL,556),(437,1,'A','Hello',557),(438,1,NULL,NULL,558),(439,1,NULL,NULL,559),(440,1,NULL,NULL,560),(441,1,NULL,NULL,561),(442,1,NULL,NULL,562),(443,1,NULL,NULL,563),(444,1,NULL,NULL,564),(445,1,NULL,NULL,565),(446,1,NULL,NULL,566),(447,1,NULL,NULL,567),(448,1,NULL,NULL,568),(449,1,NULL,NULL,569),(450,1,NULL,NULL,570),(451,1,NULL,NULL,571),(452,1,NULL,NULL,572),(453,1,NULL,NULL,573),(454,1,NULL,NULL,574),(455,1,NULL,NULL,575),(456,1,NULL,NULL,576),(457,1,NULL,NULL,577),(458,1,NULL,NULL,578),(459,1,NULL,NULL,579),(460,1,NULL,NULL,580),(461,1,NULL,NULL,581),(462,1,NULL,NULL,582),(463,1,NULL,NULL,583),(464,1,NULL,NULL,584),(465,1,NULL,NULL,585),(466,1,NULL,NULL,586),(467,1,NULL,NULL,587),(468,1,NULL,NULL,588),(469,1,NULL,NULL,589),(470,1,NULL,NULL,590),(471,1,NULL,NULL,591),(472,1,NULL,NULL,592),(473,1,NULL,NULL,593),(474,1,NULL,NULL,594),(475,1,NULL,NULL,595),(476,1,NULL,NULL,596),(477,1,NULL,NULL,597),(478,1,NULL,NULL,598),(479,1,NULL,NULL,599),(480,1,NULL,NULL,600),(481,1,NULL,NULL,601),(482,1,NULL,NULL,602),(483,1,NULL,NULL,603),(484,1,NULL,NULL,604),(485,1,NULL,NULL,605),(486,1,NULL,NULL,606),(487,1,NULL,NULL,607),(488,1,NULL,NULL,608),(489,1,NULL,NULL,609),(490,1,NULL,NULL,610),(491,1,NULL,NULL,611),(492,1,NULL,NULL,612),(493,1,NULL,NULL,613),(494,1,NULL,NULL,614),(495,1,NULL,NULL,615),(496,1,NULL,NULL,616),(497,1,NULL,NULL,617),(498,1,NULL,NULL,618),(499,1,NULL,NULL,619),(500,1,NULL,NULL,620),(501,1,NULL,NULL,621),(502,1,NULL,NULL,622),(503,1,NULL,NULL,623),(504,1,NULL,NULL,624),(505,1,NULL,NULL,625),(506,1,NULL,NULL,626),(507,1,NULL,NULL,627),(508,1,NULL,NULL,628),(509,1,NULL,NULL,629),(510,1,NULL,NULL,630),(511,1,NULL,NULL,631),(512,1,NULL,NULL,632),(513,1,NULL,NULL,633),(514,1,NULL,NULL,634),(515,1,NULL,NULL,635),(516,1,NULL,NULL,636),(517,1,NULL,NULL,637),(518,1,NULL,NULL,638),(519,1,NULL,NULL,639),(520,1,NULL,NULL,640),(521,1,NULL,NULL,641),(522,1,NULL,NULL,642),(523,1,NULL,NULL,643),(524,1,NULL,NULL,644),(525,1,NULL,NULL,645),(526,1,NULL,NULL,646),(527,1,NULL,NULL,647),(528,1,NULL,NULL,648),(529,1,NULL,NULL,649),(530,1,NULL,NULL,650),(531,1,NULL,NULL,651),(532,1,NULL,NULL,652),(533,1,NULL,NULL,653),(534,1,NULL,NULL,654),(535,1,NULL,NULL,655),(536,1,NULL,NULL,656),(537,1,NULL,NULL,657),(538,1,NULL,NULL,658),(539,1,NULL,NULL,659),(540,1,NULL,NULL,660),(541,1,NULL,NULL,661),(542,1,NULL,NULL,662),(543,1,NULL,NULL,663),(544,1,NULL,NULL,664),(545,1,NULL,NULL,665),(546,1,NULL,NULL,666),(547,1,NULL,NULL,667),(548,1,NULL,NULL,668),(549,1,NULL,NULL,669),(550,1,NULL,NULL,670),(551,1,NULL,NULL,671),(552,1,NULL,NULL,672),(553,1,NULL,NULL,673),(554,1,NULL,NULL,674),(555,1,NULL,NULL,675),(556,1,NULL,NULL,676),(557,1,NULL,NULL,677),(558,1,NULL,NULL,678),(559,1,NULL,NULL,679),(560,1,NULL,NULL,680),(561,1,NULL,NULL,681),(562,1,NULL,NULL,682),(563,1,NULL,NULL,683),(564,1,NULL,NULL,684),(565,1,NULL,NULL,685),(566,1,NULL,NULL,686),(567,1,NULL,NULL,687),(568,1,NULL,NULL,688),(569,1,NULL,NULL,689),(570,1,NULL,NULL,690),(571,1,NULL,NULL,691),(572,1,NULL,NULL,692),(573,1,NULL,NULL,693),(574,1,NULL,NULL,694),(575,1,NULL,NULL,695),(576,1,NULL,NULL,696),(577,1,NULL,NULL,697),(578,1,NULL,NULL,698),(579,1,NULL,NULL,699),(580,1,NULL,NULL,700),(581,1,NULL,NULL,701),(582,1,NULL,NULL,702),(583,1,NULL,NULL,703),(584,1,NULL,NULL,704),(585,1,NULL,NULL,705),(586,1,NULL,NULL,766),(587,1,NULL,NULL,767),(588,1,NULL,NULL,768),(589,1,NULL,NULL,769),(590,1,NULL,NULL,770),(591,1,NULL,NULL,771),(592,1,NULL,NULL,772),(593,1,NULL,NULL,773),(594,1,NULL,NULL,774),(595,1,NULL,NULL,775),(596,1,NULL,NULL,776),(597,1,NULL,NULL,777),(598,1,NULL,NULL,778),(599,1,NULL,NULL,779),(600,1,NULL,NULL,780),(601,1,NULL,NULL,781),(602,1,NULL,NULL,782),(603,1,NULL,NULL,783),(604,1,NULL,NULL,784),(605,1,NULL,NULL,785),(606,1,NULL,NULL,786),(607,1,NULL,NULL,787),(608,1,NULL,NULL,788),(609,1,NULL,NULL,789),(610,1,NULL,NULL,790),(611,1,NULL,NULL,791),(612,1,NULL,NULL,792),(613,1,NULL,NULL,793),(614,1,NULL,NULL,794),(615,1,NULL,NULL,795),(616,1,NULL,NULL,796),(617,1,NULL,NULL,797),(618,1,NULL,NULL,798),(619,1,NULL,NULL,799),(620,1,NULL,NULL,800),(621,1,NULL,NULL,801),(622,1,NULL,NULL,802),(623,1,NULL,NULL,803),(624,1,NULL,NULL,804),(625,1,NULL,NULL,805),(626,1,NULL,NULL,806),(627,1,NULL,NULL,807),(628,1,NULL,NULL,808),(629,1,NULL,NULL,809),(630,1,NULL,NULL,810),(631,1,NULL,NULL,811),(632,1,NULL,NULL,812),(633,1,NULL,NULL,813),(634,1,NULL,NULL,814),(635,1,NULL,NULL,815),(636,1,NULL,NULL,816),(637,1,NULL,NULL,817),(638,1,NULL,NULL,818),(639,1,NULL,NULL,819),(640,1,NULL,NULL,820),(641,1,NULL,NULL,821),(642,1,NULL,NULL,822),(643,1,NULL,NULL,823),(644,1,NULL,NULL,824),(645,1,NULL,NULL,825),(646,1,NULL,NULL,826),(647,1,NULL,NULL,827),(648,1,NULL,NULL,828),(649,1,NULL,NULL,829),(650,1,NULL,NULL,830),(651,1,NULL,NULL,831),(652,1,NULL,NULL,832),(653,1,NULL,NULL,833),(654,1,NULL,NULL,834),(655,1,NULL,NULL,835),(656,1,NULL,NULL,836),(657,1,NULL,NULL,837),(658,1,NULL,NULL,838),(659,1,NULL,NULL,839),(660,1,NULL,NULL,840),(661,1,NULL,NULL,841),(662,1,NULL,NULL,842),(663,1,NULL,NULL,843),(664,1,NULL,NULL,844),(665,1,NULL,NULL,845),(666,1,NULL,NULL,846),(667,1,NULL,NULL,847),(668,1,NULL,NULL,848),(669,1,NULL,NULL,849),(670,1,NULL,NULL,850),(671,1,NULL,NULL,851),(672,1,NULL,NULL,852),(673,1,NULL,NULL,853),(674,1,NULL,NULL,854),(675,1,NULL,NULL,855),(676,1,NULL,NULL,856),(677,1,NULL,NULL,857),(678,1,NULL,NULL,858),(679,1,NULL,NULL,859),(680,1,NULL,NULL,860),(681,1,NULL,NULL,861),(682,1,NULL,NULL,862),(683,1,NULL,NULL,863),(684,1,NULL,NULL,864),(685,1,NULL,NULL,865),(686,1,NULL,NULL,866),(687,1,NULL,NULL,867),(688,1,NULL,NULL,868),(689,1,NULL,NULL,869),(690,1,NULL,NULL,870),(691,1,NULL,NULL,871),(692,1,NULL,NULL,872),(693,1,NULL,NULL,873),(694,1,NULL,NULL,874),(695,1,NULL,NULL,875),(696,1,NULL,NULL,876),(697,1,NULL,NULL,877),(698,1,NULL,NULL,878),(699,1,NULL,NULL,879),(700,1,NULL,NULL,880),(701,1,NULL,NULL,881),(702,1,NULL,NULL,882),(703,1,NULL,NULL,883),(704,1,NULL,NULL,884),(705,1,NULL,NULL,885),(706,1,NULL,NULL,886),(707,1,NULL,NULL,887),(708,1,NULL,NULL,888),(709,1,NULL,NULL,889),(710,1,NULL,NULL,890),(711,1,NULL,NULL,891),(712,1,NULL,NULL,892),(713,1,NULL,NULL,893),(714,1,NULL,NULL,894),(715,1,NULL,NULL,895),(716,1,NULL,NULL,896),(717,1,NULL,NULL,897),(718,1,NULL,NULL,898),(719,1,NULL,NULL,899),(720,1,NULL,NULL,900),(721,1,NULL,NULL,901),(722,1,NULL,NULL,902),(723,1,NULL,NULL,903),(724,1,NULL,NULL,904),(725,1,NULL,NULL,905),(726,1,NULL,NULL,906),(727,1,NULL,NULL,907),(728,1,NULL,NULL,908),(729,1,NULL,NULL,909),(730,1,NULL,NULL,910),(731,1,NULL,NULL,911),(732,1,NULL,NULL,912),(733,1,NULL,NULL,913),(734,1,NULL,NULL,914),(735,1,NULL,NULL,915),(736,1,NULL,NULL,916),(737,1,NULL,NULL,917),(738,1,NULL,NULL,918),(739,1,NULL,NULL,919),(740,1,NULL,NULL,920),(741,1,NULL,NULL,921),(742,1,NULL,NULL,922),(743,1,NULL,NULL,923),(744,1,NULL,NULL,924),(745,1,NULL,NULL,925),(746,1,NULL,NULL,926),(747,1,NULL,NULL,927),(748,1,NULL,NULL,928),(749,1,NULL,NULL,929),(750,1,NULL,NULL,930),(751,1,NULL,NULL,931),(752,1,NULL,NULL,932),(753,1,NULL,NULL,933),(754,1,NULL,NULL,934),(755,1,NULL,NULL,935),(756,1,NULL,NULL,936),(757,1,NULL,NULL,937),(758,1,NULL,NULL,938),(759,1,NULL,NULL,939),(760,1,NULL,NULL,940),(761,1,NULL,NULL,941),(762,1,NULL,NULL,942),(763,1,NULL,NULL,943),(764,1,NULL,NULL,944),(765,1,NULL,NULL,945),(766,1,NULL,NULL,946),(767,1,NULL,NULL,947),(768,1,NULL,NULL,948),(769,1,NULL,NULL,949),(770,1,NULL,NULL,950),(771,1,NULL,NULL,951),(772,1,NULL,NULL,952),(773,1,NULL,NULL,953),(774,1,NULL,NULL,954),(775,1,NULL,NULL,955),(776,1,NULL,NULL,956),(777,1,NULL,NULL,957),(778,1,NULL,NULL,958),(779,1,NULL,NULL,959),(780,1,NULL,NULL,960),(781,1,NULL,NULL,1021),(782,1,NULL,NULL,1022),(783,1,NULL,NULL,1023),(784,1,NULL,NULL,1024),(785,1,NULL,NULL,1025),(786,1,NULL,NULL,1026),(787,1,NULL,NULL,1027),(788,1,NULL,NULL,1028),(789,1,NULL,NULL,1029),(790,1,NULL,NULL,1030),(791,1,NULL,NULL,1031),(792,1,NULL,NULL,1032),(793,1,NULL,NULL,1033),(794,1,NULL,NULL,1034),(795,1,NULL,NULL,1035),(796,1,NULL,NULL,1036),(797,1,NULL,NULL,1037),(798,1,NULL,NULL,1038),(799,1,NULL,NULL,1039),(800,1,NULL,NULL,1040),(801,1,NULL,NULL,1041),(802,1,NULL,NULL,1042),(803,1,NULL,NULL,1043),(804,1,NULL,NULL,1044),(805,1,NULL,NULL,1045),(806,1,NULL,NULL,1046),(807,1,NULL,NULL,1047),(808,1,NULL,NULL,1048),(809,1,NULL,NULL,1049),(810,1,NULL,NULL,1050),(811,1,NULL,NULL,1051),(812,1,NULL,NULL,1052),(813,1,NULL,NULL,1053),(814,1,NULL,NULL,1054),(815,1,NULL,NULL,1055),(816,1,NULL,NULL,1056),(817,1,NULL,NULL,1057),(818,1,NULL,NULL,1058),(819,1,NULL,NULL,1059),(820,1,NULL,NULL,1060),(821,1,NULL,NULL,1061),(822,1,NULL,NULL,1062),(823,1,NULL,NULL,1063),(824,1,NULL,NULL,1064),(825,1,NULL,NULL,1065),(826,1,NULL,NULL,1066),(827,1,NULL,NULL,1067),(828,1,NULL,NULL,1068),(829,1,NULL,NULL,1069),(830,1,NULL,NULL,1070),(831,1,NULL,NULL,1071),(832,1,NULL,NULL,1072),(833,1,NULL,NULL,1073),(834,1,NULL,NULL,1074),(835,1,NULL,NULL,1075),(836,1,NULL,NULL,1076),(837,1,NULL,NULL,1077),(838,1,NULL,NULL,1078),(839,1,NULL,NULL,1079),(840,1,NULL,NULL,1080),(841,1,NULL,NULL,1081),(842,1,NULL,NULL,1082),(843,1,NULL,NULL,1083),(844,1,NULL,NULL,1084),(845,1,NULL,NULL,1085),(846,1,NULL,NULL,1086),(847,1,NULL,NULL,1087),(848,1,NULL,NULL,1088),(849,1,NULL,NULL,1089),(850,1,NULL,NULL,1090),(851,1,NULL,NULL,1091),(852,1,NULL,NULL,1092),(853,1,NULL,NULL,1093),(854,1,NULL,NULL,1094),(855,1,NULL,NULL,1095),(856,1,NULL,NULL,1096),(857,1,NULL,NULL,1097),(858,1,NULL,NULL,1098),(859,1,NULL,NULL,1099),(860,1,NULL,NULL,1100),(861,1,NULL,NULL,1101),(862,1,NULL,NULL,1102),(863,1,NULL,NULL,1103),(864,1,NULL,NULL,1104),(865,1,NULL,NULL,1105),(866,1,NULL,NULL,1106),(867,1,NULL,NULL,1107),(868,1,NULL,NULL,1108),(869,1,NULL,NULL,1109),(870,1,NULL,NULL,1110),(871,1,NULL,NULL,1111),(872,1,NULL,NULL,1112),(873,1,NULL,NULL,1113),(874,1,NULL,NULL,1114),(875,1,NULL,NULL,1115),(876,1,NULL,NULL,1116),(877,1,NULL,NULL,1117),(878,1,NULL,NULL,1118),(879,1,NULL,NULL,1119),(880,1,NULL,NULL,1120),(881,1,NULL,NULL,1121),(882,1,NULL,NULL,1122),(883,1,NULL,NULL,1123),(884,1,NULL,NULL,1124),(885,1,NULL,NULL,1125),(886,1,NULL,NULL,1126),(887,1,NULL,NULL,1127),(888,1,NULL,NULL,1128),(889,1,NULL,NULL,1129),(890,1,NULL,NULL,1130),(891,1,NULL,NULL,1131),(892,1,NULL,NULL,1132),(893,1,NULL,NULL,1133),(894,1,NULL,NULL,1134),(895,1,NULL,NULL,1135),(896,1,NULL,NULL,1136),(897,1,NULL,NULL,1137),(898,1,NULL,NULL,1138),(899,1,NULL,NULL,1139),(900,1,NULL,NULL,1140),(901,1,NULL,NULL,1141),(902,1,NULL,NULL,1142),(903,1,NULL,NULL,1143),(904,1,NULL,NULL,1144),(905,1,NULL,NULL,1145),(906,1,NULL,NULL,1146),(907,1,NULL,NULL,1147),(908,1,NULL,NULL,1148),(909,1,NULL,NULL,1149),(910,1,NULL,NULL,1150),(911,1,NULL,NULL,1151),(912,1,NULL,NULL,1152),(913,1,NULL,NULL,1153),(914,1,NULL,NULL,1154),(915,1,NULL,NULL,1155),(916,1,NULL,NULL,1156),(917,1,NULL,NULL,1157),(918,1,NULL,NULL,1158),(919,1,NULL,NULL,1159),(920,1,NULL,NULL,1160),(921,1,NULL,NULL,1161),(922,1,NULL,NULL,1162),(923,1,NULL,NULL,1163),(924,1,NULL,NULL,1164),(925,1,NULL,NULL,1165),(926,1,NULL,NULL,1166),(927,1,NULL,NULL,1167),(928,1,NULL,NULL,1168),(929,1,NULL,NULL,1169),(930,1,NULL,NULL,1170),(931,1,NULL,NULL,1171),(932,1,NULL,NULL,1172),(933,1,NULL,NULL,1173),(934,1,NULL,NULL,1174),(935,1,NULL,NULL,1175),(936,1,NULL,NULL,1176),(937,1,NULL,NULL,1177),(938,1,NULL,NULL,1178),(939,1,NULL,NULL,1179),(940,1,NULL,NULL,1180),(941,1,NULL,NULL,1181),(942,1,NULL,NULL,1182),(943,1,NULL,NULL,1183),(944,1,NULL,NULL,1184),(945,1,NULL,NULL,1185),(946,1,NULL,NULL,1186),(947,1,NULL,NULL,1187),(948,1,NULL,NULL,1188),(949,1,NULL,NULL,1189),(950,1,NULL,NULL,1190),(951,1,NULL,NULL,1191),(952,1,NULL,NULL,1192),(953,1,NULL,NULL,1193),(954,1,NULL,NULL,1194),(955,1,NULL,NULL,1195),(956,1,NULL,NULL,1196),(957,1,NULL,NULL,1197),(958,1,NULL,NULL,1198),(959,1,NULL,NULL,1199),(960,1,NULL,NULL,1200),(961,1,NULL,NULL,1201),(962,1,NULL,NULL,1202),(963,1,NULL,NULL,1203),(964,1,NULL,NULL,1204),(965,1,NULL,NULL,1205),(966,1,NULL,NULL,1206),(967,1,NULL,NULL,1207),(968,1,NULL,NULL,1208),(969,1,NULL,NULL,1209),(970,1,NULL,NULL,1210),(971,1,NULL,NULL,1211),(972,1,NULL,NULL,1212),(973,1,NULL,NULL,1213),(974,1,NULL,NULL,1214),(975,1,NULL,NULL,1215),(976,1,NULL,NULL,1276),(977,1,NULL,NULL,1277),(978,1,NULL,NULL,1278),(979,1,NULL,NULL,1279),(980,1,NULL,NULL,1280),(981,1,NULL,NULL,1281),(982,1,NULL,NULL,1282),(983,1,NULL,NULL,1283),(984,1,NULL,NULL,1284),(985,1,NULL,NULL,1285),(986,1,NULL,NULL,1286),(987,1,NULL,NULL,1287),(988,1,NULL,NULL,1288),(989,1,NULL,NULL,1289),(990,1,NULL,NULL,1290),(991,1,NULL,NULL,1291),(992,1,NULL,NULL,1292),(993,1,NULL,NULL,1293),(994,1,NULL,NULL,1294),(995,1,NULL,NULL,1295),(996,1,NULL,NULL,1296),(997,1,NULL,NULL,1297),(998,1,NULL,NULL,1298),(999,1,NULL,NULL,1299),(1000,1,NULL,NULL,1300),(1001,1,NULL,NULL,1301),(1002,1,NULL,NULL,1302),(1003,1,NULL,NULL,1303),(1004,1,NULL,NULL,1304),(1005,1,NULL,NULL,1305),(1006,1,NULL,NULL,1306),(1007,1,NULL,NULL,1307),(1008,1,NULL,NULL,1308),(1009,1,NULL,NULL,1309),(1010,1,NULL,NULL,1310),(1011,1,NULL,NULL,1311),(1012,1,NULL,NULL,1312),(1013,1,NULL,NULL,1313),(1014,1,NULL,NULL,1314),(1015,1,NULL,NULL,1315),(1016,1,NULL,NULL,1316),(1017,1,NULL,NULL,1317),(1018,1,NULL,NULL,1318),(1019,1,NULL,NULL,1319),(1020,1,NULL,NULL,1320),(1021,1,NULL,NULL,1321),(1022,1,NULL,NULL,1322),(1023,1,NULL,NULL,1323),(1024,1,NULL,NULL,1324),(1025,1,NULL,NULL,1325),(1026,1,NULL,NULL,1326),(1027,1,NULL,NULL,1327),(1028,1,NULL,NULL,1328),(1029,1,NULL,NULL,1329),(1030,1,NULL,NULL,1330),(1031,1,NULL,NULL,1331),(1032,1,NULL,NULL,1332),(1033,1,NULL,NULL,1333),(1034,1,NULL,NULL,1334),(1035,1,NULL,NULL,1335),(1036,1,NULL,NULL,1336),(1037,1,NULL,NULL,1337),(1038,1,NULL,NULL,1338),(1039,1,NULL,NULL,1339),(1040,1,NULL,NULL,1340),(1041,1,NULL,NULL,1341),(1042,1,NULL,NULL,1342),(1043,1,NULL,NULL,1343),(1044,1,NULL,NULL,1344),(1045,1,NULL,NULL,1345),(1046,1,NULL,NULL,1346),(1047,1,NULL,NULL,1347),(1048,1,NULL,NULL,1348),(1049,1,NULL,NULL,1349),(1050,1,NULL,NULL,1350),(1051,1,NULL,NULL,1351),(1052,1,NULL,NULL,1352),(1053,1,NULL,NULL,1353),(1054,1,NULL,NULL,1354),(1055,1,NULL,NULL,1355),(1056,1,NULL,NULL,1356),(1057,1,NULL,NULL,1357),(1058,1,NULL,NULL,1358),(1059,1,NULL,NULL,1359),(1060,1,NULL,NULL,1360),(1061,1,NULL,NULL,1361),(1062,1,NULL,NULL,1362),(1063,1,NULL,NULL,1363),(1064,1,NULL,NULL,1364),(1065,1,NULL,NULL,1365),(1066,1,NULL,NULL,1366),(1067,1,NULL,NULL,1367),(1068,1,NULL,NULL,1368),(1069,1,NULL,NULL,1369),(1070,1,NULL,NULL,1370),(1071,1,NULL,NULL,1371),(1072,1,NULL,NULL,1372),(1073,1,NULL,NULL,1373),(1074,1,NULL,NULL,1374),(1075,1,NULL,NULL,1375),(1076,1,NULL,NULL,1376),(1077,1,NULL,NULL,1377),(1078,1,NULL,NULL,1378),(1079,1,NULL,NULL,1379),(1080,1,NULL,NULL,1380),(1081,1,NULL,NULL,1381),(1082,1,NULL,NULL,1382),(1083,1,NULL,NULL,1383),(1084,1,NULL,NULL,1384),(1085,1,NULL,NULL,1385),(1086,1,NULL,NULL,1386),(1087,1,NULL,NULL,1387),(1088,1,NULL,NULL,1388),(1089,1,NULL,NULL,1389),(1090,1,NULL,NULL,1390),(1091,1,NULL,NULL,1391),(1092,1,NULL,NULL,1392),(1093,1,NULL,NULL,1393),(1094,1,NULL,NULL,1394),(1095,1,NULL,NULL,1395),(1096,1,NULL,NULL,1396),(1097,1,NULL,NULL,1397),(1098,1,NULL,NULL,1398),(1099,1,NULL,NULL,1399),(1100,1,NULL,NULL,1400),(1101,1,NULL,NULL,1401),(1102,1,NULL,NULL,1402),(1103,1,NULL,NULL,1403),(1104,1,NULL,NULL,1404),(1105,1,NULL,NULL,1405),(1106,1,NULL,NULL,1406),(1107,1,NULL,NULL,1407),(1108,1,NULL,NULL,1408),(1109,1,NULL,NULL,1409),(1110,1,NULL,NULL,1410),(1111,1,NULL,NULL,1411),(1112,1,NULL,NULL,1412),(1113,1,NULL,NULL,1413),(1114,1,NULL,NULL,1414),(1115,1,NULL,NULL,1415),(1116,1,NULL,NULL,1416),(1117,1,NULL,NULL,1417),(1118,1,NULL,NULL,1418),(1119,1,NULL,NULL,1419),(1120,1,NULL,NULL,1420),(1121,1,NULL,NULL,1421),(1122,1,NULL,NULL,1422),(1123,1,NULL,NULL,1423),(1124,1,NULL,NULL,1424),(1125,1,NULL,NULL,1425),(1126,1,NULL,NULL,1426),(1127,1,NULL,NULL,1427),(1128,1,NULL,NULL,1428),(1129,1,NULL,NULL,1429),(1130,1,NULL,NULL,1430),(1131,1,NULL,NULL,1431),(1132,1,NULL,NULL,1432),(1133,1,NULL,NULL,1433),(1134,1,NULL,NULL,1434),(1135,1,NULL,NULL,1435),(1136,1,NULL,NULL,1436),(1137,1,NULL,NULL,1437),(1138,1,NULL,NULL,1438),(1139,1,NULL,NULL,1439),(1140,1,NULL,NULL,1440),(1141,1,NULL,NULL,1441),(1142,1,NULL,NULL,1442),(1143,1,NULL,NULL,1443),(1144,1,NULL,NULL,1444),(1145,1,NULL,NULL,1445),(1146,1,NULL,NULL,1446),(1147,1,NULL,NULL,1447),(1148,1,NULL,NULL,1448),(1149,1,NULL,NULL,1449),(1150,1,NULL,NULL,1450),(1151,1,NULL,NULL,1451),(1152,1,NULL,NULL,1452),(1153,1,NULL,NULL,1453),(1154,1,NULL,NULL,1454),(1155,1,NULL,NULL,1455),(1156,1,NULL,NULL,1456),(1157,1,NULL,NULL,1457),(1158,1,NULL,NULL,1458),(1159,1,NULL,NULL,1459),(1160,1,NULL,NULL,1460),(1161,1,NULL,NULL,1461),(1162,1,NULL,NULL,1462),(1163,1,NULL,NULL,1463),(1164,1,NULL,NULL,1464),(1165,1,NULL,NULL,1465),(1166,1,NULL,NULL,1466),(1167,1,NULL,NULL,1467),(1168,1,NULL,NULL,1468),(1169,1,NULL,NULL,1469),(1170,1,NULL,NULL,1470),(1171,1,NULL,NULL,1531),(1172,1,NULL,NULL,1532),(1173,1,NULL,NULL,1533),(1174,1,NULL,NULL,1534),(1175,1,NULL,NULL,1535),(1176,1,NULL,NULL,1536),(1177,1,NULL,NULL,1537),(1178,1,NULL,NULL,1538),(1179,1,NULL,NULL,1539),(1180,1,NULL,NULL,1540),(1181,1,NULL,NULL,1541),(1182,1,NULL,NULL,1542),(1183,1,NULL,NULL,1543),(1184,1,NULL,NULL,1544),(1185,1,NULL,NULL,1545),(1186,1,NULL,NULL,1546),(1187,1,NULL,NULL,1547),(1188,1,NULL,NULL,1548),(1189,1,NULL,NULL,1549),(1190,1,NULL,NULL,1550),(1191,1,NULL,NULL,1551),(1192,1,NULL,NULL,1552),(1193,1,NULL,NULL,1553),(1194,1,NULL,NULL,1554),(1195,1,NULL,NULL,1555),(1196,1,NULL,NULL,1556),(1197,1,NULL,NULL,1557),(1198,1,NULL,NULL,1558),(1199,1,NULL,NULL,1559),(1200,1,NULL,NULL,1560),(1201,1,NULL,NULL,1561),(1202,1,NULL,NULL,1562),(1203,1,NULL,NULL,1563),(1204,1,NULL,NULL,1564),(1205,1,NULL,NULL,1565),(1206,1,NULL,NULL,1566),(1207,1,NULL,NULL,1567),(1208,1,NULL,NULL,1568),(1209,1,NULL,NULL,1569),(1210,1,NULL,NULL,1570),(1211,1,NULL,NULL,1571),(1212,1,NULL,NULL,1572),(1213,1,NULL,NULL,1573),(1214,1,NULL,NULL,1574),(1215,1,NULL,NULL,1575),(1216,1,NULL,NULL,1576),(1217,1,NULL,NULL,1577),(1218,1,NULL,NULL,1578),(1219,1,NULL,NULL,1579),(1220,1,NULL,NULL,1580),(1221,1,NULL,NULL,1581),(1222,1,NULL,NULL,1582),(1223,1,NULL,NULL,1583),(1224,1,NULL,NULL,1584),(1225,1,NULL,NULL,1585),(1226,1,NULL,NULL,1586),(1227,1,NULL,NULL,1587),(1228,1,NULL,NULL,1588),(1229,1,NULL,NULL,1589),(1230,1,NULL,NULL,1590),(1231,1,NULL,NULL,1591),(1232,1,NULL,NULL,1592),(1233,1,NULL,NULL,1593),(1234,1,NULL,NULL,1594),(1235,1,NULL,NULL,1595),(1236,1,NULL,NULL,1596),(1237,1,NULL,NULL,1597),(1238,1,NULL,NULL,1598),(1239,1,NULL,NULL,1599),(1240,1,NULL,NULL,1600),(1241,1,NULL,NULL,1601),(1242,1,NULL,NULL,1602),(1243,1,NULL,NULL,1603),(1244,1,NULL,NULL,1604),(1245,1,NULL,NULL,1605),(1246,1,NULL,NULL,1606),(1247,1,NULL,NULL,1607),(1248,1,NULL,NULL,1608),(1249,1,NULL,NULL,1609),(1250,1,NULL,NULL,1610),(1251,1,NULL,NULL,1611),(1252,1,NULL,NULL,1612),(1253,1,NULL,NULL,1613),(1254,1,NULL,NULL,1614),(1255,1,NULL,NULL,1615),(1256,1,NULL,NULL,1616),(1257,1,NULL,NULL,1617),(1258,1,NULL,NULL,1618),(1259,1,NULL,NULL,1619),(1260,1,NULL,NULL,1620),(1261,1,NULL,NULL,1621),(1262,1,NULL,NULL,1622),(1263,1,NULL,NULL,1623),(1264,1,NULL,NULL,1624),(1265,1,NULL,NULL,1625),(1266,1,NULL,NULL,1626),(1267,1,NULL,NULL,1627),(1268,1,NULL,NULL,1628),(1269,1,NULL,NULL,1629),(1270,1,NULL,NULL,1630),(1271,1,NULL,NULL,1631),(1272,1,NULL,NULL,1632),(1273,1,NULL,NULL,1633),(1274,1,NULL,NULL,1634),(1275,1,NULL,NULL,1635),(1276,1,NULL,NULL,1636),(1277,1,NULL,NULL,1637),(1278,1,NULL,NULL,1638),(1279,1,NULL,NULL,1639),(1280,1,NULL,NULL,1640),(1281,1,NULL,NULL,1641),(1282,1,NULL,NULL,1642),(1283,1,NULL,NULL,1643),(1284,1,NULL,NULL,1644),(1285,1,NULL,NULL,1645),(1286,1,NULL,NULL,1646),(1287,1,NULL,NULL,1647),(1288,1,NULL,NULL,1648),(1289,1,NULL,NULL,1649),(1290,1,NULL,NULL,1650),(1291,1,NULL,NULL,1651),(1292,1,NULL,NULL,1652),(1293,1,NULL,NULL,1653),(1294,1,NULL,NULL,1654),(1295,1,NULL,NULL,1655),(1296,1,NULL,NULL,1656),(1297,1,NULL,NULL,1657),(1298,1,NULL,NULL,1658),(1299,1,NULL,NULL,1659),(1300,1,NULL,NULL,1660),(1301,1,NULL,NULL,1661),(1302,1,NULL,NULL,1662),(1303,1,NULL,NULL,1663),(1304,1,NULL,NULL,1664),(1305,1,NULL,NULL,1665),(1306,1,NULL,NULL,1666),(1307,1,NULL,NULL,1667),(1308,1,NULL,NULL,1668),(1309,1,NULL,NULL,1669),(1310,1,NULL,NULL,1670),(1311,1,NULL,NULL,1671),(1312,1,NULL,NULL,1672),(1313,1,NULL,NULL,1673),(1314,1,NULL,NULL,1674),(1315,1,NULL,NULL,1675),(1316,1,NULL,NULL,1676),(1317,1,NULL,NULL,1677),(1318,1,NULL,NULL,1678),(1319,1,NULL,NULL,1679),(1320,1,NULL,NULL,1680),(1321,1,NULL,NULL,1681),(1322,1,NULL,NULL,1682),(1323,1,NULL,NULL,1683),(1324,1,NULL,NULL,1684),(1325,1,NULL,NULL,1685),(1326,1,NULL,NULL,1686),(1327,1,NULL,NULL,1687),(1328,1,NULL,NULL,1688),(1329,1,NULL,NULL,1689),(1330,1,NULL,NULL,1690),(1331,1,NULL,NULL,1691),(1332,1,NULL,NULL,1692),(1333,1,NULL,NULL,1693),(1334,1,NULL,NULL,1694),(1335,1,NULL,NULL,1695),(1336,1,NULL,NULL,1696),(1337,1,NULL,NULL,1697),(1338,1,NULL,NULL,1698),(1339,1,NULL,NULL,1699),(1340,1,NULL,NULL,1700),(1341,1,NULL,NULL,1701),(1342,1,NULL,NULL,1702),(1343,1,NULL,NULL,1703),(1344,1,NULL,NULL,1704),(1345,1,NULL,NULL,1705),(1346,1,NULL,NULL,1706),(1347,1,NULL,NULL,1707),(1348,1,NULL,NULL,1708),(1349,1,NULL,NULL,1709),(1350,1,NULL,NULL,1710),(1351,1,NULL,NULL,1711),(1352,1,NULL,NULL,1712),(1353,1,NULL,NULL,1713),(1354,1,NULL,NULL,1714),(1355,1,NULL,NULL,1715),(1356,1,NULL,NULL,1716),(1357,1,NULL,NULL,1717),(1358,1,NULL,NULL,1718),(1359,1,NULL,NULL,1719),(1360,1,NULL,NULL,1720),(1361,1,NULL,NULL,1721),(1362,1,NULL,NULL,1722),(1363,1,NULL,NULL,1723),(1364,1,NULL,NULL,1724),(1365,1,NULL,NULL,1725),(1366,1,NULL,NULL,1786),(1367,1,NULL,NULL,1787),(1368,1,NULL,NULL,1788),(1369,1,NULL,NULL,1789),(1370,1,NULL,NULL,1790),(1371,1,NULL,NULL,1791),(1372,1,NULL,NULL,1792),(1373,1,NULL,NULL,1793),(1374,1,NULL,NULL,1794),(1375,1,NULL,NULL,1795),(1376,1,NULL,NULL,1796),(1377,1,NULL,NULL,1797),(1378,1,NULL,NULL,1798),(1379,1,NULL,NULL,1799),(1380,1,NULL,NULL,1800),(1381,1,NULL,NULL,1801),(1382,1,NULL,NULL,1802),(1383,1,NULL,NULL,1803),(1384,1,NULL,NULL,1804),(1385,1,NULL,NULL,1805),(1386,1,NULL,NULL,1806),(1387,1,NULL,NULL,1807),(1388,1,NULL,NULL,1808),(1389,1,NULL,NULL,1809),(1390,1,NULL,NULL,1810),(1391,1,NULL,NULL,1811),(1392,1,NULL,NULL,1812),(1393,1,NULL,NULL,1813),(1394,1,NULL,NULL,1814),(1395,1,NULL,NULL,1815),(1396,1,NULL,NULL,1816),(1397,1,NULL,NULL,1817),(1398,1,NULL,NULL,1818),(1399,1,NULL,NULL,1819),(1400,1,NULL,NULL,1820),(1401,1,NULL,NULL,1821),(1402,1,NULL,NULL,1822),(1403,1,NULL,NULL,1823),(1404,1,NULL,NULL,1824),(1405,1,NULL,NULL,1825),(1406,1,NULL,NULL,1826),(1407,1,NULL,NULL,1827),(1408,1,NULL,NULL,1828),(1409,1,NULL,NULL,1829),(1410,1,NULL,NULL,1830),(1411,1,NULL,NULL,1831),(1412,1,NULL,NULL,1832),(1413,1,NULL,NULL,1833),(1414,1,NULL,NULL,1834),(1415,1,NULL,NULL,1835),(1416,1,NULL,NULL,1836),(1417,1,NULL,NULL,1837),(1418,1,NULL,NULL,1838),(1419,1,NULL,NULL,1839),(1420,1,NULL,NULL,1840),(1421,1,NULL,NULL,1841),(1422,1,NULL,NULL,1842),(1423,1,NULL,NULL,1843),(1424,1,NULL,NULL,1844),(1425,1,NULL,NULL,1845),(1426,1,NULL,NULL,1846),(1427,1,NULL,NULL,1847),(1428,1,NULL,NULL,1848),(1429,1,NULL,NULL,1849),(1430,1,NULL,NULL,1850),(1431,1,NULL,NULL,1851),(1432,1,NULL,NULL,1852),(1433,1,NULL,NULL,1853),(1434,1,NULL,NULL,1854),(1435,1,NULL,NULL,1855),(1436,1,NULL,NULL,1856),(1437,1,NULL,NULL,1857),(1438,1,NULL,NULL,1858),(1439,1,NULL,NULL,1859),(1440,1,NULL,NULL,1860),(1441,1,NULL,NULL,1861),(1442,1,NULL,NULL,1862),(1443,1,NULL,NULL,1863),(1444,1,NULL,NULL,1864),(1445,1,NULL,NULL,1865),(1446,1,NULL,NULL,1866),(1447,1,NULL,NULL,1867),(1448,1,NULL,NULL,1868),(1449,1,NULL,NULL,1869),(1450,1,NULL,NULL,1870),(1451,1,NULL,NULL,1871),(1452,1,NULL,NULL,1872),(1453,1,NULL,NULL,1873),(1454,1,NULL,NULL,1874),(1455,1,NULL,NULL,1875),(1456,1,NULL,NULL,1876),(1457,1,NULL,NULL,1877),(1458,1,NULL,NULL,1878),(1459,1,NULL,NULL,1879),(1460,1,NULL,NULL,1880),(1461,1,NULL,NULL,1881),(1462,1,NULL,NULL,1882),(1463,1,NULL,NULL,1883),(1464,1,NULL,NULL,1884),(1465,1,NULL,NULL,1885),(1466,1,NULL,NULL,1886),(1467,1,NULL,NULL,1887),(1468,1,NULL,NULL,1888),(1469,1,NULL,NULL,1889),(1470,1,NULL,NULL,1890),(1471,1,NULL,NULL,1891),(1472,1,NULL,NULL,1892),(1473,1,NULL,NULL,1893),(1474,1,NULL,NULL,1894),(1475,1,NULL,NULL,1895),(1476,1,NULL,NULL,1896),(1477,1,NULL,NULL,1897),(1478,1,NULL,NULL,1898),(1479,1,NULL,NULL,1899),(1480,1,NULL,NULL,1900),(1481,1,NULL,NULL,1901),(1482,1,NULL,NULL,1902),(1483,1,NULL,NULL,1903),(1484,1,NULL,NULL,1904),(1485,1,NULL,NULL,1905),(1486,1,NULL,NULL,1906),(1487,1,NULL,NULL,1907),(1488,1,NULL,NULL,1908),(1489,1,NULL,NULL,1909),(1490,1,NULL,NULL,1910),(1491,1,NULL,NULL,1911),(1492,1,NULL,NULL,1912),(1493,1,NULL,NULL,1913),(1494,1,NULL,NULL,1914),(1495,1,NULL,NULL,1915),(1496,1,NULL,NULL,1916),(1497,1,NULL,NULL,1917),(1498,1,NULL,NULL,1918),(1499,1,NULL,NULL,1919),(1500,1,NULL,NULL,1920),(1501,1,NULL,NULL,1921),(1502,1,NULL,NULL,1922),(1503,1,NULL,NULL,1923),(1504,1,NULL,NULL,1924),(1505,1,NULL,NULL,1925),(1506,1,NULL,NULL,1926),(1507,1,NULL,NULL,1927),(1508,1,NULL,NULL,1928),(1509,1,NULL,NULL,1929),(1510,1,NULL,NULL,1930),(1511,1,NULL,NULL,1931),(1512,1,NULL,NULL,1932),(1513,1,NULL,NULL,1933),(1514,1,NULL,NULL,1934),(1515,1,NULL,NULL,1935),(1516,1,NULL,NULL,1936),(1517,1,NULL,NULL,1937),(1518,1,NULL,NULL,1938),(1519,1,NULL,NULL,1939),(1520,1,NULL,NULL,1940),(1521,1,NULL,NULL,1941),(1522,1,NULL,NULL,1942),(1523,1,NULL,NULL,1943),(1524,1,NULL,NULL,1944),(1525,1,NULL,NULL,1945),(1526,1,NULL,NULL,1946),(1527,1,NULL,NULL,1947),(1528,1,NULL,NULL,1948),(1529,1,NULL,NULL,1949),(1530,1,NULL,NULL,1950),(1531,1,NULL,NULL,1951),(1532,1,NULL,NULL,1952),(1533,1,NULL,NULL,1953),(1534,1,NULL,NULL,1954),(1535,1,NULL,NULL,1955),(1536,1,NULL,NULL,1956),(1537,1,NULL,NULL,1957),(1538,1,NULL,NULL,1958),(1539,1,NULL,NULL,1959),(1540,1,NULL,NULL,1960),(1541,1,NULL,NULL,1961),(1542,1,NULL,NULL,1962),(1543,1,NULL,NULL,1963),(1544,1,NULL,NULL,1964),(1545,1,NULL,NULL,1965),(1546,1,NULL,NULL,1966),(1547,1,NULL,NULL,1967),(1548,1,NULL,NULL,1968),(1549,1,NULL,NULL,1969),(1550,1,NULL,NULL,1970),(1551,1,NULL,NULL,1971),(1552,1,NULL,NULL,1972),(1553,1,NULL,NULL,1973),(1554,1,NULL,NULL,1974),(1555,1,NULL,NULL,1975),(1556,1,NULL,NULL,1976),(1557,1,NULL,NULL,1977),(1558,1,NULL,NULL,1978),(1559,1,NULL,NULL,1979),(1560,1,NULL,NULL,1980),(1561,1,NULL,NULL,2041),(1562,1,NULL,NULL,2042),(1563,1,NULL,NULL,2043),(1564,1,NULL,NULL,2044),(1565,1,NULL,NULL,2045),(1566,1,NULL,NULL,2046),(1567,1,NULL,NULL,2047),(1568,1,NULL,NULL,2048),(1569,1,NULL,NULL,2049),(1570,1,NULL,NULL,2050),(1571,1,NULL,NULL,2051),(1572,1,NULL,NULL,2052),(1573,1,NULL,NULL,2053),(1574,1,NULL,NULL,2054),(1575,1,NULL,NULL,2055),(1576,1,NULL,NULL,2056),(1577,1,NULL,NULL,2057),(1578,1,NULL,NULL,2058),(1579,1,NULL,NULL,2059),(1580,1,NULL,NULL,2060),(1581,1,NULL,NULL,2061),(1582,1,NULL,NULL,2062),(1583,1,NULL,NULL,2063),(1584,1,NULL,NULL,2064),(1585,1,NULL,NULL,2065),(1586,1,NULL,NULL,2066),(1587,1,NULL,NULL,2067),(1588,1,NULL,NULL,2068),(1589,1,NULL,NULL,2069),(1590,1,NULL,NULL,2070),(1591,1,NULL,NULL,2071),(1592,1,NULL,NULL,2072),(1593,1,NULL,NULL,2073),(1594,1,NULL,NULL,2074),(1595,1,NULL,NULL,2075),(1596,1,NULL,NULL,2076),(1597,1,NULL,NULL,2077),(1598,1,NULL,NULL,2078),(1599,1,NULL,NULL,2079),(1600,1,NULL,NULL,2080),(1601,1,NULL,NULL,2081),(1602,1,NULL,NULL,2082),(1603,1,NULL,NULL,2083),(1604,1,NULL,NULL,2084),(1605,1,NULL,NULL,2085),(1606,1,NULL,NULL,2086),(1607,1,NULL,NULL,2087),(1608,1,NULL,NULL,2088),(1609,1,NULL,NULL,2089),(1610,1,NULL,NULL,2090),(1611,1,NULL,NULL,2091),(1612,1,NULL,NULL,2092),(1613,1,NULL,NULL,2093),(1614,1,NULL,NULL,2094),(1615,1,NULL,NULL,2095),(1616,1,NULL,NULL,2096),(1617,1,NULL,NULL,2097),(1618,1,NULL,NULL,2098),(1619,1,NULL,NULL,2099),(1620,1,NULL,NULL,2100),(1621,1,NULL,NULL,2101),(1622,1,NULL,NULL,2102),(1623,1,NULL,NULL,2103),(1624,1,NULL,NULL,2104),(1625,1,NULL,NULL,2105),(1626,1,NULL,NULL,2106),(1627,1,NULL,NULL,2107),(1628,1,NULL,NULL,2108),(1629,1,NULL,NULL,2109),(1630,1,NULL,NULL,2110),(1631,1,NULL,NULL,2111),(1632,1,NULL,NULL,2112),(1633,1,NULL,NULL,2113),(1634,1,NULL,NULL,2114),(1635,1,NULL,NULL,2115),(1636,1,NULL,NULL,2116),(1637,1,NULL,NULL,2117),(1638,1,NULL,NULL,2118),(1639,1,NULL,NULL,2119),(1640,1,NULL,NULL,2120),(1641,1,NULL,NULL,2121),(1642,1,NULL,NULL,2122),(1643,1,NULL,NULL,2123),(1644,1,NULL,NULL,2124),(1645,1,NULL,NULL,2125),(1646,1,NULL,NULL,2126),(1647,1,NULL,NULL,2127),(1648,1,NULL,NULL,2128),(1649,1,NULL,NULL,2129),(1650,1,NULL,NULL,2130),(1651,1,NULL,NULL,2131),(1652,1,NULL,NULL,2132),(1653,1,NULL,NULL,2133),(1654,1,NULL,NULL,2134),(1655,1,NULL,NULL,2135),(1656,1,NULL,NULL,2136),(1657,1,NULL,NULL,2137),(1658,1,NULL,NULL,2138),(1659,1,NULL,NULL,2139),(1660,1,NULL,NULL,2140),(1661,1,NULL,NULL,2141),(1662,1,NULL,NULL,2142),(1663,1,NULL,NULL,2143),(1664,1,NULL,NULL,2144),(1665,1,NULL,NULL,2145),(1666,1,NULL,NULL,2146),(1667,1,NULL,NULL,2147),(1668,1,NULL,NULL,2148),(1669,1,NULL,NULL,2149),(1670,1,NULL,NULL,2150),(1671,1,NULL,NULL,2151),(1672,1,NULL,NULL,2152),(1673,1,NULL,NULL,2153),(1674,1,NULL,NULL,2154),(1675,1,NULL,NULL,2155),(1676,1,NULL,NULL,2156),(1677,1,NULL,NULL,2157),(1678,1,NULL,NULL,2158),(1679,1,NULL,NULL,2159),(1680,1,NULL,NULL,2160),(1681,1,NULL,NULL,2161),(1682,1,NULL,NULL,2162),(1683,1,NULL,NULL,2163),(1684,1,NULL,NULL,2164),(1685,1,NULL,NULL,2165),(1686,1,NULL,NULL,2166),(1687,1,NULL,NULL,2167),(1688,1,NULL,NULL,2168),(1689,1,NULL,NULL,2169),(1690,1,NULL,NULL,2170),(1691,1,NULL,NULL,2171),(1692,1,NULL,NULL,2172),(1693,1,NULL,NULL,2173),(1694,1,NULL,NULL,2174),(1695,1,NULL,NULL,2175),(1696,1,NULL,NULL,2176),(1697,1,NULL,NULL,2177),(1698,1,NULL,NULL,2178),(1699,1,NULL,NULL,2179),(1700,1,NULL,NULL,2180),(1701,1,NULL,NULL,2181),(1702,1,NULL,NULL,2182),(1703,1,NULL,NULL,2183),(1704,1,NULL,NULL,2184),(1705,1,NULL,NULL,2185),(1706,1,NULL,NULL,2186),(1707,1,NULL,NULL,2187),(1708,1,NULL,NULL,2188),(1709,1,NULL,NULL,2189),(1710,1,NULL,NULL,2190),(1711,1,NULL,NULL,2191),(1712,1,NULL,NULL,2192),(1713,1,NULL,NULL,2193),(1714,1,NULL,NULL,2194),(1715,1,NULL,NULL,2195),(1716,1,NULL,NULL,2196),(1717,1,NULL,NULL,2197),(1718,1,NULL,NULL,2198),(1719,1,NULL,NULL,2199),(1720,1,NULL,NULL,2200),(1721,1,NULL,NULL,2201),(1722,1,NULL,NULL,2202),(1723,1,NULL,NULL,2203),(1724,1,NULL,NULL,2204),(1725,1,NULL,NULL,2205),(1726,1,NULL,NULL,2206),(1727,1,NULL,NULL,2207),(1728,1,NULL,NULL,2208),(1729,1,NULL,NULL,2209),(1730,1,NULL,NULL,2210),(1731,1,NULL,NULL,2211),(1732,1,NULL,NULL,2212),(1733,1,NULL,NULL,2213),(1734,1,NULL,NULL,2214),(1735,1,NULL,NULL,2215),(1736,1,NULL,NULL,2216),(1737,1,NULL,NULL,2217),(1738,1,NULL,NULL,2218),(1739,1,NULL,NULL,2219),(1740,1,NULL,NULL,2220),(1741,1,NULL,NULL,2221),(1742,1,NULL,NULL,2222),(1743,1,NULL,NULL,2223),(1744,1,NULL,NULL,2224),(1745,1,NULL,NULL,2225),(1746,1,NULL,NULL,2226),(1747,1,NULL,NULL,2227),(1748,1,NULL,NULL,2228),(1749,1,NULL,NULL,2229),(1750,1,NULL,NULL,2230),(1751,1,NULL,NULL,2231),(1752,1,NULL,NULL,2232),(1753,1,NULL,NULL,2233),(1754,1,NULL,NULL,2234),(1755,1,NULL,NULL,2235),(1756,1,NULL,NULL,2296),(1757,1,NULL,NULL,2297),(1758,1,NULL,NULL,2298),(1759,1,NULL,NULL,2299),(1760,1,NULL,NULL,2300),(1761,1,NULL,NULL,2301),(1762,1,NULL,NULL,2302),(1763,1,NULL,NULL,2303),(1764,1,NULL,NULL,2304),(1765,1,NULL,NULL,2305),(1766,1,NULL,NULL,2306),(1767,1,NULL,NULL,2307),(1768,1,NULL,NULL,2308),(1769,1,NULL,NULL,2309),(1770,1,NULL,NULL,2310),(1771,1,NULL,NULL,2311),(1772,1,NULL,NULL,2312),(1773,1,NULL,NULL,2313),(1774,1,NULL,NULL,2314),(1775,1,NULL,NULL,2315),(1776,1,NULL,NULL,2316),(1777,1,NULL,NULL,2317),(1778,1,NULL,NULL,2318),(1779,1,NULL,NULL,2319),(1780,1,NULL,NULL,2320),(1781,1,NULL,NULL,2321),(1782,1,NULL,NULL,2322),(1783,1,NULL,NULL,2323),(1784,1,NULL,NULL,2324),(1785,1,NULL,NULL,2325),(1786,1,NULL,NULL,2326),(1787,1,NULL,NULL,2327),(1788,1,NULL,NULL,2328),(1789,1,NULL,NULL,2329),(1790,1,NULL,NULL,2330),(1791,1,NULL,NULL,2331),(1792,1,NULL,NULL,2332),(1793,1,NULL,NULL,2333),(1794,1,NULL,NULL,2334),(1795,1,NULL,NULL,2335),(1796,1,NULL,NULL,2336),(1797,1,NULL,NULL,2337),(1798,1,NULL,NULL,2338),(1799,1,NULL,NULL,2339),(1800,1,NULL,NULL,2340),(1801,1,NULL,NULL,2341),(1802,1,NULL,NULL,2342),(1803,1,NULL,NULL,2343),(1804,1,NULL,NULL,2344),(1805,1,NULL,NULL,2345),(1806,1,NULL,NULL,2346),(1807,1,NULL,NULL,2347),(1808,1,NULL,NULL,2348),(1809,1,NULL,NULL,2349),(1810,1,NULL,NULL,2350),(1811,1,NULL,NULL,2351),(1812,1,NULL,NULL,2352),(1813,1,NULL,NULL,2353),(1814,1,NULL,NULL,2354),(1815,1,NULL,NULL,2355),(1816,1,NULL,NULL,2356),(1817,1,NULL,NULL,2357),(1818,1,NULL,NULL,2358),(1819,1,NULL,NULL,2359),(1820,1,NULL,NULL,2360),(1821,1,NULL,NULL,2361),(1822,1,NULL,NULL,2362),(1823,1,NULL,NULL,2363),(1824,1,NULL,NULL,2364),(1825,1,NULL,NULL,2365),(1826,1,NULL,NULL,2366),(1827,1,NULL,NULL,2367),(1828,1,NULL,NULL,2368),(1829,1,NULL,NULL,2369),(1830,1,NULL,NULL,2370),(1831,1,NULL,NULL,2371),(1832,1,NULL,NULL,2372),(1833,1,NULL,NULL,2373),(1834,1,NULL,NULL,2374),(1835,1,NULL,NULL,2375),(1836,1,NULL,NULL,2376),(1837,1,NULL,NULL,2377),(1838,1,NULL,NULL,2378),(1839,1,NULL,NULL,2379),(1840,1,NULL,NULL,2380),(1841,1,NULL,NULL,2381),(1842,1,NULL,NULL,2382),(1843,1,NULL,NULL,2383),(1844,1,NULL,NULL,2384),(1845,1,NULL,NULL,2385),(1846,1,NULL,NULL,2386),(1847,1,NULL,NULL,2387),(1848,1,NULL,NULL,2388),(1849,1,NULL,NULL,2389),(1850,1,NULL,NULL,2390),(1851,1,NULL,NULL,2391),(1852,1,NULL,NULL,2392),(1853,1,NULL,NULL,2393),(1854,1,NULL,NULL,2394),(1855,1,NULL,NULL,2395),(1856,1,NULL,NULL,2396),(1857,1,NULL,NULL,2397),(1858,1,NULL,NULL,2398),(1859,1,NULL,NULL,2399),(1860,1,NULL,NULL,2400),(1861,1,NULL,NULL,2401),(1862,1,NULL,NULL,2402),(1863,1,NULL,NULL,2403),(1864,1,NULL,NULL,2404),(1865,1,NULL,NULL,2405),(1866,1,NULL,NULL,2406),(1867,1,NULL,NULL,2407),(1868,1,NULL,NULL,2408),(1869,1,NULL,NULL,2409),(1870,1,NULL,NULL,2410),(1871,1,NULL,NULL,2411),(1872,1,NULL,NULL,2412),(1873,1,NULL,NULL,2413),(1874,1,NULL,NULL,2414),(1875,1,NULL,NULL,2415),(1876,1,NULL,NULL,2416),(1877,1,NULL,NULL,2417),(1878,1,NULL,NULL,2418),(1879,1,NULL,NULL,2419),(1880,1,NULL,NULL,2420),(1881,1,NULL,NULL,2421),(1882,1,NULL,NULL,2422),(1883,1,NULL,NULL,2423),(1884,1,NULL,NULL,2424),(1885,1,NULL,NULL,2425),(1886,1,NULL,NULL,2426),(1887,1,NULL,NULL,2427),(1888,1,NULL,NULL,2428),(1889,1,NULL,NULL,2429),(1890,1,NULL,NULL,2430),(1891,1,NULL,NULL,2431),(1892,1,NULL,NULL,2432),(1893,1,NULL,NULL,2433),(1894,1,NULL,NULL,2434),(1895,1,NULL,NULL,2435),(1896,1,NULL,NULL,2436),(1897,1,NULL,NULL,2437),(1898,1,NULL,NULL,2438),(1899,1,NULL,NULL,2439),(1900,1,NULL,NULL,2440),(1901,1,NULL,NULL,2441),(1902,1,NULL,NULL,2442),(1903,1,NULL,NULL,2443),(1904,1,NULL,NULL,2444),(1905,1,NULL,NULL,2445),(1906,1,NULL,NULL,2446),(1907,1,NULL,NULL,2447),(1908,1,NULL,NULL,2448),(1909,1,NULL,NULL,2449),(1910,1,NULL,NULL,2450),(1911,1,NULL,NULL,2451),(1912,1,NULL,NULL,2452),(1913,1,NULL,NULL,2453),(1914,1,NULL,NULL,2454),(1915,1,NULL,NULL,2455),(1916,1,NULL,NULL,2456),(1917,1,NULL,NULL,2457),(1918,1,NULL,NULL,2458),(1919,1,NULL,NULL,2459),(1920,1,NULL,NULL,2460),(1921,1,NULL,NULL,2461),(1922,1,NULL,NULL,2462),(1923,1,NULL,NULL,2463),(1924,1,NULL,NULL,2464),(1925,1,NULL,NULL,2465),(1926,1,NULL,NULL,2466),(1927,1,NULL,NULL,2467),(1928,1,NULL,NULL,2468),(1929,1,NULL,NULL,2469),(1930,1,NULL,NULL,2470),(1931,1,NULL,NULL,2471),(1932,1,NULL,NULL,2472),(1933,1,NULL,NULL,2473),(1934,1,NULL,NULL,2474),(1935,1,NULL,NULL,2475),(1936,1,NULL,NULL,2476),(1937,1,NULL,NULL,2477),(1938,1,NULL,NULL,2478),(1939,1,NULL,NULL,2479),(1940,1,NULL,NULL,2480),(1941,1,NULL,NULL,2481),(1942,1,NULL,NULL,2482),(1943,1,NULL,NULL,2483),(1944,1,NULL,NULL,2484),(1945,1,NULL,NULL,2485),(1946,1,NULL,NULL,2486),(1947,1,NULL,NULL,2487),(1948,1,NULL,NULL,2488),(1949,1,NULL,NULL,2489),(1950,1,NULL,NULL,2490),(1951,1,NULL,NULL,2551),(1952,1,NULL,NULL,2552),(1953,1,NULL,NULL,2553),(1954,1,NULL,NULL,2554),(1955,1,NULL,NULL,2555),(1956,1,NULL,NULL,2556),(1957,1,NULL,NULL,2557),(1958,1,NULL,NULL,2558),(1959,1,NULL,NULL,2559),(1960,1,NULL,NULL,2560),(1961,1,NULL,NULL,2561),(1962,1,NULL,NULL,2562),(1963,1,NULL,NULL,2563),(1964,1,NULL,NULL,2564),(1965,1,NULL,NULL,2565),(1966,1,NULL,NULL,2566),(1967,1,NULL,NULL,2567),(1968,1,NULL,NULL,2568),(1969,1,NULL,NULL,2569),(1970,1,NULL,NULL,2570),(1971,1,NULL,NULL,2571),(1972,1,NULL,NULL,2572),(1973,1,NULL,NULL,2573),(1974,1,NULL,NULL,2574),(1975,1,NULL,NULL,2575),(1976,1,NULL,NULL,2576),(1977,1,NULL,NULL,2577),(1978,1,NULL,NULL,2578),(1979,1,NULL,NULL,2579),(1980,1,NULL,NULL,2580),(1981,1,NULL,NULL,2581),(1982,1,NULL,NULL,2582),(1983,1,NULL,NULL,2583),(1984,1,NULL,NULL,2584),(1985,1,NULL,NULL,2585),(1986,1,NULL,NULL,2586),(1987,1,NULL,NULL,2587),(1988,1,NULL,NULL,2588),(1989,1,NULL,NULL,2589),(1990,1,NULL,NULL,2590),(1991,1,NULL,NULL,2591),(1992,1,NULL,NULL,2592),(1993,1,NULL,NULL,2593),(1994,1,NULL,NULL,2594),(1995,1,NULL,NULL,2595),(1996,1,NULL,NULL,2596),(1997,1,NULL,NULL,2597),(1998,1,NULL,NULL,2598),(1999,1,NULL,NULL,2599),(2000,1,NULL,NULL,2600),(2001,1,NULL,NULL,2601),(2002,1,NULL,NULL,2602),(2003,1,NULL,NULL,2603),(2004,1,NULL,NULL,2604),(2005,1,NULL,NULL,2605),(2006,1,NULL,NULL,2606),(2007,1,NULL,NULL,2607),(2008,1,NULL,NULL,2608),(2009,1,NULL,NULL,2609),(2010,1,NULL,NULL,2610),(2011,1,NULL,NULL,2611),(2012,1,NULL,NULL,2612),(2013,1,NULL,NULL,2613),(2014,1,NULL,NULL,2614),(2015,1,NULL,NULL,2615),(2016,1,NULL,NULL,2616),(2017,1,NULL,NULL,2617),(2018,1,NULL,NULL,2618),(2019,1,NULL,NULL,2619),(2020,1,NULL,NULL,2620),(2021,1,NULL,NULL,2621),(2022,1,NULL,NULL,2622),(2023,1,NULL,NULL,2623),(2024,1,NULL,NULL,2624),(2025,1,NULL,NULL,2625),(2026,1,NULL,NULL,2626),(2027,1,NULL,NULL,2627),(2028,1,NULL,NULL,2628),(2029,1,NULL,NULL,2629),(2030,1,NULL,NULL,2630),(2031,1,NULL,NULL,2631),(2032,1,NULL,NULL,2632),(2033,1,NULL,NULL,2633),(2034,1,NULL,NULL,2634),(2035,1,NULL,NULL,2635),(2036,1,NULL,NULL,2636),(2037,1,NULL,NULL,2637),(2038,1,NULL,NULL,2638),(2039,1,NULL,NULL,2639),(2040,1,NULL,NULL,2640),(2041,1,NULL,NULL,2641),(2042,1,NULL,NULL,2642),(2043,1,NULL,NULL,2643),(2044,1,NULL,NULL,2644),(2045,1,NULL,NULL,2645),(2046,1,NULL,NULL,2646),(2047,1,NULL,NULL,2647),(2048,1,NULL,NULL,2648),(2049,1,NULL,NULL,2649),(2050,1,NULL,NULL,2650),(2051,1,NULL,NULL,2651),(2052,1,NULL,NULL,2652),(2053,1,NULL,NULL,2653),(2054,1,NULL,NULL,2654),(2055,1,NULL,NULL,2655),(2056,1,NULL,NULL,2656),(2057,1,NULL,NULL,2657),(2058,1,NULL,NULL,2658),(2059,1,NULL,NULL,2659),(2060,1,NULL,NULL,2660),(2061,1,NULL,NULL,2661),(2062,1,NULL,NULL,2662),(2063,1,NULL,NULL,2663),(2064,1,NULL,NULL,2664),(2065,1,NULL,NULL,2665),(2066,1,NULL,NULL,2666),(2067,1,NULL,NULL,2667),(2068,1,NULL,NULL,2668),(2069,1,NULL,NULL,2669),(2070,1,NULL,NULL,2670),(2071,1,NULL,NULL,2671),(2072,1,NULL,NULL,2672),(2073,1,NULL,NULL,2673),(2074,1,NULL,NULL,2674),(2075,1,NULL,NULL,2675),(2076,1,NULL,NULL,2676),(2077,1,NULL,NULL,2677),(2078,1,NULL,NULL,2678),(2079,1,NULL,NULL,2679),(2080,1,NULL,NULL,2680),(2081,1,NULL,NULL,2681),(2082,1,NULL,NULL,2682),(2083,1,NULL,NULL,2683),(2084,1,NULL,NULL,2684),(2085,1,NULL,NULL,2685),(2086,1,NULL,NULL,2686),(2087,1,NULL,NULL,2687),(2088,1,NULL,NULL,2688),(2089,1,NULL,NULL,2689),(2090,1,NULL,NULL,2690),(2091,1,NULL,NULL,2691),(2092,1,NULL,NULL,2692),(2093,1,NULL,NULL,2693),(2094,1,NULL,NULL,2694),(2095,1,NULL,NULL,2695),(2096,1,NULL,NULL,2696),(2097,1,NULL,NULL,2697),(2098,1,NULL,NULL,2698),(2099,1,NULL,NULL,2699),(2100,1,NULL,NULL,2700),(2101,1,NULL,NULL,2701),(2102,1,NULL,NULL,2702),(2103,1,NULL,NULL,2703),(2104,1,NULL,NULL,2704),(2105,1,NULL,NULL,2705),(2106,1,NULL,NULL,2706),(2107,1,NULL,NULL,2707),(2108,1,NULL,NULL,2708),(2109,1,NULL,NULL,2709),(2110,1,NULL,NULL,2710),(2111,1,NULL,NULL,2711),(2112,1,NULL,NULL,2712),(2113,1,NULL,NULL,2713),(2114,1,NULL,NULL,2714),(2115,1,NULL,NULL,2715),(2116,1,NULL,NULL,2716),(2117,1,NULL,NULL,2717),(2118,1,NULL,NULL,2718),(2119,1,NULL,NULL,2719),(2120,1,NULL,NULL,2720),(2121,1,NULL,NULL,2721),(2122,1,NULL,NULL,2722),(2123,1,NULL,NULL,2723),(2124,1,NULL,NULL,2724),(2125,1,NULL,NULL,2725),(2126,1,NULL,NULL,2726),(2127,1,NULL,NULL,2727),(2128,1,NULL,NULL,2728),(2129,1,NULL,NULL,2729),(2130,1,NULL,NULL,2730),(2131,1,NULL,NULL,2731),(2132,1,NULL,NULL,2732),(2133,1,NULL,NULL,2733),(2134,1,NULL,NULL,2734),(2135,1,NULL,NULL,2735),(2136,1,NULL,NULL,2736),(2137,1,NULL,NULL,2737),(2138,1,NULL,NULL,2738),(2139,1,NULL,NULL,2739),(2140,1,NULL,NULL,2740),(2141,1,NULL,NULL,2741),(2142,1,NULL,NULL,2742),(2143,1,NULL,NULL,2743),(2144,1,NULL,NULL,2744),(2145,1,NULL,NULL,2745),(2146,1,NULL,NULL,2806),(2147,1,NULL,NULL,2807),(2148,1,NULL,NULL,2808),(2149,1,NULL,NULL,2809),(2150,1,NULL,NULL,2810),(2151,1,NULL,NULL,2811),(2152,1,NULL,NULL,2812),(2153,1,NULL,NULL,2813),(2154,1,NULL,NULL,2814),(2155,1,NULL,NULL,2815),(2156,1,NULL,NULL,2816),(2157,1,NULL,NULL,2817),(2158,1,NULL,NULL,2818),(2159,1,NULL,NULL,2819),(2160,1,NULL,NULL,2820),(2161,1,NULL,NULL,2821),(2162,1,NULL,NULL,2822),(2163,1,NULL,NULL,2823),(2164,1,NULL,NULL,2824),(2165,1,NULL,NULL,2825),(2166,1,NULL,NULL,2826),(2167,1,NULL,NULL,2827),(2168,1,NULL,NULL,2828),(2169,1,NULL,NULL,2829),(2170,1,NULL,NULL,2830),(2171,1,NULL,NULL,2831),(2172,1,NULL,NULL,2832),(2173,1,NULL,NULL,2833),(2174,1,NULL,NULL,2834),(2175,1,NULL,NULL,2835),(2176,1,NULL,NULL,2836),(2177,1,NULL,NULL,2837),(2178,1,NULL,NULL,2838),(2179,1,NULL,NULL,2839),(2180,1,NULL,NULL,2840),(2181,1,NULL,NULL,2841),(2182,1,NULL,NULL,2842),(2183,1,NULL,NULL,2843),(2184,1,NULL,NULL,2844),(2185,1,NULL,NULL,2845),(2186,1,NULL,NULL,2846),(2187,1,NULL,NULL,2847),(2188,1,NULL,NULL,2848),(2189,1,NULL,NULL,2849),(2190,1,NULL,NULL,2850),(2191,1,NULL,NULL,2851),(2192,1,NULL,NULL,2852),(2193,1,NULL,NULL,2853),(2194,1,NULL,NULL,2854),(2195,1,NULL,NULL,2855),(2196,1,NULL,NULL,2856),(2197,1,NULL,NULL,2857),(2198,1,NULL,NULL,2858),(2199,1,NULL,NULL,2859),(2200,1,NULL,NULL,2860),(2201,1,NULL,NULL,2861),(2202,1,NULL,NULL,2862),(2203,1,NULL,NULL,2863),(2204,1,NULL,NULL,2864),(2205,1,NULL,NULL,2865),(2206,1,NULL,NULL,2866),(2207,1,NULL,NULL,2867),(2208,1,NULL,NULL,2868),(2209,1,NULL,NULL,2869),(2210,1,NULL,NULL,2870),(2211,1,NULL,NULL,2871),(2212,1,NULL,NULL,2872),(2213,1,NULL,NULL,2873),(2214,1,NULL,NULL,2874),(2215,1,NULL,NULL,2875),(2216,1,NULL,NULL,2876),(2217,1,NULL,NULL,2877),(2218,1,NULL,NULL,2878),(2219,1,NULL,NULL,2879),(2220,1,NULL,NULL,2880),(2221,1,NULL,NULL,2881),(2222,1,NULL,NULL,2882),(2223,1,NULL,NULL,2883),(2224,1,NULL,NULL,2884),(2225,1,NULL,NULL,2885),(2226,1,NULL,NULL,2886),(2227,1,NULL,NULL,2887),(2228,1,NULL,NULL,2888),(2229,1,NULL,NULL,2889),(2230,1,NULL,NULL,2890),(2231,1,NULL,NULL,2891),(2232,1,NULL,NULL,2892),(2233,1,NULL,NULL,2893),(2234,1,NULL,NULL,2894),(2235,1,NULL,NULL,2895),(2236,1,NULL,NULL,2896),(2237,1,NULL,NULL,2897),(2238,1,NULL,NULL,2898),(2239,1,NULL,NULL,2899),(2240,1,NULL,NULL,2900),(2241,1,NULL,NULL,2901),(2242,1,NULL,NULL,2902),(2243,1,NULL,NULL,2903),(2244,1,NULL,NULL,2904),(2245,1,NULL,NULL,2905),(2246,1,NULL,NULL,2906),(2247,1,NULL,NULL,2907),(2248,1,NULL,NULL,2908),(2249,1,NULL,NULL,2909),(2250,1,NULL,NULL,2910),(2251,1,NULL,NULL,2911),(2252,1,NULL,NULL,2912),(2253,1,NULL,NULL,2913),(2254,1,NULL,NULL,2914),(2255,1,NULL,NULL,2915),(2256,1,NULL,NULL,2916),(2257,1,NULL,NULL,2917),(2258,1,NULL,NULL,2918),(2259,1,NULL,NULL,2919),(2260,1,NULL,NULL,2920),(2261,1,NULL,NULL,2921),(2262,1,NULL,NULL,2922),(2263,1,NULL,NULL,2923),(2264,1,NULL,NULL,2924),(2265,1,NULL,NULL,2925),(2266,1,NULL,NULL,2926),(2267,1,NULL,NULL,2927),(2268,1,NULL,NULL,2928),(2269,1,NULL,NULL,2929),(2270,1,NULL,NULL,2930),(2271,1,NULL,NULL,2931),(2272,1,NULL,NULL,2932),(2273,1,NULL,NULL,2933),(2274,1,NULL,NULL,2934),(2275,1,NULL,NULL,2935),(2276,1,NULL,NULL,2936),(2277,1,NULL,NULL,2937),(2278,1,NULL,NULL,2938),(2279,1,NULL,NULL,2939),(2280,1,NULL,NULL,2940),(2281,1,NULL,NULL,2941),(2282,1,NULL,NULL,2942),(2283,1,NULL,NULL,2943),(2284,1,NULL,NULL,2944),(2285,1,NULL,NULL,2945),(2286,1,NULL,NULL,2946),(2287,1,NULL,NULL,2947),(2288,1,NULL,NULL,2948),(2289,1,NULL,NULL,2949),(2290,1,NULL,NULL,2950),(2291,1,NULL,NULL,2951),(2292,1,NULL,NULL,2952),(2293,1,NULL,NULL,2953),(2294,1,NULL,NULL,2954),(2295,1,NULL,NULL,2955),(2296,1,NULL,NULL,2956),(2297,1,NULL,NULL,2957),(2298,1,NULL,NULL,2958),(2299,1,NULL,NULL,2959),(2300,1,NULL,NULL,2960),(2301,1,NULL,NULL,2961),(2302,1,NULL,NULL,2962),(2303,1,NULL,NULL,2963),(2304,1,NULL,NULL,2964),(2305,1,NULL,NULL,2965),(2306,1,NULL,NULL,2966),(2307,1,NULL,NULL,2967),(2308,1,NULL,NULL,2968),(2309,1,NULL,NULL,2969),(2310,1,NULL,NULL,2970),(2311,1,NULL,NULL,2971),(2312,1,NULL,NULL,2972),(2313,1,NULL,NULL,2973),(2314,1,NULL,NULL,2974),(2315,1,NULL,NULL,2975),(2316,1,NULL,NULL,2976),(2317,1,NULL,NULL,2977),(2318,1,NULL,NULL,2978),(2319,1,NULL,NULL,2979),(2320,1,NULL,NULL,2980),(2321,1,NULL,NULL,2981),(2322,1,NULL,NULL,2982),(2323,1,NULL,NULL,2983),(2324,1,NULL,NULL,2984),(2325,1,NULL,NULL,2985),(2326,1,NULL,NULL,2986),(2327,1,NULL,NULL,2987),(2328,1,NULL,NULL,2988),(2329,1,NULL,NULL,2989),(2330,1,NULL,NULL,2990),(2331,1,NULL,NULL,2991),(2332,1,NULL,NULL,2992),(2333,1,NULL,NULL,2993),(2334,1,NULL,NULL,2994),(2335,1,NULL,NULL,2995),(2336,1,NULL,NULL,2996),(2337,1,NULL,NULL,2997),(2338,1,NULL,NULL,2998),(2339,1,NULL,NULL,2999),(2340,1,NULL,NULL,3000),(2341,1,NULL,NULL,3061),(2342,1,NULL,NULL,3062),(2343,1,NULL,NULL,3063),(2344,1,NULL,NULL,3064),(2345,1,NULL,NULL,3065),(2346,1,NULL,NULL,3066),(2347,1,NULL,NULL,3067),(2348,1,NULL,NULL,3068),(2349,1,NULL,NULL,3069),(2350,1,NULL,NULL,3070),(2351,1,NULL,NULL,3071),(2352,1,NULL,NULL,3072),(2353,1,NULL,NULL,3073),(2354,1,NULL,NULL,3074),(2355,1,NULL,NULL,3075),(2356,1,NULL,NULL,3076),(2357,1,NULL,NULL,3077),(2358,1,NULL,NULL,3078),(2359,1,NULL,NULL,3079),(2360,1,NULL,NULL,3080),(2361,1,NULL,NULL,3081),(2362,1,NULL,NULL,3082),(2363,1,NULL,NULL,3083),(2364,1,NULL,NULL,3084),(2365,1,NULL,NULL,3085),(2366,1,NULL,NULL,3086),(2367,1,NULL,NULL,3087),(2368,1,NULL,NULL,3088),(2369,1,NULL,NULL,3089),(2370,1,NULL,NULL,3090),(2371,1,NULL,NULL,3091),(2372,1,NULL,NULL,3092),(2373,1,NULL,NULL,3093),(2374,1,NULL,NULL,3094),(2375,1,NULL,NULL,3095),(2376,1,NULL,NULL,3096),(2377,1,NULL,NULL,3097),(2378,1,NULL,NULL,3098),(2379,1,NULL,NULL,3099),(2380,1,NULL,NULL,3100),(2381,1,NULL,NULL,3101),(2382,1,NULL,NULL,3102),(2383,1,NULL,NULL,3103),(2384,1,NULL,NULL,3104),(2385,1,NULL,NULL,3105),(2386,1,NULL,NULL,3106),(2387,1,NULL,NULL,3107),(2388,1,NULL,NULL,3108),(2389,1,NULL,NULL,3109),(2390,1,NULL,NULL,3110),(2391,1,NULL,NULL,3111),(2392,1,NULL,NULL,3112),(2393,1,NULL,NULL,3113),(2394,1,NULL,NULL,3114),(2395,1,NULL,NULL,3115),(2396,1,NULL,NULL,3116),(2397,1,NULL,NULL,3117),(2398,1,NULL,NULL,3118),(2399,1,NULL,NULL,3119),(2400,1,NULL,NULL,3120),(2401,1,NULL,NULL,3121),(2402,1,NULL,NULL,3122),(2403,1,NULL,NULL,3123),(2404,1,NULL,NULL,3124),(2405,1,NULL,NULL,3125),(2406,1,NULL,NULL,3126),(2407,1,NULL,NULL,3127),(2408,1,NULL,NULL,3128),(2409,1,NULL,NULL,3129),(2410,1,NULL,NULL,3130),(2411,1,NULL,NULL,3131),(2412,1,NULL,NULL,3132),(2413,1,NULL,NULL,3133),(2414,1,NULL,NULL,3134),(2415,1,NULL,NULL,3135),(2416,1,NULL,NULL,3136),(2417,1,NULL,NULL,3137),(2418,1,NULL,NULL,3138),(2419,1,NULL,NULL,3139),(2420,1,NULL,NULL,3140),(2421,1,NULL,NULL,3141),(2422,1,NULL,NULL,3142),(2423,1,NULL,NULL,3143),(2424,1,NULL,NULL,3144),(2425,1,NULL,NULL,3145),(2426,1,NULL,NULL,3146),(2427,1,NULL,NULL,3147),(2428,1,NULL,NULL,3148),(2429,1,NULL,NULL,3149),(2430,1,NULL,NULL,3150),(2431,1,NULL,NULL,3151),(2432,1,NULL,NULL,3152),(2433,1,NULL,NULL,3153),(2434,1,NULL,NULL,3154),(2435,1,NULL,NULL,3155),(2436,1,NULL,NULL,3156),(2437,1,NULL,NULL,3157),(2438,1,NULL,NULL,3158),(2439,1,NULL,NULL,3159),(2440,1,NULL,NULL,3160),(2441,1,NULL,NULL,3161),(2442,1,NULL,NULL,3162),(2443,1,NULL,NULL,3163),(2444,1,NULL,NULL,3164),(2445,1,NULL,NULL,3165),(2446,1,NULL,NULL,3166),(2447,1,NULL,NULL,3167),(2448,1,NULL,NULL,3168),(2449,1,NULL,NULL,3169),(2450,1,NULL,NULL,3170),(2451,1,NULL,NULL,3171),(2452,1,NULL,NULL,3172),(2453,1,NULL,NULL,3173),(2454,1,NULL,NULL,3174),(2455,1,NULL,NULL,3175),(2456,1,NULL,NULL,3176),(2457,1,NULL,NULL,3177),(2458,1,NULL,NULL,3178),(2459,1,NULL,NULL,3179),(2460,1,NULL,NULL,3180),(2461,1,NULL,NULL,3181),(2462,1,NULL,NULL,3182),(2463,1,NULL,NULL,3183),(2464,1,NULL,NULL,3184),(2465,1,NULL,NULL,3185),(2466,1,NULL,NULL,3186),(2467,1,NULL,NULL,3187),(2468,1,NULL,NULL,3188),(2469,1,NULL,NULL,3189),(2470,1,NULL,NULL,3190),(2471,1,NULL,NULL,3191),(2472,1,NULL,NULL,3192),(2473,1,NULL,NULL,3193),(2474,1,NULL,NULL,3194),(2475,1,NULL,NULL,3195),(2476,1,NULL,NULL,3196),(2477,1,NULL,NULL,3197),(2478,1,NULL,NULL,3198),(2479,1,NULL,NULL,3199),(2480,1,NULL,NULL,3200),(2481,1,NULL,NULL,3201),(2482,1,NULL,NULL,3202),(2483,1,NULL,NULL,3203),(2484,1,NULL,NULL,3204),(2485,1,NULL,NULL,3205),(2486,1,NULL,NULL,3206),(2487,1,NULL,NULL,3207),(2488,1,NULL,NULL,3208),(2489,1,NULL,NULL,3209),(2490,1,NULL,NULL,3210),(2491,1,NULL,NULL,3211),(2492,1,NULL,NULL,3212),(2493,1,NULL,NULL,3213),(2494,1,NULL,NULL,3214),(2495,1,NULL,NULL,3215),(2496,1,NULL,NULL,3216),(2497,1,NULL,NULL,3217),(2498,1,NULL,NULL,3218),(2499,1,NULL,NULL,3219),(2500,1,NULL,NULL,3220),(2501,1,NULL,NULL,3221),(2502,1,NULL,NULL,3222),(2503,1,NULL,NULL,3223),(2504,1,NULL,NULL,3224),(2505,1,NULL,NULL,3225),(2506,1,NULL,NULL,3226),(2507,1,NULL,NULL,3227),(2508,1,NULL,NULL,3228),(2509,1,NULL,NULL,3229),(2510,1,NULL,NULL,3230),(2511,1,NULL,NULL,3231),(2512,1,NULL,NULL,3232),(2513,1,NULL,NULL,3233),(2514,1,NULL,NULL,3234),(2515,1,NULL,NULL,3235),(2516,1,NULL,NULL,3236),(2517,1,NULL,NULL,3237),(2518,1,NULL,NULL,3238),(2519,1,NULL,NULL,3239),(2520,1,NULL,NULL,3240),(2521,1,NULL,NULL,3241),(2522,1,NULL,NULL,3242),(2523,1,NULL,NULL,3243),(2524,1,NULL,NULL,3244),(2525,1,NULL,NULL,3245),(2526,1,NULL,NULL,3246),(2527,1,NULL,NULL,3247),(2528,1,NULL,NULL,3248),(2529,1,NULL,NULL,3249),(2530,1,NULL,NULL,3250),(2531,1,NULL,NULL,3251),(2532,1,NULL,NULL,3252),(2533,1,NULL,NULL,3253),(2534,1,NULL,NULL,3254),(2535,1,NULL,NULL,3255),(2536,1,NULL,NULL,3316),(2537,1,NULL,NULL,3317),(2538,1,NULL,NULL,3318),(2539,1,NULL,NULL,3319),(2540,1,NULL,NULL,3320),(2541,1,NULL,NULL,3321),(2542,1,NULL,NULL,3322),(2543,1,NULL,NULL,3323),(2544,1,NULL,NULL,3324),(2545,1,NULL,NULL,3325),(2546,1,NULL,NULL,3326),(2547,1,NULL,NULL,3327),(2548,1,NULL,NULL,3328),(2549,1,NULL,NULL,3329),(2550,1,NULL,NULL,3330),(2551,1,NULL,NULL,3331),(2552,1,NULL,NULL,3332),(2553,1,NULL,NULL,3333),(2554,1,NULL,NULL,3334),(2555,1,NULL,NULL,3335),(2556,1,NULL,NULL,3336),(2557,1,NULL,NULL,3337),(2558,1,NULL,NULL,3338),(2559,1,NULL,NULL,3339),(2560,1,NULL,NULL,3340),(2561,1,NULL,NULL,3341),(2562,1,NULL,NULL,3342),(2563,1,NULL,NULL,3343),(2564,1,NULL,NULL,3344),(2565,1,NULL,NULL,3345),(2566,1,NULL,NULL,3346),(2567,1,NULL,NULL,3347),(2568,1,NULL,NULL,3348),(2569,1,NULL,NULL,3349),(2570,1,NULL,NULL,3350),(2571,1,NULL,NULL,3351),(2572,1,NULL,NULL,3352),(2573,1,NULL,NULL,3353),(2574,1,NULL,NULL,3354),(2575,1,NULL,NULL,3355),(2576,1,NULL,NULL,3356),(2577,1,NULL,NULL,3357),(2578,1,NULL,NULL,3358),(2579,1,NULL,NULL,3359),(2580,1,NULL,NULL,3360),(2581,1,NULL,NULL,3361),(2582,1,NULL,NULL,3362),(2583,1,NULL,NULL,3363),(2584,1,NULL,NULL,3364),(2585,1,NULL,NULL,3365),(2586,1,NULL,NULL,3366),(2587,1,NULL,NULL,3367),(2588,1,NULL,NULL,3368),(2589,1,NULL,NULL,3369),(2590,1,NULL,NULL,3370),(2591,1,NULL,NULL,3371),(2592,1,NULL,NULL,3372),(2593,1,NULL,NULL,3373),(2594,1,NULL,NULL,3374),(2595,1,NULL,NULL,3375),(2596,1,NULL,NULL,3376),(2597,1,NULL,NULL,3377),(2598,1,NULL,NULL,3378),(2599,1,NULL,NULL,3379),(2600,1,NULL,NULL,3380),(2601,1,NULL,NULL,3381),(2602,1,NULL,NULL,3382),(2603,1,NULL,NULL,3383),(2604,1,NULL,NULL,3384),(2605,1,NULL,NULL,3385),(2606,1,NULL,NULL,3386),(2607,1,NULL,NULL,3387),(2608,1,NULL,NULL,3388),(2609,1,NULL,NULL,3389),(2610,1,NULL,NULL,3390),(2611,1,NULL,NULL,3391),(2612,1,NULL,NULL,3392),(2613,1,NULL,NULL,3393),(2614,1,NULL,NULL,3394),(2615,1,NULL,NULL,3395),(2616,1,NULL,NULL,3396),(2617,1,NULL,NULL,3397),(2618,1,NULL,NULL,3398),(2619,1,NULL,NULL,3399),(2620,1,NULL,NULL,3400),(2621,1,NULL,NULL,3401),(2622,1,NULL,NULL,3402),(2623,1,NULL,NULL,3403),(2624,1,NULL,NULL,3404),(2625,1,NULL,NULL,3405),(2626,1,NULL,NULL,3406),(2627,1,NULL,NULL,3407),(2628,1,NULL,NULL,3408),(2629,1,NULL,NULL,3409),(2630,1,NULL,NULL,3410),(2631,1,NULL,NULL,3411),(2632,1,NULL,NULL,3412),(2633,1,NULL,NULL,3413),(2634,1,NULL,NULL,3414),(2635,1,NULL,NULL,3415),(2636,1,NULL,NULL,3416),(2637,1,NULL,NULL,3417),(2638,1,NULL,NULL,3418),(2639,1,NULL,NULL,3419),(2640,1,NULL,NULL,3420),(2641,1,NULL,NULL,3421),(2642,1,NULL,NULL,3422),(2643,1,NULL,NULL,3423),(2644,1,NULL,NULL,3424),(2645,1,NULL,NULL,3425),(2646,1,NULL,NULL,3426),(2647,1,NULL,NULL,3427),(2648,1,NULL,NULL,3428),(2649,1,NULL,NULL,3429),(2650,1,NULL,NULL,3430),(2651,1,NULL,NULL,3431),(2652,1,NULL,NULL,3432),(2653,1,NULL,NULL,3433),(2654,1,NULL,NULL,3434),(2655,1,NULL,NULL,3435),(2656,1,NULL,NULL,3436),(2657,1,NULL,NULL,3437),(2658,1,NULL,NULL,3438),(2659,1,NULL,NULL,3439),(2660,1,NULL,NULL,3440),(2661,1,NULL,NULL,3441),(2662,1,NULL,NULL,3442),(2663,1,NULL,NULL,3443),(2664,1,NULL,NULL,3444),(2665,1,NULL,NULL,3445),(2666,1,NULL,NULL,3446),(2667,1,NULL,NULL,3447),(2668,1,NULL,NULL,3448),(2669,1,NULL,NULL,3449),(2670,1,NULL,NULL,3450),(2671,1,NULL,NULL,3451),(2672,1,NULL,NULL,3452),(2673,1,NULL,NULL,3453),(2674,1,NULL,NULL,3454),(2675,1,NULL,NULL,3455),(2676,1,NULL,NULL,3456),(2677,1,NULL,NULL,3457),(2678,1,NULL,NULL,3458),(2679,1,NULL,NULL,3459),(2680,1,NULL,NULL,3460),(2681,1,NULL,NULL,3461),(2682,1,NULL,NULL,3462),(2683,1,NULL,NULL,3463),(2684,1,NULL,NULL,3464),(2685,1,NULL,NULL,3465),(2686,1,NULL,NULL,3466),(2687,1,NULL,NULL,3467),(2688,1,NULL,NULL,3468),(2689,1,NULL,NULL,3469),(2690,1,NULL,NULL,3470),(2691,1,NULL,NULL,3471),(2692,1,NULL,NULL,3472),(2693,1,NULL,NULL,3473),(2694,1,NULL,NULL,3474),(2695,1,NULL,NULL,3475),(2696,1,NULL,NULL,3476),(2697,1,NULL,NULL,3477),(2698,1,NULL,NULL,3478),(2699,1,NULL,NULL,3479),(2700,1,NULL,NULL,3480),(2701,1,NULL,NULL,3481),(2702,1,NULL,NULL,3482),(2703,1,NULL,NULL,3483),(2704,1,NULL,NULL,3484),(2705,1,NULL,NULL,3485),(2706,1,NULL,NULL,3486),(2707,1,NULL,NULL,3487),(2708,1,NULL,NULL,3488),(2709,1,NULL,NULL,3489),(2710,1,NULL,NULL,3490),(2711,1,NULL,NULL,3491),(2712,1,NULL,NULL,3492),(2713,1,NULL,NULL,3493),(2714,1,NULL,NULL,3494),(2715,1,NULL,NULL,3495),(2716,1,NULL,NULL,3496),(2717,1,NULL,NULL,3497),(2718,1,NULL,NULL,3498),(2719,1,NULL,NULL,3499),(2720,1,NULL,NULL,3500),(2721,1,NULL,NULL,3501),(2722,1,NULL,NULL,3502),(2723,1,NULL,NULL,3503),(2724,1,NULL,NULL,3504),(2725,1,NULL,NULL,3505),(2726,1,NULL,NULL,3506),(2727,1,NULL,NULL,3507),(2728,1,NULL,NULL,3508),(2729,1,NULL,NULL,3509),(2730,1,NULL,NULL,3510),(2731,1,NULL,NULL,3571),(2732,1,NULL,NULL,3572),(2733,1,NULL,NULL,3573),(2734,1,NULL,NULL,3574),(2735,1,NULL,NULL,3575),(2736,1,NULL,NULL,3576),(2737,1,NULL,NULL,3577),(2738,1,NULL,NULL,3578),(2739,1,NULL,NULL,3579),(2740,1,NULL,NULL,3580),(2741,1,NULL,NULL,3581),(2742,1,NULL,NULL,3582),(2743,1,NULL,NULL,3583),(2744,1,NULL,NULL,3584),(2745,1,NULL,NULL,3585),(2746,1,NULL,NULL,3586),(2747,1,NULL,NULL,3587),(2748,1,NULL,NULL,3588),(2749,1,NULL,NULL,3589),(2750,1,NULL,NULL,3590),(2751,1,NULL,NULL,3591),(2752,1,NULL,NULL,3592),(2753,1,NULL,NULL,3593),(2754,1,NULL,NULL,3594),(2755,1,NULL,NULL,3595),(2756,1,NULL,NULL,3596),(2757,1,NULL,NULL,3597),(2758,1,NULL,NULL,3598),(2759,1,NULL,NULL,3599),(2760,1,NULL,NULL,3600),(2761,1,NULL,NULL,3601),(2762,1,NULL,NULL,3602),(2763,1,NULL,NULL,3603),(2764,1,NULL,NULL,3604),(2765,1,NULL,NULL,3605),(2766,1,NULL,NULL,3606),(2767,1,NULL,NULL,3607),(2768,1,NULL,NULL,3608),(2769,1,NULL,NULL,3609),(2770,1,NULL,NULL,3610),(2771,1,NULL,NULL,3611),(2772,1,NULL,NULL,3612),(2773,1,NULL,NULL,3613),(2774,1,NULL,NULL,3614),(2775,1,NULL,NULL,3615),(2776,1,NULL,NULL,3616),(2777,1,NULL,NULL,3617),(2778,1,NULL,NULL,3618),(2779,1,NULL,NULL,3619),(2780,1,NULL,NULL,3620),(2781,1,NULL,NULL,3621),(2782,1,NULL,NULL,3622),(2783,1,NULL,NULL,3623),(2784,1,NULL,NULL,3624),(2785,1,NULL,NULL,3625),(2786,1,NULL,NULL,3626),(2787,1,NULL,NULL,3627),(2788,1,NULL,NULL,3628),(2789,1,NULL,NULL,3629),(2790,1,NULL,NULL,3630),(2791,1,NULL,NULL,3631),(2792,1,NULL,NULL,3632),(2793,1,NULL,NULL,3633),(2794,1,NULL,NULL,3634),(2795,1,NULL,NULL,3635),(2796,1,NULL,NULL,3636),(2797,1,NULL,NULL,3637),(2798,1,NULL,NULL,3638),(2799,1,NULL,NULL,3639),(2800,1,NULL,NULL,3640),(2801,1,NULL,NULL,3641),(2802,1,NULL,NULL,3642),(2803,1,NULL,NULL,3643),(2804,1,NULL,NULL,3644),(2805,1,NULL,NULL,3645),(2806,1,NULL,NULL,3646),(2807,1,NULL,NULL,3647),(2808,1,NULL,NULL,3648),(2809,1,NULL,NULL,3649),(2810,1,NULL,NULL,3650),(2811,1,NULL,NULL,3651),(2812,1,NULL,NULL,3652),(2813,1,NULL,NULL,3653),(2814,1,NULL,NULL,3654),(2815,1,NULL,NULL,3655),(2816,1,NULL,NULL,3656),(2817,1,NULL,NULL,3657),(2818,1,NULL,NULL,3658),(2819,1,NULL,NULL,3659),(2820,1,NULL,NULL,3660),(2821,1,NULL,NULL,3661),(2822,1,NULL,NULL,3662),(2823,1,NULL,NULL,3663),(2824,1,NULL,NULL,3664),(2825,1,NULL,NULL,3665),(2826,1,NULL,NULL,3666),(2827,1,NULL,NULL,3667),(2828,1,NULL,NULL,3668),(2829,1,NULL,NULL,3669),(2830,1,NULL,NULL,3670),(2831,1,NULL,NULL,3671),(2832,1,NULL,NULL,3672),(2833,1,NULL,NULL,3673),(2834,1,NULL,NULL,3674),(2835,1,NULL,NULL,3675),(2836,1,NULL,NULL,3676),(2837,1,NULL,NULL,3677),(2838,1,NULL,NULL,3678),(2839,1,NULL,NULL,3679),(2840,1,NULL,NULL,3680),(2841,1,NULL,NULL,3681),(2842,1,NULL,NULL,3682),(2843,1,NULL,NULL,3683),(2844,1,NULL,NULL,3684),(2845,1,NULL,NULL,3685),(2846,1,NULL,NULL,3686),(2847,1,NULL,NULL,3687),(2848,1,NULL,NULL,3688),(2849,1,NULL,NULL,3689),(2850,1,NULL,NULL,3690),(2851,1,NULL,NULL,3691),(2852,1,NULL,NULL,3692),(2853,1,NULL,NULL,3693),(2854,1,NULL,NULL,3694),(2855,1,NULL,NULL,3695),(2856,1,NULL,NULL,3696),(2857,1,NULL,NULL,3697),(2858,1,NULL,NULL,3698),(2859,1,NULL,NULL,3699),(2860,1,NULL,NULL,3700),(2861,1,NULL,NULL,3701),(2862,1,NULL,NULL,3702),(2863,1,NULL,NULL,3703),(2864,1,NULL,NULL,3704),(2865,1,NULL,NULL,3705),(2866,1,NULL,NULL,3706),(2867,1,NULL,NULL,3707),(2868,1,NULL,NULL,3708),(2869,1,NULL,NULL,3709),(2870,1,NULL,NULL,3710),(2871,1,NULL,NULL,3711),(2872,1,NULL,NULL,3712),(2873,1,NULL,NULL,3713),(2874,1,NULL,NULL,3714),(2875,1,NULL,NULL,3715),(2876,1,NULL,NULL,3716),(2877,1,NULL,NULL,3717),(2878,1,NULL,NULL,3718),(2879,1,NULL,NULL,3719),(2880,1,NULL,NULL,3720),(2881,1,NULL,NULL,3721),(2882,1,NULL,NULL,3722),(2883,1,NULL,NULL,3723),(2884,1,NULL,NULL,3724),(2885,1,NULL,NULL,3725),(2886,1,NULL,NULL,3726),(2887,1,NULL,NULL,3727),(2888,1,NULL,NULL,3728),(2889,1,NULL,NULL,3729),(2890,1,NULL,NULL,3730),(2891,1,NULL,NULL,3731),(2892,1,NULL,NULL,3732),(2893,1,NULL,NULL,3733),(2894,1,NULL,NULL,3734),(2895,1,NULL,NULL,3735),(2896,1,NULL,NULL,3736),(2897,1,NULL,NULL,3737),(2898,1,NULL,NULL,3738),(2899,1,NULL,NULL,3739),(2900,1,NULL,NULL,3740),(2901,1,NULL,NULL,3741),(2902,1,NULL,NULL,3742),(2903,1,NULL,NULL,3743),(2904,1,NULL,NULL,3744),(2905,1,NULL,NULL,3745),(2906,1,NULL,NULL,3746),(2907,1,NULL,NULL,3747),(2908,1,NULL,NULL,3748),(2909,1,NULL,NULL,3749),(2910,1,NULL,NULL,3750),(2911,1,NULL,NULL,3751),(2912,1,NULL,NULL,3752),(2913,1,NULL,NULL,3753),(2914,1,NULL,NULL,3754),(2915,1,NULL,NULL,3755),(2916,1,NULL,NULL,3756),(2917,1,NULL,NULL,3757),(2918,1,NULL,NULL,3758),(2919,1,NULL,NULL,3759),(2920,1,NULL,NULL,3760),(2921,1,NULL,NULL,3761),(2922,1,NULL,NULL,3762),(2923,1,NULL,NULL,3763),(2924,1,NULL,NULL,3764),(2925,1,NULL,NULL,3765),(2926,1,NULL,NULL,3766),(2927,1,NULL,NULL,3767),(2928,1,NULL,NULL,3768),(2929,1,NULL,NULL,3769),(2930,1,NULL,NULL,3770),(2931,1,NULL,NULL,3771),(2932,1,NULL,NULL,3772),(2933,1,NULL,NULL,3773),(2934,1,NULL,NULL,3774),(2935,1,NULL,NULL,3775),(2936,1,NULL,NULL,3776),(2937,1,NULL,NULL,3777),(2938,1,NULL,NULL,3778),(2939,1,NULL,NULL,3779),(2940,1,NULL,NULL,3780),(2941,1,NULL,NULL,3781),(2942,1,NULL,NULL,3782),(2943,1,NULL,NULL,3783),(2944,1,NULL,NULL,3784),(2945,1,NULL,NULL,3785),(2946,1,NULL,NULL,3786),(2947,1,NULL,NULL,3787),(2948,1,NULL,NULL,3788),(2949,1,NULL,NULL,3789),(2950,1,NULL,NULL,3790),(2951,1,NULL,NULL,3791),(2952,1,NULL,NULL,3792),(2953,1,NULL,NULL,3793),(2954,1,NULL,NULL,3794),(2955,1,NULL,NULL,3795),(2956,1,NULL,NULL,3796),(2957,1,NULL,NULL,3797),(2958,1,NULL,NULL,3798),(2959,1,NULL,NULL,3799),(2960,1,NULL,NULL,3800),(2961,1,NULL,NULL,3801),(2962,1,NULL,NULL,3802),(2963,1,NULL,NULL,3803),(2964,1,NULL,NULL,3804),(2965,1,NULL,NULL,3805),(2966,1,NULL,NULL,3806),(2967,1,NULL,NULL,3807),(2968,1,NULL,NULL,3808),(2969,1,NULL,NULL,3809),(2970,1,NULL,NULL,3810),(2971,1,NULL,NULL,3826),(2972,1,NULL,NULL,3827),(2973,1,NULL,NULL,3828),(2974,1,NULL,NULL,3829),(2975,1,NULL,NULL,3830),(2976,1,NULL,NULL,3831),(2977,1,NULL,NULL,3832),(2978,1,NULL,NULL,3833),(2979,1,NULL,NULL,3834),(2980,1,NULL,NULL,3835),(2981,1,NULL,NULL,3836),(2982,1,NULL,NULL,3837),(2983,1,NULL,NULL,3838),(2984,1,NULL,NULL,3839),(2985,1,NULL,NULL,3840),(2986,1,NULL,NULL,3841),(2987,1,NULL,NULL,3842),(2988,1,NULL,NULL,3843),(2989,1,NULL,NULL,3844),(2990,1,NULL,NULL,3845),(2991,1,NULL,NULL,3846),(2992,1,NULL,NULL,3847),(2993,1,NULL,NULL,3848),(2994,1,NULL,NULL,3849),(2995,1,NULL,NULL,3850),(2996,1,NULL,NULL,3851),(2997,1,NULL,NULL,3852),(2998,1,NULL,NULL,3853),(2999,1,NULL,NULL,3854),(3000,1,NULL,NULL,3855),(3001,1,NULL,NULL,3856),(3002,1,NULL,NULL,3857),(3003,1,NULL,NULL,3858),(3004,1,NULL,NULL,3859),(3005,1,NULL,NULL,3860),(3006,1,NULL,NULL,3861),(3007,1,NULL,NULL,3862),(3008,1,NULL,NULL,3863),(3009,1,NULL,NULL,3864),(3010,1,NULL,NULL,3865),(3011,1,NULL,NULL,3866),(3012,1,NULL,NULL,3867),(3013,1,NULL,NULL,3868),(3014,1,NULL,NULL,3869),(3015,1,NULL,NULL,3870),(3016,1,NULL,NULL,3871),(3017,1,NULL,NULL,3872),(3018,1,NULL,NULL,3873),(3019,1,NULL,NULL,3874),(3020,1,NULL,NULL,3875),(3021,1,NULL,NULL,3876),(3022,1,NULL,NULL,3877),(3023,1,NULL,NULL,3878),(3024,1,NULL,NULL,3879),(3025,1,NULL,NULL,3880),(3026,1,NULL,NULL,3881),(3027,1,NULL,NULL,3882),(3028,1,NULL,NULL,3883),(3029,1,NULL,NULL,3884),(3030,1,NULL,NULL,3885),(3031,1,NULL,NULL,3886),(3032,1,NULL,NULL,3887),(3033,1,NULL,NULL,3888),(3034,1,NULL,NULL,3889),(3035,1,NULL,NULL,3890),(3036,1,NULL,NULL,3891),(3037,1,NULL,NULL,3892),(3038,1,NULL,NULL,3893),(3039,1,NULL,NULL,3894),(3040,1,NULL,NULL,3895),(3041,1,NULL,NULL,3896),(3042,1,NULL,NULL,3897),(3043,1,NULL,NULL,3898),(3044,1,NULL,NULL,3899),(3045,1,NULL,NULL,3900),(3046,1,NULL,NULL,3901),(3047,1,NULL,NULL,3902),(3048,1,NULL,NULL,3903),(3049,1,NULL,NULL,3904),(3050,1,NULL,NULL,3905),(3051,1,NULL,NULL,3906),(3052,1,NULL,NULL,3907),(3053,1,NULL,NULL,3908),(3054,1,NULL,NULL,3909),(3055,1,NULL,NULL,3910),(3056,1,NULL,NULL,3911),(3057,1,NULL,NULL,3912),(3058,1,NULL,NULL,3913),(3059,1,NULL,NULL,3914),(3060,1,NULL,NULL,3915),(3061,1,NULL,NULL,3916),(3062,1,NULL,NULL,3917),(3063,1,NULL,NULL,3918),(3064,1,NULL,NULL,3919),(3065,1,NULL,NULL,3920),(3066,1,NULL,NULL,3921),(3067,1,NULL,NULL,3922),(3068,1,NULL,NULL,3923),(3069,1,NULL,NULL,3924),(3070,1,NULL,NULL,3925),(3071,1,NULL,NULL,3926),(3072,1,NULL,NULL,3927),(3073,1,NULL,NULL,3928),(3074,1,NULL,NULL,3929),(3075,1,NULL,NULL,3930),(3076,1,NULL,NULL,3931),(3077,1,NULL,NULL,3932),(3078,1,NULL,NULL,3933),(3079,1,NULL,NULL,3934),(3080,1,NULL,NULL,3935),(3081,1,NULL,NULL,3936),(3082,1,NULL,NULL,3937),(3083,1,NULL,NULL,3938),(3084,1,NULL,NULL,3939),(3085,1,NULL,NULL,3940),(3086,1,NULL,NULL,3941),(3087,1,NULL,NULL,3942),(3088,1,NULL,NULL,3943),(3089,1,NULL,NULL,3944),(3090,1,NULL,NULL,3945),(3091,1,NULL,NULL,3946),(3092,1,NULL,NULL,3947),(3093,1,NULL,NULL,3948),(3094,1,NULL,NULL,3949),(3095,1,NULL,NULL,3950),(3096,1,NULL,NULL,3951),(3097,1,NULL,NULL,3952),(3098,1,NULL,NULL,3953),(3099,1,NULL,NULL,3954),(3100,1,NULL,NULL,3955),(3101,1,NULL,NULL,3956),(3102,1,NULL,NULL,3957),(3103,1,NULL,NULL,3958),(3104,1,NULL,NULL,3959),(3105,1,NULL,NULL,3960),(3106,1,NULL,NULL,3961),(3107,1,NULL,NULL,3962),(3108,1,NULL,NULL,3963),(3109,1,NULL,NULL,3964),(3110,1,NULL,NULL,3965),(3111,1,NULL,NULL,3966),(3112,1,NULL,NULL,3967),(3113,1,NULL,NULL,3968),(3114,1,NULL,NULL,3969),(3115,1,NULL,NULL,3970),(3116,1,NULL,NULL,3971),(3117,1,NULL,NULL,3972),(3118,1,NULL,NULL,3973),(3119,1,NULL,NULL,3974),(3120,1,NULL,NULL,3975),(3121,1,NULL,NULL,3976),(3122,1,NULL,NULL,3977),(3123,1,NULL,NULL,3978),(3124,1,NULL,NULL,3979),(3125,1,NULL,NULL,3980),(3126,1,NULL,NULL,3981),(3127,1,NULL,NULL,3982),(3128,1,NULL,NULL,3983),(3129,1,NULL,NULL,3984),(3130,1,NULL,NULL,3985),(3131,1,NULL,NULL,3986),(3132,1,NULL,NULL,3987),(3133,1,NULL,NULL,3988),(3134,1,NULL,NULL,3989),(3135,1,NULL,NULL,3990),(3136,1,NULL,NULL,3991),(3137,1,NULL,NULL,3992),(3138,1,NULL,NULL,3993),(3139,1,NULL,NULL,3994),(3140,1,NULL,NULL,3995),(3141,1,NULL,NULL,3996),(3142,1,NULL,NULL,3997),(3143,1,NULL,NULL,3998),(3144,1,NULL,NULL,3999),(3145,1,NULL,NULL,4000),(3146,1,NULL,NULL,4001),(3147,1,NULL,NULL,4002),(3148,1,NULL,NULL,4003),(3149,1,NULL,NULL,4004),(3150,1,NULL,NULL,4005),(3151,1,NULL,NULL,4006),(3152,1,NULL,NULL,4007),(3153,1,NULL,NULL,4008),(3154,1,NULL,NULL,4009),(3155,1,NULL,NULL,4010),(3156,1,NULL,NULL,4011),(3157,1,NULL,NULL,4012),(3158,1,NULL,NULL,4013),(3159,1,NULL,NULL,4014),(3160,1,NULL,NULL,4015),(3161,1,NULL,NULL,4016),(3162,1,NULL,NULL,4017),(3163,1,NULL,NULL,4018),(3164,1,NULL,NULL,4019),(3165,1,NULL,NULL,4020),(3166,1,NULL,NULL,4021),(3167,1,NULL,NULL,4022),(3168,1,NULL,NULL,4023),(3169,1,NULL,NULL,4024),(3170,1,NULL,NULL,4025),(3171,1,NULL,NULL,4026),(3172,1,NULL,NULL,4027),(3173,1,NULL,NULL,4028),(3174,1,NULL,NULL,4029),(3175,1,NULL,NULL,4030),(3176,1,NULL,NULL,4031),(3177,1,NULL,NULL,4032),(3178,1,NULL,NULL,4033),(3179,1,NULL,NULL,4081),(3180,1,NULL,NULL,4082),(3181,1,NULL,NULL,4083),(3182,1,NULL,NULL,4084),(3183,1,NULL,NULL,4085),(3184,1,NULL,NULL,4086),(3185,1,NULL,NULL,4087),(3186,1,NULL,NULL,4088),(3187,1,NULL,NULL,4089),(3188,1,NULL,NULL,4090),(3189,1,NULL,NULL,4091),(3190,1,NULL,NULL,4092),(3191,1,NULL,NULL,4093),(3192,1,NULL,NULL,4094),(3193,1,NULL,NULL,4095),(3194,1,NULL,NULL,4096),(3195,1,NULL,NULL,4097),(3196,1,NULL,NULL,4098),(3197,1,NULL,NULL,4099),(3198,1,NULL,NULL,4100),(3199,1,NULL,NULL,4101),(3200,1,NULL,NULL,4102),(3201,1,NULL,NULL,4103),(3202,1,NULL,NULL,4104),(3203,1,NULL,NULL,4105),(3204,1,NULL,NULL,4106),(3205,1,NULL,NULL,4107),(3206,1,NULL,NULL,4108),(3207,1,NULL,NULL,4109),(3208,1,NULL,NULL,4110),(3209,1,NULL,NULL,4111),(3210,1,NULL,NULL,4112),(3211,1,NULL,NULL,4113),(3212,1,NULL,NULL,4114),(3213,1,NULL,NULL,4115),(3214,1,NULL,NULL,4116),(3215,1,NULL,NULL,4117),(3216,1,NULL,NULL,4118),(3217,1,NULL,NULL,4119),(3218,1,NULL,NULL,4120),(3219,1,NULL,NULL,4121),(3220,1,NULL,NULL,4122),(3221,1,NULL,NULL,4123),(3222,1,NULL,NULL,4124),(3223,1,NULL,NULL,4125),(3224,1,NULL,NULL,4126),(3225,1,NULL,NULL,4127),(3226,1,NULL,NULL,4128),(3227,1,NULL,NULL,4129),(3228,1,NULL,NULL,4130),(3229,1,NULL,NULL,4131),(3230,1,NULL,NULL,4132),(3231,1,NULL,NULL,4133),(3232,1,NULL,NULL,4134),(3233,1,NULL,NULL,4135),(3234,1,NULL,NULL,4136),(3235,1,NULL,NULL,4137),(3236,1,NULL,NULL,4138),(3237,1,NULL,NULL,4139),(3238,1,NULL,NULL,4140),(3239,1,NULL,NULL,4141),(3240,1,NULL,NULL,4142),(3241,1,NULL,NULL,4143),(3242,1,NULL,NULL,4144),(3243,1,NULL,NULL,4145),(3244,1,NULL,NULL,4146),(3245,1,NULL,NULL,4147),(3246,1,NULL,NULL,4148),(3247,1,NULL,NULL,4149),(3248,1,NULL,NULL,4150),(3249,1,NULL,NULL,4151),(3250,1,NULL,NULL,4152),(3251,1,NULL,NULL,4153),(3252,1,NULL,NULL,4154),(3253,1,NULL,NULL,4155),(3254,1,NULL,NULL,4156),(3255,1,NULL,NULL,4157),(3256,1,NULL,NULL,4158),(3257,1,NULL,NULL,4159),(3258,1,NULL,NULL,4160),(3259,1,NULL,NULL,4161),(3260,1,NULL,NULL,4162),(3261,1,NULL,NULL,4163),(3262,1,NULL,NULL,4164),(3263,1,NULL,NULL,4165),(3264,1,NULL,NULL,4166),(3265,1,NULL,NULL,4167),(3266,1,NULL,NULL,4168),(3267,1,NULL,NULL,4169),(3268,1,NULL,NULL,4170),(3269,1,NULL,NULL,4171),(3270,1,NULL,NULL,4172),(3271,1,NULL,NULL,4173),(3272,1,NULL,NULL,4174),(3273,1,NULL,NULL,4175),(3274,1,NULL,NULL,4176),(3275,1,NULL,NULL,4177),(3276,1,NULL,NULL,4178),(3277,1,NULL,NULL,4179),(3278,1,NULL,NULL,4180),(3279,1,NULL,NULL,4181),(3280,1,NULL,NULL,4182),(3281,1,NULL,NULL,4183),(3282,1,NULL,NULL,4184),(3283,1,NULL,NULL,4185),(3284,1,NULL,NULL,4186),(3285,1,NULL,NULL,4187),(3286,1,NULL,NULL,4188),(3287,1,NULL,NULL,4189),(3288,1,NULL,NULL,4190),(3289,1,NULL,NULL,4191),(3290,1,NULL,NULL,4192),(3291,1,NULL,NULL,4193),(3292,1,NULL,NULL,4194),(3293,1,NULL,NULL,4195),(3294,1,NULL,NULL,4196),(3295,1,NULL,NULL,4197),(3296,1,NULL,NULL,4198),(3297,1,NULL,NULL,4199),(3298,1,NULL,NULL,4200),(3299,1,NULL,NULL,4201),(3300,1,NULL,NULL,4202),(3301,1,NULL,NULL,4203),(3302,1,NULL,NULL,4204),(3303,1,NULL,NULL,4205),(3304,1,NULL,NULL,4206),(3305,1,NULL,NULL,4207),(3306,1,NULL,NULL,4208),(3307,1,NULL,NULL,4209),(3308,1,NULL,NULL,4210),(3309,1,NULL,NULL,4211),(3310,1,NULL,NULL,4212),(3311,1,NULL,NULL,4213),(3312,1,NULL,NULL,4214),(3313,1,NULL,NULL,4215),(3314,1,NULL,NULL,4216),(3315,1,NULL,NULL,4217),(3316,1,NULL,NULL,4218),(3317,1,NULL,NULL,4219),(3318,1,NULL,NULL,4220),(3319,1,NULL,NULL,4221),(3320,1,NULL,NULL,4222),(3321,1,NULL,NULL,4223),(3322,1,NULL,NULL,4224),(3323,1,NULL,NULL,4225),(3324,1,NULL,NULL,4226),(3325,1,NULL,NULL,4227),(3326,1,NULL,NULL,4228),(3327,1,NULL,NULL,4229),(3328,1,NULL,NULL,4230),(3329,1,NULL,NULL,4231),(3330,1,NULL,NULL,4232),(3331,1,NULL,NULL,4233),(3332,1,NULL,NULL,4234),(3333,1,NULL,NULL,4235),(3334,1,NULL,NULL,4236),(3335,1,NULL,NULL,4237),(3336,1,NULL,NULL,4238),(3337,1,NULL,NULL,4239),(3338,1,NULL,NULL,4240),(3339,1,NULL,NULL,4241),(3340,1,NULL,NULL,4242),(3341,1,NULL,NULL,4243),(3342,1,NULL,NULL,4244),(3343,1,NULL,NULL,4245),(3344,1,NULL,NULL,4246),(3345,1,NULL,NULL,4247),(3346,1,NULL,NULL,4248),(3347,1,NULL,NULL,4249),(3348,1,NULL,NULL,4250),(3349,1,NULL,NULL,4251),(3350,1,NULL,NULL,4252),(3351,1,NULL,NULL,4253),(3352,1,NULL,NULL,4254),(3353,1,NULL,NULL,4255),(3354,1,NULL,NULL,4256),(3355,1,NULL,NULL,4257),(3356,1,NULL,NULL,4258),(3357,1,NULL,NULL,4259),(3358,1,NULL,NULL,4260),(3359,1,NULL,NULL,4261),(3360,1,NULL,NULL,4262),(3361,1,NULL,NULL,4263),(3362,1,NULL,NULL,4264),(3363,1,NULL,NULL,4265),(3364,1,NULL,NULL,4266),(3365,1,NULL,NULL,4267),(3366,1,NULL,NULL,4268),(3367,1,NULL,NULL,4269),(3368,1,NULL,NULL,4270),(3369,1,NULL,NULL,4271),(3370,1,NULL,NULL,4272),(3371,1,NULL,NULL,4273),(3372,1,NULL,NULL,4274),(3373,1,NULL,NULL,4275),(3374,1,NULL,NULL,4276),(3375,1,NULL,NULL,4277),(3376,1,NULL,NULL,4278),(3377,1,NULL,NULL,4279),(3378,1,NULL,NULL,4280),(3379,1,NULL,NULL,4281),(3380,1,NULL,NULL,4282),(3381,1,NULL,NULL,4283),(3382,1,NULL,NULL,4284),(3383,1,NULL,NULL,4285),(3384,1,NULL,NULL,4286),(3385,1,NULL,NULL,4287),(3386,1,NULL,NULL,4288),(3387,1,NULL,NULL,4289),(3388,1,NULL,NULL,4290),(3389,1,NULL,NULL,4291),(3390,1,NULL,NULL,4292),(3391,1,NULL,NULL,4293),(3392,1,NULL,NULL,4294),(3393,1,NULL,NULL,4295),(3394,1,NULL,NULL,4296),(3395,1,NULL,NULL,4297),(3396,1,NULL,NULL,4298),(3397,1,NULL,NULL,4299),(3398,1,NULL,NULL,4300),(3399,1,NULL,NULL,4301),(3400,1,NULL,NULL,4302),(3401,1,NULL,NULL,4303),(3402,1,NULL,NULL,4304),(3403,1,NULL,NULL,4305),(3404,1,NULL,NULL,4306),(3405,1,NULL,NULL,4307),(3406,1,NULL,NULL,4308),(3407,1,NULL,NULL,4309),(3408,1,NULL,NULL,4310),(3409,1,NULL,NULL,4311),(3410,1,NULL,NULL,4312),(3411,1,NULL,NULL,4313),(3412,1,NULL,NULL,4314),(3413,1,NULL,NULL,4315),(3414,1,NULL,NULL,4316),(3415,1,NULL,NULL,4317),(3416,1,NULL,NULL,4318),(3417,1,NULL,NULL,4319),(3418,1,NULL,NULL,4320),(3419,1,NULL,NULL,4336),(3420,1,NULL,NULL,4337),(3421,1,NULL,NULL,4338),(3422,1,NULL,NULL,4339),(3423,1,NULL,NULL,4340),(3424,1,NULL,NULL,4341),(3425,1,NULL,NULL,4342),(3426,1,NULL,NULL,4343),(3427,1,NULL,NULL,4344),(3428,1,NULL,NULL,4345),(3429,1,NULL,NULL,4346),(3430,1,NULL,NULL,4347),(3431,1,NULL,NULL,4348),(3432,1,NULL,NULL,4349),(3433,1,NULL,NULL,4350),(3434,1,NULL,NULL,4351),(3435,1,NULL,NULL,4352),(3436,1,NULL,NULL,4353),(3437,1,NULL,NULL,4354),(3438,1,NULL,NULL,4355),(3439,1,NULL,NULL,4356),(3440,1,NULL,NULL,4357),(3441,1,NULL,NULL,4358),(3442,1,NULL,NULL,4359),(3443,1,NULL,NULL,4360),(3444,1,NULL,NULL,4361),(3445,1,NULL,NULL,4362),(3446,1,NULL,NULL,4363),(3447,1,NULL,NULL,4364),(3448,1,NULL,NULL,4365),(3449,1,NULL,NULL,4366),(3450,1,NULL,NULL,4367),(3451,1,NULL,NULL,4368),(3452,1,NULL,NULL,4369),(3453,1,NULL,NULL,4370),(3454,1,NULL,NULL,4371),(3455,1,NULL,NULL,4372),(3456,1,NULL,NULL,4373),(3457,1,NULL,NULL,4374),(3458,1,NULL,NULL,4375),(3459,1,NULL,NULL,4376),(3460,1,NULL,NULL,4377),(3461,1,NULL,NULL,4378),(3462,1,NULL,NULL,4379),(3463,1,NULL,NULL,4380),(3464,1,NULL,NULL,4381),(3465,1,NULL,NULL,4382),(3466,1,NULL,NULL,4383),(3467,1,NULL,NULL,4384),(3468,1,NULL,NULL,4385),(3469,1,NULL,NULL,4386),(3470,1,NULL,NULL,4387),(3471,1,NULL,NULL,4388),(3472,1,NULL,NULL,4389),(3473,1,NULL,NULL,4390),(3474,1,NULL,NULL,4391),(3475,1,NULL,NULL,4392),(3476,1,NULL,NULL,4393),(3477,1,NULL,NULL,4394),(3478,1,NULL,NULL,4395),(3479,1,NULL,NULL,4396),(3480,1,NULL,NULL,4397),(3481,1,NULL,NULL,4398),(3482,1,NULL,NULL,4399),(3483,1,NULL,NULL,4400),(3484,1,NULL,NULL,4401),(3485,1,NULL,NULL,4402),(3486,1,NULL,NULL,4403),(3487,1,NULL,NULL,4404),(3488,1,NULL,NULL,4405),(3489,1,NULL,NULL,4406),(3490,1,NULL,NULL,4407),(3491,1,NULL,NULL,4408),(3492,1,NULL,NULL,4409),(3493,1,NULL,NULL,4410),(3494,1,NULL,NULL,4411),(3495,1,NULL,NULL,4412),(3496,1,NULL,NULL,4413),(3497,1,NULL,NULL,4414),(3498,1,NULL,NULL,4415),(3499,1,NULL,NULL,4416),(3500,1,NULL,NULL,4417),(3501,1,NULL,NULL,4418),(3502,1,NULL,NULL,4419),(3503,1,NULL,NULL,4420),(3504,1,NULL,NULL,4421),(3505,1,NULL,NULL,4422),(3506,1,NULL,NULL,4423),(3507,1,NULL,NULL,4424),(3508,1,NULL,NULL,4425),(3509,1,NULL,NULL,4426),(3510,1,NULL,NULL,4427),(3511,1,NULL,NULL,4428),(3512,1,NULL,NULL,4429),(3513,1,NULL,NULL,4430),(3514,1,NULL,NULL,4431),(3515,1,NULL,NULL,4432),(3516,1,NULL,NULL,4433),(3517,1,NULL,NULL,4434),(3518,1,NULL,NULL,4435),(3519,1,NULL,NULL,4436),(3520,1,NULL,NULL,4437),(3521,1,NULL,NULL,4438),(3522,1,NULL,NULL,4439),(3523,1,NULL,NULL,4440),(3524,1,NULL,NULL,4441),(3525,1,NULL,NULL,4442),(3526,1,NULL,NULL,4443),(3527,1,NULL,NULL,4444),(3528,1,NULL,NULL,4445),(3529,1,NULL,NULL,4446),(3530,1,NULL,NULL,4447),(3531,1,NULL,NULL,4448),(3532,1,NULL,NULL,4449),(3533,1,NULL,NULL,4450),(3534,1,NULL,NULL,4451),(3535,1,NULL,NULL,4452),(3536,1,NULL,NULL,4453),(3537,1,NULL,NULL,4454),(3538,1,NULL,NULL,4455),(3539,1,NULL,NULL,4456),(3540,1,NULL,NULL,4457),(3541,1,NULL,NULL,4458),(3542,1,NULL,NULL,4459),(3543,1,NULL,NULL,4460),(3544,1,NULL,NULL,4461),(3545,1,NULL,NULL,4462),(3546,1,NULL,NULL,4463),(3547,1,NULL,NULL,4464),(3548,1,NULL,NULL,4465),(3549,1,NULL,NULL,4466),(3550,1,NULL,NULL,4467),(3551,1,NULL,NULL,4468),(3552,1,NULL,NULL,4469),(3553,1,NULL,NULL,4470),(3554,1,NULL,NULL,4471),(3555,1,NULL,NULL,4472),(3556,1,NULL,NULL,4473),(3557,1,NULL,NULL,4474),(3558,1,NULL,NULL,4475),(3559,1,NULL,NULL,4476),(3560,1,NULL,NULL,4477),(3561,1,NULL,NULL,4478),(3562,1,NULL,NULL,4479),(3563,1,NULL,NULL,4480),(3564,1,NULL,NULL,4481),(3565,1,NULL,NULL,4482),(3566,1,NULL,NULL,4483),(3567,1,NULL,NULL,4484),(3568,1,NULL,NULL,4485),(3569,1,NULL,NULL,4486),(3570,1,NULL,NULL,4487),(3571,1,NULL,NULL,4488),(3572,1,NULL,NULL,4489),(3573,1,NULL,NULL,4490),(3574,1,NULL,NULL,4491),(3575,1,NULL,NULL,4492),(3576,1,NULL,NULL,4493),(3577,1,NULL,NULL,4494),(3578,1,NULL,NULL,4495),(3579,1,NULL,NULL,4496),(3580,1,NULL,NULL,4497),(3581,1,NULL,NULL,4498),(3582,1,NULL,NULL,4499),(3583,1,NULL,NULL,4500),(3584,1,NULL,NULL,4501),(3585,1,NULL,NULL,4502),(3586,1,NULL,NULL,4503),(3587,1,NULL,NULL,4504),(3588,1,NULL,NULL,4505),(3589,1,NULL,NULL,4506),(3590,1,NULL,NULL,4507),(3591,1,NULL,NULL,4508),(3592,1,NULL,NULL,4509),(3593,1,NULL,NULL,4510),(3594,1,NULL,NULL,4511),(3595,1,NULL,NULL,4512),(3596,1,NULL,NULL,4513),(3597,1,NULL,NULL,4514),(3598,1,NULL,NULL,4515),(3599,1,NULL,NULL,4516),(3600,1,NULL,NULL,4517),(3601,1,NULL,NULL,4518),(3602,1,NULL,NULL,4519),(3603,1,NULL,NULL,4520),(3604,1,NULL,NULL,4521),(3605,1,NULL,NULL,4522),(3606,1,NULL,NULL,4523),(3607,1,NULL,NULL,4524),(3608,1,NULL,NULL,4525),(3609,1,NULL,NULL,4526),(3610,1,NULL,NULL,4527),(3611,1,NULL,NULL,4528),(3612,1,NULL,NULL,4529),(3613,1,NULL,NULL,4530),(3614,1,NULL,NULL,4531),(3615,1,NULL,NULL,4532),(3616,1,NULL,NULL,4533),(3617,1,NULL,NULL,4534),(3618,1,NULL,NULL,4535),(3619,1,NULL,NULL,4536),(3620,1,NULL,NULL,4537),(3621,1,NULL,NULL,4538),(3622,1,NULL,NULL,4539),(3623,1,NULL,NULL,4540),(3624,1,NULL,NULL,4541),(3625,1,NULL,NULL,4542),(3626,1,NULL,NULL,4543),(3627,1,NULL,NULL,4544),(3628,1,NULL,NULL,4545),(3629,1,NULL,NULL,4546),(3630,1,NULL,NULL,4547),(3631,1,NULL,NULL,4548),(3632,1,NULL,NULL,4549),(3633,1,NULL,NULL,4550),(3634,1,NULL,NULL,4551),(3635,1,NULL,NULL,4552),(3636,1,NULL,NULL,4553),(3637,1,NULL,NULL,4554),(3638,1,NULL,NULL,4555),(3639,1,NULL,NULL,4556),(3640,1,NULL,NULL,4557),(3641,1,NULL,NULL,4558),(3642,1,NULL,NULL,4559),(3643,1,NULL,NULL,4560),(3644,1,NULL,NULL,4561),(3645,1,NULL,NULL,4562),(3646,1,NULL,NULL,4563),(3647,1,NULL,NULL,4564),(3648,1,NULL,NULL,4565),(3649,1,NULL,NULL,4566),(3650,1,NULL,NULL,4567),(3651,1,NULL,NULL,4568),(3652,1,NULL,NULL,4569),(3653,1,NULL,NULL,4570),(3654,1,NULL,NULL,4571),(3655,1,NULL,NULL,4572),(3656,1,NULL,NULL,4573),(3657,1,NULL,NULL,4574),(3658,1,NULL,NULL,4575),(3659,1,NULL,NULL,4591),(3660,1,NULL,NULL,4592),(3661,1,NULL,NULL,4593),(3662,1,NULL,NULL,4594),(3663,1,NULL,NULL,4595),(3664,1,NULL,NULL,4596),(3665,1,NULL,NULL,4597),(3666,1,NULL,NULL,4598),(3667,1,NULL,NULL,4599),(3668,1,NULL,NULL,4600),(3669,1,NULL,NULL,4601),(3670,1,NULL,NULL,4602),(3671,1,NULL,NULL,4603),(3672,1,NULL,NULL,4604),(3673,1,NULL,NULL,4605),(3674,1,NULL,NULL,4606),(3675,1,NULL,NULL,4607),(3676,1,NULL,NULL,4608),(3677,1,NULL,NULL,4609),(3678,1,NULL,NULL,4610),(3679,1,NULL,NULL,4611),(3680,1,NULL,NULL,4612),(3681,1,NULL,NULL,4613),(3682,1,NULL,NULL,4614),(3683,1,NULL,NULL,4615),(3684,1,NULL,NULL,4616),(3685,1,NULL,NULL,4617),(3686,1,NULL,NULL,4618),(3687,1,NULL,NULL,4619),(3688,1,NULL,NULL,4620),(3689,1,NULL,NULL,4621),(3690,1,NULL,NULL,4622),(3691,1,NULL,NULL,4623),(3692,1,NULL,NULL,4624),(3693,1,NULL,NULL,4625),(3694,1,NULL,NULL,4626),(3695,1,NULL,NULL,4627),(3696,1,NULL,NULL,4628),(3697,1,NULL,NULL,4629),(3698,1,NULL,NULL,4630),(3699,1,NULL,NULL,4631),(3700,1,NULL,NULL,4632),(3701,1,NULL,NULL,4633),(3702,1,NULL,NULL,4634),(3703,1,NULL,NULL,4635),(3704,1,NULL,NULL,4636),(3705,1,NULL,NULL,4637),(3706,1,NULL,NULL,4638),(3707,1,NULL,NULL,4639),(3708,1,NULL,NULL,4640),(3709,1,NULL,NULL,4641),(3710,1,NULL,NULL,4642),(3711,1,NULL,NULL,4643),(3712,1,NULL,NULL,4644),(3713,1,NULL,NULL,4645),(3714,1,NULL,NULL,4646),(3715,1,NULL,NULL,4647),(3716,1,NULL,NULL,4648),(3717,1,NULL,NULL,4649),(3718,1,NULL,NULL,4650),(3719,1,NULL,NULL,4651),(3720,1,NULL,NULL,4652),(3721,1,NULL,NULL,4653),(3722,1,NULL,NULL,4654),(3723,1,NULL,NULL,4655),(3724,1,NULL,NULL,4656),(3725,1,NULL,NULL,4657),(3726,1,NULL,NULL,4658),(3727,1,NULL,NULL,4659),(3728,1,NULL,NULL,4660),(3729,1,NULL,NULL,4661),(3730,1,NULL,NULL,4662),(3731,1,NULL,NULL,4663),(3732,1,NULL,NULL,4664),(3733,1,NULL,NULL,4665),(3734,1,NULL,NULL,4666),(3735,1,NULL,NULL,4667),(3736,1,NULL,NULL,4668),(3737,1,NULL,NULL,4669),(3738,1,NULL,NULL,4670),(3739,1,NULL,NULL,4671),(3740,1,NULL,NULL,4672),(3741,1,NULL,NULL,4673),(3742,1,NULL,NULL,4674),(3743,1,NULL,NULL,4675),(3744,1,NULL,NULL,4676),(3745,1,NULL,NULL,4677),(3746,1,NULL,NULL,4678),(3747,1,NULL,NULL,4679),(3748,1,NULL,NULL,4680),(3749,1,NULL,NULL,4681),(3750,1,NULL,NULL,4682),(3751,1,NULL,NULL,4683),(3752,1,NULL,NULL,4684),(3753,1,NULL,NULL,4685),(3754,1,NULL,NULL,4686),(3755,1,NULL,NULL,4687),(3756,1,NULL,NULL,4688),(3757,1,NULL,NULL,4689),(3758,1,NULL,NULL,4690),(3759,1,NULL,NULL,4691),(3760,1,NULL,NULL,4692),(3761,1,NULL,NULL,4693),(3762,1,NULL,NULL,4694),(3763,1,NULL,NULL,4695),(3764,1,NULL,NULL,4696),(3765,1,NULL,NULL,4697),(3766,1,NULL,NULL,4698),(3767,1,NULL,NULL,4699),(3768,1,NULL,NULL,4700),(3769,1,NULL,NULL,4701),(3770,1,NULL,NULL,4702),(3771,1,NULL,NULL,4703),(3772,1,NULL,NULL,4704),(3773,1,NULL,NULL,4705),(3774,1,NULL,NULL,4706),(3775,1,NULL,NULL,4707),(3776,1,NULL,NULL,4708),(3777,1,NULL,NULL,4709),(3778,1,NULL,NULL,4710),(3779,1,NULL,NULL,4711),(3780,1,NULL,NULL,4712),(3781,1,NULL,NULL,4713),(3782,1,NULL,NULL,4714),(3783,1,NULL,NULL,4715),(3784,1,NULL,NULL,4716),(3785,1,NULL,NULL,4717),(3786,1,NULL,NULL,4718),(3787,1,NULL,NULL,4719),(3788,1,NULL,NULL,4720),(3789,1,NULL,NULL,4721),(3790,1,NULL,NULL,4722),(3791,1,NULL,NULL,4723),(3792,1,NULL,NULL,4724),(3793,1,NULL,NULL,4725),(3794,1,NULL,NULL,4726),(3795,1,NULL,NULL,4727),(3796,1,NULL,NULL,4728),(3797,1,NULL,NULL,4729),(3798,1,NULL,NULL,4730),(3799,1,NULL,NULL,4731),(3800,1,NULL,NULL,4732),(3801,1,NULL,NULL,4733),(3802,1,NULL,NULL,4734),(3803,1,NULL,NULL,4735),(3804,1,NULL,NULL,4736),(3805,1,NULL,NULL,4737),(3806,1,NULL,NULL,4738),(3807,1,NULL,NULL,4739),(3808,1,NULL,NULL,4740),(3809,1,NULL,NULL,4741),(3810,1,NULL,NULL,4742),(3811,1,NULL,NULL,4743),(3812,1,NULL,NULL,4744),(3813,1,NULL,NULL,4745),(3814,1,NULL,NULL,4746),(3815,1,NULL,NULL,4747),(3816,1,NULL,NULL,4748),(3817,1,NULL,NULL,4749),(3818,1,NULL,NULL,4750),(3819,1,NULL,NULL,4751),(3820,1,NULL,NULL,4752),(3821,1,NULL,NULL,4753),(3822,1,NULL,NULL,4754),(3823,1,NULL,NULL,4755),(3824,1,NULL,NULL,4756),(3825,1,NULL,NULL,4757),(3826,1,NULL,NULL,4758),(3827,1,NULL,NULL,4759),(3828,1,NULL,NULL,4760),(3829,1,NULL,NULL,4761),(3830,1,NULL,NULL,4762),(3831,1,NULL,NULL,4763),(3832,1,NULL,NULL,4764),(3833,1,NULL,NULL,4765),(3834,1,NULL,NULL,4766),(3835,1,NULL,NULL,4767),(3836,1,NULL,NULL,4768),(3837,1,NULL,NULL,4769),(3838,1,NULL,NULL,4770),(3839,1,NULL,NULL,4771),(3840,1,NULL,NULL,4772),(3841,1,NULL,NULL,4773),(3842,1,NULL,NULL,4774),(3843,1,NULL,NULL,4775),(3844,1,NULL,NULL,4776),(3845,1,NULL,NULL,4777),(3846,1,NULL,NULL,4778),(3847,1,NULL,NULL,4779),(3848,1,NULL,NULL,4780),(3849,1,NULL,NULL,4781),(3850,1,NULL,NULL,4782),(3851,1,NULL,NULL,4783),(3852,1,NULL,NULL,4784),(3853,1,NULL,NULL,4785),(3854,1,NULL,NULL,4786),(3855,1,NULL,NULL,4787),(3856,1,NULL,NULL,4788),(3857,1,NULL,NULL,4789),(3858,1,NULL,NULL,4790),(3859,1,NULL,NULL,4791),(3860,1,NULL,NULL,4792),(3861,1,NULL,NULL,4793),(3862,1,NULL,NULL,4794),(3863,1,NULL,NULL,4795),(3864,1,NULL,NULL,4796),(3865,1,NULL,NULL,4797),(3866,1,NULL,NULL,4798),(3867,1,NULL,NULL,4799),(3868,1,NULL,NULL,4800),(3869,1,NULL,NULL,4801),(3870,1,NULL,NULL,4802),(3871,1,NULL,NULL,4803),(3872,1,NULL,NULL,4804),(3873,1,NULL,NULL,4805),(3874,1,NULL,NULL,4806),(3875,1,NULL,NULL,4807),(3876,1,NULL,NULL,4808),(3877,1,NULL,NULL,4809),(3878,1,NULL,NULL,4810),(3879,1,NULL,NULL,4811),(3880,1,NULL,NULL,4812),(3881,1,NULL,NULL,4813),(3882,1,NULL,NULL,4814),(3883,1,NULL,NULL,4815),(3884,1,NULL,NULL,4816),(3885,1,NULL,NULL,4817),(3886,1,NULL,NULL,4818),(3887,1,NULL,NULL,4819),(3888,1,NULL,NULL,4820),(3889,1,NULL,NULL,4821),(3890,1,NULL,NULL,4822),(3891,1,NULL,NULL,4823),(3892,1,NULL,NULL,4824),(3893,1,NULL,NULL,4825),(3894,1,NULL,NULL,4826),(3895,1,NULL,NULL,4827),(3896,1,NULL,NULL,4828),(3897,1,NULL,NULL,4829),(3898,1,NULL,NULL,4830),(3899,1,NULL,NULL,4846),(3900,1,NULL,NULL,4847),(3901,1,NULL,NULL,4848),(3902,1,NULL,NULL,4849),(3903,1,NULL,NULL,4850),(3904,1,NULL,NULL,4851),(3905,1,NULL,NULL,4852),(3906,1,NULL,NULL,4853),(3907,1,NULL,NULL,4854),(3908,1,NULL,NULL,4855),(3909,1,NULL,NULL,4856),(3910,1,NULL,NULL,4857),(3911,1,NULL,NULL,4858),(3912,1,NULL,NULL,4859),(3913,1,NULL,NULL,4860),(3914,1,NULL,NULL,4861),(3915,1,NULL,NULL,4862),(3916,1,NULL,NULL,4863),(3917,1,NULL,NULL,4864),(3918,1,NULL,NULL,4865),(3919,1,NULL,NULL,4866),(3920,1,NULL,NULL,4867),(3921,1,NULL,NULL,4868),(3922,1,NULL,NULL,4869),(3923,1,NULL,NULL,4870),(3924,1,NULL,NULL,4871),(3925,1,NULL,NULL,4872),(3926,1,NULL,NULL,4873),(3927,1,NULL,NULL,4874),(3928,1,NULL,NULL,4875),(3929,1,NULL,NULL,4876),(3930,1,NULL,NULL,4877),(3931,1,NULL,NULL,4878),(3932,1,NULL,NULL,4879),(3933,1,NULL,NULL,4880),(3934,1,NULL,NULL,4881),(3935,1,NULL,NULL,4882),(3936,1,NULL,NULL,4883),(3937,1,NULL,NULL,4884),(3938,1,NULL,NULL,4885),(3939,1,NULL,NULL,4886),(3940,1,NULL,NULL,4887),(3941,1,NULL,NULL,4888),(3942,1,NULL,NULL,4889),(3943,1,NULL,NULL,4890),(3944,1,NULL,NULL,4891),(3945,1,NULL,NULL,4892),(3946,1,NULL,NULL,4893),(3947,1,NULL,NULL,4894),(3948,1,NULL,NULL,4895),(3949,1,NULL,NULL,4896),(3950,1,NULL,NULL,4897),(3951,1,NULL,NULL,4898),(3952,1,NULL,NULL,4899),(3953,1,NULL,NULL,4900),(3954,1,NULL,NULL,4901),(3955,1,NULL,NULL,4902),(3956,1,NULL,NULL,4903),(3957,1,NULL,NULL,4904),(3958,1,NULL,NULL,4905),(3959,1,NULL,NULL,4906),(3960,1,NULL,NULL,4907),(3961,1,NULL,NULL,4908),(3962,1,NULL,NULL,4909),(3963,1,NULL,NULL,4910),(3964,1,NULL,NULL,4911),(3965,1,NULL,NULL,4912),(3966,1,NULL,NULL,4913),(3967,1,NULL,NULL,4914),(3968,1,NULL,NULL,4915),(3969,1,NULL,NULL,4916),(3970,1,NULL,NULL,4917),(3971,1,NULL,NULL,4918),(3972,1,NULL,NULL,4919),(3973,1,NULL,NULL,4920),(3974,1,NULL,NULL,4921),(3975,1,NULL,NULL,4922),(3976,1,NULL,NULL,4923),(3977,1,NULL,NULL,4924),(3978,1,NULL,NULL,4925),(3979,1,NULL,NULL,4926),(3980,1,NULL,NULL,4927),(3981,1,NULL,NULL,4928),(3982,1,NULL,NULL,4929),(3983,1,NULL,NULL,4930),(3984,1,NULL,NULL,4931),(3985,1,NULL,NULL,4932),(3986,1,NULL,NULL,4933),(3987,1,NULL,NULL,4934),(3988,1,NULL,NULL,4935),(3989,1,NULL,NULL,4936),(3990,1,NULL,NULL,4937),(3991,1,NULL,NULL,4938),(3992,1,NULL,NULL,4939),(3993,1,NULL,NULL,4940),(3994,1,NULL,NULL,4941),(3995,1,NULL,NULL,4942),(3996,1,NULL,NULL,4943),(3997,1,NULL,NULL,4944),(3998,1,NULL,NULL,4945),(3999,1,NULL,NULL,4946),(4000,1,NULL,NULL,4947),(4001,1,NULL,NULL,4948),(4002,1,NULL,NULL,4949),(4003,1,NULL,NULL,4950),(4004,1,NULL,NULL,4951),(4005,1,NULL,NULL,4952),(4006,1,NULL,NULL,4953),(4007,1,NULL,NULL,4954),(4008,1,NULL,NULL,4955),(4009,1,NULL,NULL,4956),(4010,1,NULL,NULL,4957),(4011,1,NULL,NULL,4958),(4012,1,NULL,NULL,4959),(4013,1,NULL,NULL,4960),(4014,1,NULL,NULL,4961),(4015,1,NULL,NULL,4962),(4016,1,NULL,NULL,4963),(4017,1,NULL,NULL,4964),(4018,1,NULL,NULL,4965),(4019,1,NULL,NULL,4966),(4020,1,NULL,NULL,4967),(4021,1,NULL,NULL,4968),(4022,1,NULL,NULL,4969),(4023,1,NULL,NULL,4970),(4024,1,NULL,NULL,4971),(4025,1,NULL,NULL,4972),(4026,1,NULL,NULL,4973),(4027,1,NULL,NULL,4974),(4028,1,NULL,NULL,4975),(4029,1,NULL,NULL,4976),(4030,1,NULL,NULL,4977),(4031,1,NULL,NULL,4978),(4032,1,NULL,NULL,4979),(4033,1,NULL,NULL,4980),(4034,1,NULL,NULL,4981),(4035,1,NULL,NULL,4982),(4036,1,NULL,NULL,4983),(4037,1,NULL,NULL,4984),(4038,1,NULL,NULL,4985),(4039,1,NULL,NULL,4986),(4040,1,NULL,NULL,4987),(4041,1,NULL,NULL,4988),(4042,1,NULL,NULL,4989),(4043,1,NULL,NULL,4990),(4044,1,NULL,NULL,4991),(4045,1,NULL,NULL,4992),(4046,1,NULL,NULL,4993),(4047,1,NULL,NULL,4994),(4048,1,NULL,NULL,4995),(4049,1,NULL,NULL,4996),(4050,1,NULL,NULL,4997),(4051,1,NULL,NULL,4998),(4052,1,NULL,NULL,4999),(4053,1,NULL,NULL,5000),(4054,1,NULL,NULL,5001),(4055,1,NULL,NULL,5002),(4056,1,NULL,NULL,5003),(4057,1,NULL,NULL,5004),(4058,1,NULL,NULL,5005),(4059,1,NULL,NULL,5006),(4060,1,NULL,NULL,5007),(4061,1,NULL,NULL,5008),(4062,1,NULL,NULL,5009),(4063,1,NULL,NULL,5010),(4064,1,NULL,NULL,5011),(4065,1,NULL,NULL,5012),(4066,1,NULL,NULL,5013),(4067,1,NULL,NULL,5014),(4068,1,NULL,NULL,5015),(4069,1,NULL,NULL,5016),(4070,1,NULL,NULL,5017),(4071,1,NULL,NULL,5018),(4072,1,NULL,NULL,5019),(4073,1,NULL,NULL,5020),(4074,1,NULL,NULL,5021),(4075,1,NULL,NULL,5022),(4076,1,NULL,NULL,5023),(4077,1,NULL,NULL,5024),(4078,1,NULL,NULL,5025),(4079,1,NULL,NULL,5026),(4080,1,NULL,NULL,5027),(4081,1,NULL,NULL,5028),(4082,1,NULL,NULL,5029),(4083,1,NULL,NULL,5030),(4084,1,NULL,NULL,5031),(4085,1,NULL,NULL,5032),(4086,1,NULL,NULL,5033),(4087,1,NULL,NULL,5034),(4088,1,NULL,NULL,5035),(4089,1,NULL,NULL,5036),(4090,1,NULL,NULL,5037),(4091,1,NULL,NULL,5038),(4092,1,NULL,NULL,5039),(4093,1,NULL,NULL,5040),(4094,1,NULL,NULL,5041),(4095,1,NULL,NULL,5042),(4096,1,NULL,NULL,5043),(4097,1,NULL,NULL,5044),(4098,1,NULL,NULL,5045),(4099,1,NULL,NULL,5046),(4100,1,NULL,NULL,5047),(4101,1,NULL,NULL,5048),(4102,1,NULL,NULL,5049),(4103,1,NULL,NULL,5050),(4104,1,NULL,NULL,5051),(4105,1,NULL,NULL,5052),(4106,1,NULL,NULL,5053),(4107,1,NULL,NULL,5054),(4108,1,NULL,NULL,5055),(4109,1,NULL,NULL,5056),(4110,1,NULL,NULL,5057),(4111,1,NULL,NULL,5058),(4112,1,NULL,NULL,5059),(4113,1,NULL,NULL,5060),(4114,1,NULL,NULL,5061),(4115,1,NULL,NULL,5062),(4116,1,NULL,NULL,5063),(4117,1,NULL,NULL,5064),(4118,1,NULL,NULL,5065),(4119,1,NULL,NULL,5066),(4120,1,NULL,NULL,5067),(4121,1,NULL,NULL,5068),(4122,1,NULL,NULL,5069),(4123,1,NULL,NULL,5070),(4124,1,NULL,NULL,5071),(4125,1,NULL,NULL,5072),(4126,1,NULL,NULL,5073),(4127,1,NULL,NULL,5074),(4128,1,NULL,NULL,5075),(4129,1,NULL,NULL,5076),(4130,1,NULL,NULL,5077),(4131,1,NULL,NULL,5078),(4132,1,NULL,NULL,5079),(4133,1,NULL,NULL,5080),(4134,1,NULL,NULL,5081),(4135,1,NULL,NULL,5082),(4136,1,NULL,NULL,5083),(4137,1,NULL,NULL,5084),(4138,1,NULL,NULL,5085),(4139,1,NULL,NULL,5101),(4140,1,NULL,NULL,5102),(4141,1,NULL,NULL,5103),(4142,1,NULL,NULL,5104),(4143,1,NULL,NULL,5105),(4144,1,NULL,NULL,5106),(4145,1,NULL,NULL,5107),(4146,1,NULL,NULL,5108),(4147,1,NULL,NULL,5109),(4148,1,NULL,NULL,5110),(4149,1,NULL,NULL,5111),(4150,1,NULL,NULL,5112),(4151,1,NULL,NULL,5113),(4152,1,NULL,NULL,5114),(4153,1,NULL,NULL,5115),(4154,1,NULL,NULL,5116),(4155,1,NULL,NULL,5117),(4156,1,NULL,NULL,5118),(4157,1,NULL,NULL,5119),(4158,1,NULL,NULL,5120),(4159,1,NULL,NULL,5121),(4160,1,NULL,NULL,5122),(4161,1,NULL,NULL,5123),(4162,1,NULL,NULL,5124),(4163,1,NULL,NULL,5125),(4164,1,NULL,NULL,5126),(4165,1,NULL,NULL,5127),(4166,1,NULL,NULL,5128),(4167,1,NULL,NULL,5129),(4168,1,NULL,NULL,5130),(4169,1,NULL,NULL,5131),(4170,1,NULL,NULL,5132),(4171,1,NULL,NULL,5133),(4172,1,NULL,NULL,5134),(4173,1,NULL,NULL,5135),(4174,1,NULL,NULL,5136),(4175,1,NULL,NULL,5137),(4176,1,NULL,NULL,5138),(4177,1,NULL,NULL,5139),(4178,1,NULL,NULL,5140),(4179,1,NULL,NULL,5141),(4180,1,NULL,NULL,5142),(4181,1,NULL,NULL,5143),(4182,1,NULL,NULL,5144),(4183,1,NULL,NULL,5145),(4184,1,NULL,NULL,5146),(4185,1,NULL,NULL,5147),(4186,1,NULL,NULL,5148),(4187,1,NULL,NULL,5149),(4188,1,NULL,NULL,5150),(4189,1,NULL,NULL,5151),(4190,1,NULL,NULL,5152),(4191,1,NULL,NULL,5153),(4192,1,NULL,NULL,5154),(4193,1,NULL,NULL,5155),(4194,1,NULL,NULL,5156),(4195,1,NULL,NULL,5157),(4196,1,NULL,NULL,5158),(4197,1,NULL,NULL,5159),(4198,1,NULL,NULL,5160),(4199,1,NULL,NULL,5161),(4200,1,NULL,NULL,5162),(4201,1,NULL,NULL,5163),(4202,1,NULL,NULL,5164),(4203,1,NULL,NULL,5165),(4204,1,NULL,NULL,5166),(4205,1,NULL,NULL,5167),(4206,1,NULL,NULL,5168),(4207,1,NULL,NULL,5169),(4208,1,NULL,NULL,5170),(4209,1,NULL,NULL,5171),(4210,1,NULL,NULL,5172),(4211,1,NULL,NULL,5173),(4212,1,NULL,NULL,5174),(4213,1,NULL,NULL,5175),(4214,1,NULL,NULL,5176),(4215,1,NULL,NULL,5177),(4216,1,NULL,NULL,5178),(4217,1,NULL,NULL,5179),(4218,1,NULL,NULL,5180),(4219,1,NULL,NULL,5181),(4220,1,NULL,NULL,5182),(4221,1,NULL,NULL,5183),(4222,1,NULL,NULL,5184),(4223,1,NULL,NULL,5185),(4224,1,NULL,NULL,5186),(4225,1,NULL,NULL,5187),(4226,1,NULL,NULL,5188),(4227,1,NULL,NULL,5189),(4228,1,NULL,NULL,5190),(4229,1,NULL,NULL,5191),(4230,1,NULL,NULL,5192),(4231,1,NULL,NULL,5193),(4232,1,NULL,NULL,5194),(4233,1,NULL,NULL,5195),(4234,1,NULL,NULL,5196),(4235,1,NULL,NULL,5197),(4236,1,NULL,NULL,5198),(4237,1,NULL,NULL,5199),(4238,1,NULL,NULL,5200),(4239,1,NULL,NULL,5201),(4240,1,NULL,NULL,5202),(4241,1,NULL,NULL,5203),(4242,1,NULL,NULL,5204),(4243,1,NULL,NULL,5205),(4244,1,NULL,NULL,5206),(4245,1,NULL,NULL,5207),(4246,1,NULL,NULL,5208),(4247,1,NULL,NULL,5209),(4248,1,NULL,NULL,5210),(4249,1,NULL,NULL,5211),(4250,1,NULL,NULL,5212),(4251,1,NULL,NULL,5213),(4252,1,NULL,NULL,5214),(4253,1,NULL,NULL,5215),(4254,1,NULL,NULL,5216),(4255,1,NULL,NULL,5217),(4256,1,NULL,NULL,5218),(4257,1,NULL,NULL,5219),(4258,1,NULL,NULL,5220),(4259,1,NULL,NULL,5221),(4260,1,NULL,NULL,5222),(4261,1,NULL,NULL,5223),(4262,1,NULL,NULL,5224),(4263,1,NULL,NULL,5225),(4264,1,NULL,NULL,5226),(4265,1,NULL,NULL,5227),(4266,1,NULL,NULL,5228),(4267,1,NULL,NULL,5229),(4268,1,NULL,NULL,5230),(4269,1,NULL,NULL,5231),(4270,1,NULL,NULL,5232),(4271,1,NULL,NULL,5233),(4272,1,NULL,NULL,5234),(4273,1,NULL,NULL,5235),(4274,1,NULL,NULL,5236),(4275,1,NULL,NULL,5237),(4276,1,NULL,NULL,5238),(4277,1,NULL,NULL,5239),(4278,1,NULL,NULL,5240),(4279,1,NULL,NULL,5241),(4280,1,NULL,NULL,5242),(4281,1,NULL,NULL,5243),(4282,1,NULL,NULL,5244),(4283,1,NULL,NULL,5245),(4284,1,NULL,NULL,5246),(4285,1,NULL,NULL,5247),(4286,1,NULL,NULL,5248),(4287,1,NULL,NULL,5249),(4288,1,NULL,NULL,5250),(4289,1,NULL,NULL,5251),(4290,1,NULL,NULL,5252),(4291,1,NULL,NULL,5253),(4292,1,NULL,NULL,5254),(4293,1,NULL,NULL,5255),(4294,1,NULL,NULL,5256),(4295,1,NULL,NULL,5257),(4296,1,NULL,NULL,5258),(4297,1,NULL,NULL,5259),(4298,1,NULL,NULL,5260),(4299,1,NULL,NULL,5261),(4300,1,NULL,NULL,5262),(4301,1,NULL,NULL,5263),(4302,1,NULL,NULL,5264),(4303,1,NULL,NULL,5265),(4304,1,NULL,NULL,5266),(4305,1,NULL,NULL,5267),(4306,1,NULL,NULL,5268),(4307,1,NULL,NULL,5269),(4308,1,NULL,NULL,5270),(4309,1,NULL,NULL,5271),(4310,1,NULL,NULL,5272),(4311,1,NULL,NULL,5273),(4312,1,NULL,NULL,5274),(4313,1,NULL,NULL,5275),(4314,1,NULL,NULL,5276),(4315,1,NULL,NULL,5277),(4316,1,NULL,NULL,5278),(4317,1,NULL,NULL,5279),(4318,1,NULL,NULL,5280),(4319,1,NULL,NULL,5281),(4320,1,NULL,NULL,5282),(4321,1,NULL,NULL,5283),(4322,1,NULL,NULL,5284),(4323,1,NULL,NULL,5285),(4324,1,NULL,NULL,5286),(4325,1,NULL,NULL,5287),(4326,1,NULL,NULL,5288),(4327,1,NULL,NULL,5289),(4328,1,NULL,NULL,5290),(4329,1,NULL,NULL,5291),(4330,1,NULL,NULL,5292),(4331,1,NULL,NULL,5293),(4332,1,NULL,NULL,5294),(4333,1,NULL,NULL,5295),(4334,1,NULL,NULL,5296),(4335,1,NULL,NULL,5297),(4336,1,NULL,NULL,5298),(4337,1,NULL,NULL,5299),(4338,1,NULL,NULL,5300),(4339,1,NULL,NULL,5301),(4340,1,NULL,NULL,5302),(4341,1,NULL,NULL,5303),(4342,1,NULL,NULL,5304),(4343,1,NULL,NULL,5305),(4344,1,NULL,NULL,5306),(4345,1,NULL,NULL,5307),(4346,1,NULL,NULL,5308),(4347,1,NULL,NULL,5309),(4348,1,NULL,NULL,5310),(4349,1,NULL,NULL,5311),(4350,1,NULL,NULL,5312),(4351,1,NULL,NULL,5313),(4352,1,NULL,NULL,5314),(4353,1,NULL,NULL,5315),(4354,1,NULL,NULL,5316),(4355,1,NULL,NULL,5317),(4356,1,NULL,NULL,5318),(4357,1,NULL,NULL,5319),(4358,1,NULL,NULL,5320),(4359,1,NULL,NULL,5321),(4360,1,NULL,NULL,5322),(4361,1,NULL,NULL,5323),(4362,1,NULL,NULL,5324),(4363,1,NULL,NULL,5325),(4364,1,NULL,NULL,5326),(4365,1,NULL,NULL,5327),(4366,1,NULL,NULL,5328),(4367,1,NULL,NULL,5329),(4368,1,NULL,NULL,5330),(4369,1,NULL,NULL,5331),(4370,1,NULL,NULL,5332),(4371,1,NULL,NULL,5333),(4372,1,NULL,NULL,5334),(4373,1,NULL,NULL,5335),(4374,1,NULL,NULL,5336),(4375,1,NULL,NULL,5337),(4376,1,NULL,NULL,5338),(4377,1,NULL,NULL,5339),(4378,1,NULL,NULL,5340),(4379,1,NULL,NULL,5356),(4380,1,NULL,NULL,5357),(4381,1,NULL,NULL,5358),(4382,1,NULL,NULL,5359),(4383,1,NULL,NULL,5360),(4384,1,NULL,NULL,5361),(4385,1,NULL,NULL,5362),(4386,1,NULL,NULL,5363),(4387,1,NULL,NULL,5364),(4388,1,NULL,NULL,5365),(4389,1,NULL,NULL,5366),(4390,1,NULL,NULL,5367),(4391,1,NULL,NULL,5368),(4392,1,NULL,NULL,5369),(4393,1,NULL,NULL,5370),(4394,1,NULL,NULL,5371),(4395,1,NULL,NULL,5372),(4396,1,NULL,NULL,5373),(4397,1,NULL,NULL,5374),(4398,1,NULL,NULL,5375),(4399,1,NULL,NULL,5376),(4400,1,NULL,NULL,5377),(4401,1,NULL,NULL,5378),(4402,1,NULL,NULL,5379),(4403,1,NULL,NULL,5380),(4404,1,NULL,NULL,5381),(4405,1,NULL,NULL,5382),(4406,1,NULL,NULL,5383),(4407,1,NULL,NULL,5384),(4408,1,NULL,NULL,5385),(4409,1,NULL,NULL,5386),(4410,1,NULL,NULL,5387),(4411,1,NULL,NULL,5388),(4412,1,NULL,NULL,5389),(4413,1,NULL,NULL,5390),(4414,1,NULL,NULL,5391),(4415,1,NULL,NULL,5392),(4416,1,NULL,NULL,5393),(4417,1,NULL,NULL,5394),(4418,1,NULL,NULL,5395),(4419,1,NULL,NULL,5396),(4420,1,NULL,NULL,5397),(4421,1,NULL,NULL,5398),(4422,1,NULL,NULL,5399),(4423,1,NULL,NULL,5400),(4424,1,NULL,NULL,5401),(4425,1,NULL,NULL,5402),(4426,1,NULL,NULL,5403),(4427,1,NULL,NULL,5404),(4428,1,NULL,NULL,5405),(4429,1,NULL,NULL,5406),(4430,1,NULL,NULL,5407),(4431,1,NULL,NULL,5408),(4432,1,NULL,NULL,5409),(4433,1,NULL,NULL,5410),(4434,1,NULL,NULL,5411),(4435,1,NULL,NULL,5412),(4436,1,NULL,NULL,5413),(4437,1,NULL,NULL,5414),(4438,1,NULL,NULL,5415),(4439,1,NULL,NULL,5416),(4440,1,NULL,NULL,5417),(4441,1,NULL,NULL,5418),(4442,1,NULL,NULL,5419),(4443,1,NULL,NULL,5420),(4444,1,NULL,NULL,5421),(4445,1,NULL,NULL,5422),(4446,1,NULL,NULL,5423),(4447,1,NULL,NULL,5424),(4448,1,NULL,NULL,5425),(4449,1,NULL,NULL,5426),(4450,1,NULL,NULL,5427),(4451,1,NULL,NULL,5428),(4452,1,NULL,NULL,5429),(4453,1,NULL,NULL,5430),(4454,1,NULL,NULL,5431),(4455,1,NULL,NULL,5432),(4456,1,NULL,NULL,5433),(4457,1,NULL,NULL,5434),(4458,1,NULL,NULL,5435),(4459,1,NULL,NULL,5436),(4460,1,NULL,NULL,5437),(4461,1,NULL,NULL,5438),(4462,1,NULL,NULL,5439),(4463,1,NULL,NULL,5440),(4464,1,NULL,NULL,5441),(4465,1,NULL,NULL,5442),(4466,1,NULL,NULL,5443),(4467,1,NULL,NULL,5444),(4468,1,NULL,NULL,5445),(4469,1,NULL,NULL,5446),(4470,1,NULL,NULL,5447),(4471,1,NULL,NULL,5448),(4472,1,NULL,NULL,5449),(4473,1,NULL,NULL,5450),(4474,1,NULL,NULL,5451),(4475,1,NULL,NULL,5452),(4476,1,NULL,NULL,5453),(4477,1,NULL,NULL,5454),(4478,1,NULL,NULL,5455),(4479,1,NULL,NULL,5456),(4480,1,NULL,NULL,5457),(4481,1,NULL,NULL,5458),(4482,1,NULL,NULL,5459),(4483,1,NULL,NULL,5460),(4484,1,NULL,NULL,5461),(4485,1,NULL,NULL,5462),(4486,1,NULL,NULL,5463),(4487,1,NULL,NULL,5464),(4488,1,NULL,NULL,5465),(4489,1,NULL,NULL,5466),(4490,1,NULL,NULL,5467),(4491,1,NULL,NULL,5468),(4492,1,NULL,NULL,5469),(4493,1,NULL,NULL,5470),(4494,1,NULL,NULL,5471),(4495,1,NULL,NULL,5472),(4496,1,NULL,NULL,5473),(4497,1,NULL,NULL,5474),(4498,1,NULL,NULL,5475),(4499,1,NULL,NULL,5476),(4500,1,NULL,NULL,5477),(4501,1,NULL,NULL,5478),(4502,1,NULL,NULL,5479),(4503,1,NULL,NULL,5480),(4504,1,NULL,NULL,5481),(4505,1,NULL,NULL,5482),(4506,1,NULL,NULL,5483),(4507,1,NULL,NULL,5484),(4508,1,NULL,NULL,5485),(4509,1,NULL,NULL,5486),(4510,1,NULL,NULL,5487),(4511,1,NULL,NULL,5488),(4512,1,NULL,NULL,5489),(4513,1,NULL,NULL,5490),(4514,1,NULL,NULL,5491),(4515,1,NULL,NULL,5492),(4516,1,NULL,NULL,5493),(4517,1,NULL,NULL,5494),(4518,1,NULL,NULL,5495),(4519,1,NULL,NULL,5496),(4520,1,NULL,NULL,5497),(4521,1,NULL,NULL,5498),(4522,1,NULL,NULL,5499),(4523,1,NULL,NULL,5500),(4524,1,NULL,NULL,5501),(4525,1,NULL,NULL,5502),(4526,1,NULL,NULL,5503),(4527,1,NULL,NULL,5504),(4528,1,NULL,NULL,5505),(4529,1,NULL,NULL,5506),(4530,1,NULL,NULL,5507),(4531,1,NULL,NULL,5508),(4532,1,NULL,NULL,5509),(4533,1,NULL,NULL,5510),(4534,1,NULL,NULL,5511),(4535,1,NULL,NULL,5512),(4536,1,NULL,NULL,5513),(4537,1,NULL,NULL,5514),(4538,1,NULL,NULL,5515),(4539,1,NULL,NULL,5516),(4540,1,NULL,NULL,5517),(4541,1,NULL,NULL,5518),(4542,1,NULL,NULL,5519),(4543,1,NULL,NULL,5520),(4544,1,NULL,NULL,5521),(4545,1,NULL,NULL,5522),(4546,1,NULL,NULL,5523),(4547,1,NULL,NULL,5524),(4548,1,NULL,NULL,5525),(4549,1,NULL,NULL,5526),(4550,1,NULL,NULL,5527),(4551,1,NULL,NULL,5528),(4552,1,NULL,NULL,5529),(4553,1,NULL,NULL,5530),(4554,1,NULL,NULL,5531),(4555,1,NULL,NULL,5532),(4556,1,NULL,NULL,5533),(4557,1,NULL,NULL,5534),(4558,1,NULL,NULL,5535),(4559,1,NULL,NULL,5536),(4560,1,NULL,NULL,5537),(4561,1,NULL,NULL,5538),(4562,1,NULL,NULL,5539),(4563,1,NULL,NULL,5540),(4564,1,NULL,NULL,5541),(4565,1,NULL,NULL,5542),(4566,1,NULL,NULL,5543),(4567,1,NULL,NULL,5544),(4568,1,NULL,NULL,5545),(4569,1,NULL,NULL,5546),(4570,1,NULL,NULL,5547),(4571,1,NULL,NULL,5548),(4572,1,NULL,NULL,5549),(4573,1,NULL,NULL,5550),(4574,1,NULL,NULL,5551),(4575,1,NULL,NULL,5552),(4576,1,NULL,NULL,5553),(4577,1,NULL,NULL,5554),(4578,1,NULL,NULL,5555),(4579,1,NULL,NULL,5556),(4580,1,NULL,NULL,5557),(4581,1,NULL,NULL,5558),(4582,1,NULL,NULL,5559),(4583,1,NULL,NULL,5560),(4584,1,NULL,NULL,5561),(4585,1,NULL,NULL,5562),(4586,1,NULL,NULL,5563),(4587,1,NULL,NULL,5564),(4588,1,NULL,NULL,5565),(4589,1,NULL,NULL,5566),(4590,1,NULL,NULL,5567),(4591,1,NULL,NULL,5568),(4592,1,NULL,NULL,5569),(4593,1,NULL,NULL,5570),(4594,1,NULL,NULL,5571),(4595,1,NULL,NULL,5572),(4596,1,NULL,NULL,5573),(4597,1,NULL,NULL,5574),(4598,1,NULL,NULL,5575),(4599,1,NULL,NULL,5576),(4600,1,NULL,NULL,5577),(4601,1,NULL,NULL,5578),(4602,1,NULL,NULL,5579),(4603,1,NULL,NULL,5580),(4604,1,NULL,NULL,5581),(4605,1,NULL,NULL,5582),(4606,1,NULL,NULL,5583),(4607,1,NULL,NULL,5584),(4608,1,NULL,NULL,5585),(4609,1,NULL,NULL,5586),(4610,1,NULL,NULL,5587),(4611,1,NULL,NULL,5588),(4612,1,NULL,NULL,5589),(4613,1,NULL,NULL,5590),(4614,1,NULL,NULL,5591),(4615,1,NULL,NULL,5592),(4616,1,NULL,NULL,5593),(4617,1,NULL,NULL,5594),(4618,1,NULL,NULL,5595),(4619,1,NULL,NULL,5611),(4620,1,NULL,NULL,5612),(4621,1,NULL,NULL,5613),(4622,1,NULL,NULL,5614),(4623,1,NULL,NULL,5615),(4624,1,NULL,NULL,5616),(4625,1,NULL,NULL,5617),(4626,1,NULL,NULL,5618),(4627,1,NULL,NULL,5619),(4628,1,NULL,NULL,5620),(4629,1,NULL,NULL,5621),(4630,1,NULL,NULL,5622),(4631,1,NULL,NULL,5623),(4632,1,NULL,NULL,5624),(4633,1,NULL,NULL,5625),(4634,1,NULL,NULL,5626),(4635,1,NULL,NULL,5627),(4636,1,NULL,NULL,5628),(4637,1,NULL,NULL,5629),(4638,1,NULL,NULL,5630),(4639,1,NULL,NULL,5631),(4640,1,NULL,NULL,5632),(4641,1,NULL,NULL,5633),(4642,1,NULL,NULL,5634),(4643,1,NULL,NULL,5635),(4644,1,NULL,NULL,5636),(4645,1,NULL,NULL,5637),(4646,1,NULL,NULL,5638),(4647,1,NULL,NULL,5639),(4648,1,NULL,NULL,5640),(4649,1,NULL,NULL,5641),(4650,1,NULL,NULL,5642),(4651,1,NULL,NULL,5643),(4652,1,NULL,NULL,5644),(4653,1,NULL,NULL,5645),(4654,1,NULL,NULL,5646),(4655,1,NULL,NULL,5647),(4656,1,NULL,NULL,5648),(4657,1,NULL,NULL,5649),(4658,1,NULL,NULL,5650),(4659,1,NULL,NULL,5651),(4660,1,NULL,NULL,5652),(4661,1,NULL,NULL,5653),(4662,1,NULL,NULL,5654),(4663,1,NULL,NULL,5655),(4664,1,NULL,NULL,5656),(4665,1,NULL,NULL,5657),(4666,1,NULL,NULL,5658),(4667,1,NULL,NULL,5659),(4668,1,NULL,NULL,5660),(4669,1,NULL,NULL,5661),(4670,1,NULL,NULL,5662),(4671,1,NULL,NULL,5663),(4672,1,NULL,NULL,5664),(4673,1,NULL,NULL,5665),(4674,1,NULL,NULL,5666),(4675,1,NULL,NULL,5667),(4676,1,NULL,NULL,5668),(4677,1,NULL,NULL,5669),(4678,1,NULL,NULL,5670),(4679,1,NULL,NULL,5671),(4680,1,NULL,NULL,5672),(4681,1,NULL,NULL,5673),(4682,1,NULL,NULL,5674),(4683,1,NULL,NULL,5675),(4684,1,NULL,NULL,5676),(4685,1,NULL,NULL,5677),(4686,1,NULL,NULL,5678),(4687,1,NULL,NULL,5679),(4688,1,NULL,NULL,5680),(4689,1,NULL,NULL,5681),(4690,1,NULL,NULL,5682),(4691,1,NULL,NULL,5683),(4692,1,NULL,NULL,5684),(4693,1,NULL,NULL,5685),(4694,1,NULL,NULL,5686),(4695,1,NULL,NULL,5687),(4696,1,NULL,NULL,5688),(4697,1,NULL,NULL,5689),(4698,1,NULL,NULL,5690),(4699,1,NULL,NULL,5691),(4700,1,NULL,NULL,5692),(4701,1,NULL,NULL,5693),(4702,1,NULL,NULL,5694),(4703,1,NULL,NULL,5695),(4704,1,NULL,NULL,5696),(4705,1,NULL,NULL,5697),(4706,1,NULL,NULL,5698),(4707,1,NULL,NULL,5699),(4708,1,NULL,NULL,5700),(4709,1,NULL,NULL,5701),(4710,1,NULL,NULL,5702),(4711,1,NULL,NULL,5703),(4712,1,NULL,NULL,5704),(4713,1,NULL,NULL,5705),(4714,1,NULL,NULL,5706),(4715,1,NULL,NULL,5707),(4716,1,NULL,NULL,5708),(4717,1,NULL,NULL,5709),(4718,1,NULL,NULL,5710),(4719,1,NULL,NULL,5711),(4720,1,NULL,NULL,5712),(4721,1,NULL,NULL,5713),(4722,1,NULL,NULL,5714),(4723,1,NULL,NULL,5715),(4724,1,NULL,NULL,5716),(4725,1,NULL,NULL,5717),(4726,1,NULL,NULL,5718),(4727,1,NULL,NULL,5719),(4728,1,NULL,NULL,5720),(4729,1,NULL,NULL,5721),(4730,1,NULL,NULL,5722),(4731,1,NULL,NULL,5723),(4732,1,NULL,NULL,5724),(4733,1,NULL,NULL,5725),(4734,1,NULL,NULL,5726),(4735,1,NULL,NULL,5727),(4736,1,NULL,NULL,5728),(4737,1,NULL,NULL,5729),(4738,1,NULL,NULL,5730),(4739,1,NULL,NULL,5731),(4740,1,NULL,NULL,5732),(4741,1,NULL,NULL,5733),(4742,1,NULL,NULL,5734),(4743,1,NULL,NULL,5735),(4744,1,NULL,NULL,5736),(4745,1,NULL,NULL,5737),(4746,1,NULL,NULL,5738),(4747,1,NULL,NULL,5739),(4748,1,NULL,NULL,5740),(4749,1,NULL,NULL,5741),(4750,1,NULL,NULL,5742),(4751,1,NULL,NULL,5743),(4752,1,NULL,NULL,5744),(4753,1,NULL,NULL,5745),(4754,1,NULL,NULL,5746),(4755,1,NULL,NULL,5747),(4756,1,NULL,NULL,5748),(4757,1,NULL,NULL,5749),(4758,1,NULL,NULL,5750),(4759,1,NULL,NULL,5751),(4760,1,NULL,NULL,5752),(4761,1,NULL,NULL,5753),(4762,1,NULL,NULL,5754),(4763,1,NULL,NULL,5755),(4764,1,NULL,NULL,5756),(4765,1,NULL,NULL,5757),(4766,1,NULL,NULL,5758),(4767,1,NULL,NULL,5759),(4768,1,NULL,NULL,5760),(4769,1,NULL,NULL,5761),(4770,1,NULL,NULL,5762),(4771,1,NULL,NULL,5763),(4772,1,NULL,NULL,5764),(4773,1,NULL,NULL,5765),(4774,1,NULL,NULL,5766),(4775,1,NULL,NULL,5767),(4776,1,NULL,NULL,5768),(4777,1,NULL,NULL,5769),(4778,1,NULL,NULL,5770),(4779,1,NULL,NULL,5771),(4780,1,NULL,NULL,5772),(4781,1,NULL,NULL,5773),(4782,1,NULL,NULL,5774),(4783,1,NULL,NULL,5775),(4784,1,NULL,NULL,5776),(4785,1,NULL,NULL,5777),(4786,1,NULL,NULL,5778),(4787,1,NULL,NULL,5779),(4788,1,NULL,NULL,5780),(4789,1,NULL,NULL,5781),(4790,1,NULL,NULL,5782),(4791,1,NULL,NULL,5783),(4792,1,NULL,NULL,5784),(4793,1,NULL,NULL,5785),(4794,1,NULL,NULL,5786),(4795,1,NULL,NULL,5787),(4796,1,NULL,NULL,5788),(4797,1,NULL,NULL,5789),(4798,1,NULL,NULL,5790),(4799,1,NULL,NULL,5791),(4800,1,NULL,NULL,5792),(4801,1,NULL,NULL,5793),(4802,1,NULL,NULL,5794),(4803,1,NULL,NULL,5795),(4804,1,NULL,NULL,5796),(4805,1,NULL,NULL,5797),(4806,1,NULL,NULL,5798),(4807,1,NULL,NULL,5799),(4808,1,NULL,NULL,5800),(4809,1,NULL,NULL,5801),(4810,1,NULL,NULL,5802),(4811,1,NULL,NULL,5803),(4812,1,NULL,NULL,5804),(4813,1,NULL,NULL,5805),(4814,1,NULL,NULL,5806),(4815,1,NULL,NULL,5807),(4816,1,NULL,NULL,5808),(4817,1,NULL,NULL,5809),(4818,1,NULL,NULL,5810),(4819,1,NULL,NULL,5811),(4820,1,NULL,NULL,5812),(4821,1,NULL,NULL,5813),(4822,1,NULL,NULL,5814),(4823,1,NULL,NULL,5815),(4824,1,NULL,NULL,5816),(4825,1,NULL,NULL,5817),(4826,1,NULL,NULL,5818),(4827,1,NULL,NULL,5819),(4828,1,NULL,NULL,5820),(4829,1,NULL,NULL,5821),(4830,1,NULL,NULL,5822),(4831,1,NULL,NULL,5823),(4832,1,NULL,NULL,5824),(4833,1,NULL,NULL,5825),(4834,1,NULL,NULL,5826),(4835,1,NULL,NULL,5827),(4836,1,NULL,NULL,5828),(4837,1,NULL,NULL,5829),(4838,1,NULL,NULL,5830),(4839,1,NULL,NULL,5831),(4840,1,NULL,NULL,5832),(4841,1,NULL,NULL,5833),(4842,1,NULL,NULL,5834),(4843,1,NULL,NULL,5835),(4844,1,NULL,NULL,5836),(4845,1,NULL,NULL,5837),(4846,1,NULL,NULL,5838),(4847,1,NULL,NULL,5839),(4848,1,NULL,NULL,5840),(4849,1,NULL,NULL,5841),(4850,1,NULL,NULL,5842),(4851,1,NULL,NULL,5843),(4852,1,NULL,NULL,5844),(4853,1,NULL,NULL,5845),(4854,1,NULL,NULL,5846),(4855,1,NULL,NULL,5847),(4856,1,NULL,NULL,5848),(4857,1,NULL,NULL,5849),(4858,1,NULL,NULL,5850),(4859,1,NULL,NULL,5866),(4860,1,NULL,NULL,5867),(4861,1,NULL,NULL,5868),(4862,1,NULL,NULL,5869),(4863,1,NULL,NULL,5870),(4864,1,NULL,NULL,5871),(4865,1,NULL,NULL,5872),(4866,1,NULL,NULL,5873),(4867,1,NULL,NULL,5874),(4868,1,NULL,NULL,5875),(4869,1,NULL,NULL,5876),(4870,1,NULL,NULL,5877),(4871,1,NULL,NULL,5878),(4872,1,NULL,NULL,5879),(4873,1,NULL,NULL,5880),(4874,1,NULL,NULL,5881),(4875,1,NULL,NULL,5882),(4876,1,NULL,NULL,5883),(4877,1,NULL,NULL,5884),(4878,1,NULL,NULL,5885),(4879,1,NULL,NULL,5886),(4880,1,NULL,NULL,5887),(4881,1,NULL,NULL,5888),(4882,1,NULL,NULL,5889),(4883,1,NULL,NULL,5890),(4884,1,NULL,NULL,5891),(4885,1,NULL,NULL,5892),(4886,1,NULL,NULL,5893),(4887,1,NULL,NULL,5894),(4888,1,NULL,NULL,5895),(4889,1,NULL,NULL,5896),(4890,1,NULL,NULL,5897),(4891,1,NULL,NULL,5898),(4892,1,NULL,NULL,5899),(4893,1,NULL,NULL,5900),(4894,1,NULL,NULL,5901),(4895,1,NULL,NULL,5902),(4896,1,NULL,NULL,5903),(4897,1,NULL,NULL,5904),(4898,1,NULL,NULL,5905),(4899,1,NULL,NULL,5906),(4900,1,NULL,NULL,5907),(4901,1,NULL,NULL,5908),(4902,1,NULL,NULL,5909),(4903,1,NULL,NULL,5910),(4904,1,NULL,NULL,5911),(4905,1,NULL,NULL,5912),(4906,1,NULL,NULL,5913),(4907,1,NULL,NULL,5914),(4908,1,NULL,NULL,5915),(4909,1,NULL,NULL,5916),(4910,1,NULL,NULL,5917),(4911,1,NULL,NULL,5918),(4912,1,NULL,NULL,5919),(4913,1,NULL,NULL,5920),(4914,1,NULL,NULL,5921),(4915,1,NULL,NULL,5922),(4916,1,NULL,NULL,5923),(4917,1,NULL,NULL,5924),(4918,1,NULL,NULL,5925),(4919,1,NULL,NULL,5926),(4920,1,NULL,NULL,5927),(4921,1,NULL,NULL,5928),(4922,1,NULL,NULL,5929),(4923,1,NULL,NULL,5930),(4924,1,NULL,NULL,5931),(4925,1,NULL,NULL,5932),(4926,1,NULL,NULL,5933),(4927,1,NULL,NULL,5934),(4928,1,NULL,NULL,5935),(4929,1,NULL,NULL,5936),(4930,1,NULL,NULL,5937),(4931,1,NULL,NULL,5938),(4932,1,NULL,NULL,5939),(4933,1,NULL,NULL,5940),(4934,1,NULL,NULL,5941),(4935,1,NULL,NULL,5942),(4936,1,NULL,NULL,5943),(4937,1,NULL,NULL,5944),(4938,1,NULL,NULL,5945),(4939,1,NULL,NULL,5946),(4940,1,NULL,NULL,5947),(4941,1,NULL,NULL,5948),(4942,1,NULL,NULL,5949),(4943,1,NULL,NULL,5950),(4944,1,NULL,NULL,5951),(4945,1,NULL,NULL,5952),(4946,1,NULL,NULL,5953),(4947,1,NULL,NULL,5954),(4948,1,NULL,NULL,5955),(4949,1,NULL,NULL,5956),(4950,1,NULL,NULL,5957),(4951,1,NULL,NULL,5958),(4952,1,NULL,NULL,5959),(4953,1,NULL,NULL,5960),(4954,1,NULL,NULL,5961),(4955,1,NULL,NULL,5962),(4956,1,NULL,NULL,5963),(4957,1,NULL,NULL,5964),(4958,1,NULL,NULL,5965),(4959,1,NULL,NULL,5966),(4960,1,NULL,NULL,5967),(4961,1,NULL,NULL,5968),(4962,1,NULL,NULL,5969),(4963,1,NULL,NULL,5970),(4964,1,NULL,NULL,5971),(4965,1,NULL,NULL,5972),(4966,1,NULL,NULL,5973),(4967,1,NULL,NULL,5974),(4968,1,NULL,NULL,5975),(4969,1,NULL,NULL,5976),(4970,1,NULL,NULL,5977),(4971,1,NULL,NULL,5978),(4972,1,NULL,NULL,5979),(4973,1,NULL,NULL,5980),(4974,1,NULL,NULL,5981),(4975,1,NULL,NULL,5982),(4976,1,NULL,NULL,5983),(4977,1,NULL,NULL,5984),(4978,1,NULL,NULL,5985),(4979,1,NULL,NULL,5986),(4980,1,NULL,NULL,5987),(4981,1,NULL,NULL,5988),(4982,1,NULL,NULL,5989),(4983,1,NULL,NULL,5990),(4984,1,NULL,NULL,5991),(4985,1,NULL,NULL,5992),(4986,1,NULL,NULL,5993),(4987,1,NULL,NULL,5994),(4988,1,NULL,NULL,5995),(4989,1,NULL,NULL,5996),(4990,1,NULL,NULL,5997),(4991,1,NULL,NULL,5998),(4992,1,NULL,NULL,5999),(4993,1,NULL,NULL,6000),(4994,1,NULL,NULL,6001),(4995,1,NULL,NULL,6002),(4996,1,NULL,NULL,6003),(4997,1,NULL,NULL,6004),(4998,1,NULL,NULL,6005),(4999,1,NULL,NULL,6006),(5000,1,NULL,NULL,6007),(5001,1,NULL,NULL,6008),(5002,1,NULL,NULL,6009),(5003,1,NULL,NULL,6010),(5004,1,NULL,NULL,6011),(5005,1,NULL,NULL,6012),(5006,1,NULL,NULL,6013),(5007,1,NULL,NULL,6014),(5008,1,NULL,NULL,6015),(5009,1,NULL,NULL,6016),(5010,1,NULL,NULL,6017),(5011,1,NULL,NULL,6018),(5012,1,NULL,NULL,6019),(5013,1,NULL,NULL,6020),(5014,1,NULL,NULL,6021),(5015,1,NULL,NULL,6022),(5016,1,NULL,NULL,6023),(5017,1,NULL,NULL,6024),(5018,1,NULL,NULL,6025),(5019,1,NULL,NULL,6026),(5020,1,NULL,NULL,6027),(5021,1,NULL,NULL,6028),(5022,1,NULL,NULL,6029),(5023,1,NULL,NULL,6030),(5024,1,NULL,NULL,6031),(5025,1,NULL,NULL,6032),(5026,1,NULL,NULL,6033),(5027,1,NULL,NULL,6034),(5028,1,NULL,NULL,6035),(5029,1,NULL,NULL,6036),(5030,1,NULL,NULL,6037),(5031,1,NULL,NULL,6038),(5032,1,NULL,NULL,6039),(5033,1,NULL,NULL,6040),(5034,1,NULL,NULL,6041),(5035,1,NULL,NULL,6042),(5036,1,NULL,NULL,6043),(5037,1,NULL,NULL,6044),(5038,1,NULL,NULL,6045),(5039,1,NULL,NULL,6046),(5040,1,NULL,NULL,6047),(5041,1,NULL,NULL,6048),(5042,1,NULL,NULL,6049),(5043,1,NULL,NULL,6050),(5044,1,NULL,NULL,6051),(5045,1,NULL,NULL,6052),(5046,1,NULL,NULL,6053),(5047,1,NULL,NULL,6054),(5048,1,NULL,NULL,6055),(5049,1,NULL,NULL,6056),(5050,1,NULL,NULL,6057),(5051,1,NULL,NULL,6058),(5052,1,NULL,NULL,6059),(5053,1,NULL,NULL,6060),(5054,1,NULL,NULL,6061),(5055,1,NULL,NULL,6062),(5056,1,NULL,NULL,6063),(5057,1,NULL,NULL,6064),(5058,1,NULL,NULL,6065),(5059,1,NULL,NULL,6066),(5060,1,NULL,NULL,6067),(5061,1,NULL,NULL,6068),(5062,1,NULL,NULL,6069),(5063,1,NULL,NULL,6070),(5064,1,NULL,NULL,6071),(5065,1,NULL,NULL,6072),(5066,1,NULL,NULL,6073),(5067,1,NULL,NULL,6074),(5068,1,NULL,NULL,6075),(5069,1,NULL,NULL,6076),(5070,1,NULL,NULL,6077),(5071,1,NULL,NULL,6078),(5072,1,NULL,NULL,6079),(5073,1,NULL,NULL,6080),(5074,1,NULL,NULL,6081),(5075,1,NULL,NULL,6082),(5076,1,NULL,NULL,6083),(5077,1,NULL,NULL,6084),(5078,1,NULL,NULL,6085),(5079,1,NULL,NULL,6086),(5080,1,NULL,NULL,6087),(5081,1,NULL,NULL,6088),(5082,1,NULL,NULL,6089),(5083,1,NULL,NULL,6090),(5084,1,NULL,NULL,6091),(5085,1,NULL,NULL,6092),(5086,1,NULL,NULL,6093),(5087,1,NULL,NULL,6094),(5088,1,NULL,NULL,6095),(5089,1,NULL,NULL,6096),(5090,1,NULL,NULL,6097),(5091,1,NULL,NULL,6098),(5092,1,NULL,NULL,6099),(5093,1,NULL,NULL,6100),(5094,1,NULL,NULL,6101),(5095,1,NULL,NULL,6102),(5096,1,NULL,NULL,6103),(5097,1,NULL,NULL,6104),(5098,1,NULL,NULL,6105),(5099,1,NULL,NULL,6121),(5100,1,NULL,NULL,6122),(5101,1,NULL,NULL,6123),(5102,1,NULL,NULL,6124),(5103,1,NULL,NULL,6125),(5104,1,NULL,NULL,6126),(5105,1,NULL,NULL,6127),(5106,1,NULL,NULL,6128),(5107,1,NULL,NULL,6129),(5108,1,NULL,NULL,6130),(5109,1,NULL,NULL,6131),(5110,1,NULL,NULL,6132),(5111,1,NULL,NULL,6133),(5112,1,NULL,NULL,6134),(5113,1,NULL,NULL,6135),(5114,1,NULL,NULL,6136),(5115,1,NULL,NULL,6137),(5116,1,NULL,NULL,6138),(5117,1,NULL,NULL,6139),(5118,1,NULL,NULL,6140),(5119,1,NULL,NULL,6141),(5120,1,NULL,NULL,6142),(5121,1,NULL,NULL,6143),(5122,1,NULL,NULL,6144),(5123,1,NULL,NULL,6145),(5124,1,NULL,NULL,6146),(5125,1,NULL,NULL,6147),(5126,1,NULL,NULL,6148),(5127,1,NULL,NULL,6149),(5128,1,NULL,NULL,6150),(5129,1,NULL,NULL,6151),(5130,1,NULL,NULL,6152),(5131,1,NULL,NULL,6153),(5132,1,NULL,NULL,6154),(5133,1,NULL,NULL,6155),(5134,1,NULL,NULL,6156),(5135,1,NULL,NULL,6157),(5136,1,NULL,NULL,6158),(5137,1,NULL,NULL,6159),(5138,1,NULL,NULL,6160),(5139,1,NULL,NULL,6161),(5140,1,NULL,NULL,6162),(5141,1,NULL,NULL,6163),(5142,1,NULL,NULL,6164),(5143,1,NULL,NULL,6165),(5144,1,NULL,NULL,6166),(5145,1,NULL,NULL,6167),(5146,1,NULL,NULL,6168),(5147,1,NULL,NULL,6169),(5148,1,NULL,NULL,6170),(5149,1,NULL,NULL,6171),(5150,1,NULL,NULL,6172),(5151,1,NULL,NULL,6173),(5152,1,NULL,NULL,6174),(5153,1,NULL,NULL,6175),(5154,1,NULL,NULL,6176),(5155,1,NULL,NULL,6177),(5156,1,NULL,NULL,6178),(5157,1,NULL,NULL,6179),(5158,1,NULL,NULL,6180),(5159,1,NULL,NULL,6181),(5160,1,NULL,NULL,6182),(5161,1,NULL,NULL,6183),(5162,1,NULL,NULL,6184),(5163,1,NULL,NULL,6185),(5164,1,NULL,NULL,6186),(5165,1,NULL,NULL,6187),(5166,1,NULL,NULL,6188),(5167,1,NULL,NULL,6189),(5168,1,NULL,NULL,6190),(5169,1,NULL,NULL,6191),(5170,1,NULL,NULL,6192),(5171,1,NULL,NULL,6193),(5172,1,NULL,NULL,6194),(5173,1,NULL,NULL,6195),(5174,1,NULL,NULL,6196),(5175,1,NULL,NULL,6197),(5176,1,NULL,NULL,6198),(5177,1,NULL,NULL,6199),(5178,1,NULL,NULL,6200),(5179,1,NULL,NULL,6201),(5180,1,NULL,NULL,6202),(5181,1,NULL,NULL,6203),(5182,1,NULL,NULL,6204),(5183,1,NULL,NULL,6205),(5184,1,NULL,NULL,6206),(5185,1,NULL,NULL,6207),(5186,1,NULL,NULL,6208),(5187,1,NULL,NULL,6209),(5188,1,NULL,NULL,6210),(5189,1,NULL,NULL,6211),(5190,1,NULL,NULL,6212),(5191,1,NULL,NULL,6213),(5192,1,NULL,NULL,6214),(5193,1,NULL,NULL,6215),(5194,1,NULL,NULL,6216),(5195,1,NULL,NULL,6217),(5196,1,NULL,NULL,6218),(5197,1,NULL,NULL,6219),(5198,1,NULL,NULL,6220),(5199,1,NULL,NULL,6221),(5200,1,NULL,NULL,6222),(5201,1,NULL,NULL,6223),(5202,1,NULL,NULL,6224),(5203,1,NULL,NULL,6225),(5204,1,NULL,NULL,6226),(5205,1,NULL,NULL,6227),(5206,1,NULL,NULL,6228),(5207,1,NULL,NULL,6229),(5208,1,NULL,NULL,6230),(5209,1,NULL,NULL,6231),(5210,1,NULL,NULL,6232),(5211,1,NULL,NULL,6233),(5212,1,NULL,NULL,6234),(5213,1,NULL,NULL,6235),(5214,1,NULL,NULL,6236),(5215,1,NULL,NULL,6237),(5216,1,NULL,NULL,6238),(5217,1,NULL,NULL,6239),(5218,1,NULL,NULL,6240),(5219,1,NULL,NULL,6241),(5220,1,NULL,NULL,6242),(5221,1,NULL,NULL,6243),(5222,1,NULL,NULL,6244),(5223,1,NULL,NULL,6245),(5224,1,NULL,NULL,6246),(5225,1,NULL,NULL,6247),(5226,1,NULL,NULL,6248),(5227,1,NULL,NULL,6249),(5228,1,NULL,NULL,6250),(5229,1,NULL,NULL,6251),(5230,1,NULL,NULL,6252),(5231,1,NULL,NULL,6253),(5232,1,NULL,NULL,6254),(5233,1,NULL,NULL,6255),(5234,1,NULL,NULL,6256),(5235,1,NULL,NULL,6257),(5236,1,NULL,NULL,6258),(5237,1,NULL,NULL,6259),(5238,1,NULL,NULL,6260),(5239,1,NULL,NULL,6261),(5240,1,NULL,NULL,6262),(5241,1,NULL,NULL,6263),(5242,1,NULL,NULL,6264),(5243,1,NULL,NULL,6265),(5244,1,NULL,NULL,6266),(5245,1,NULL,NULL,6267),(5246,1,NULL,NULL,6268),(5247,1,NULL,NULL,6269),(5248,1,NULL,NULL,6270),(5249,1,NULL,NULL,6271),(5250,1,NULL,NULL,6272),(5251,1,NULL,NULL,6273),(5252,1,NULL,NULL,6274),(5253,1,NULL,NULL,6275),(5254,1,NULL,NULL,6276),(5255,1,NULL,NULL,6277),(5256,1,NULL,NULL,6278),(5257,1,NULL,NULL,6279),(5258,1,NULL,NULL,6280),(5259,1,NULL,NULL,6281),(5260,1,NULL,NULL,6282),(5261,1,NULL,NULL,6283),(5262,1,NULL,NULL,6284),(5263,1,NULL,NULL,6285),(5264,1,NULL,NULL,6286),(5265,1,NULL,NULL,6287),(5266,1,NULL,NULL,6288),(5267,1,NULL,NULL,6289),(5268,1,NULL,NULL,6290),(5269,1,NULL,NULL,6291),(5270,1,NULL,NULL,6292),(5271,1,NULL,NULL,6293),(5272,1,NULL,NULL,6294),(5273,1,NULL,NULL,6295),(5274,1,NULL,NULL,6296),(5275,1,NULL,NULL,6297),(5276,1,NULL,NULL,6298),(5277,1,NULL,NULL,6299),(5278,1,NULL,NULL,6300),(5279,1,NULL,NULL,6301),(5280,1,NULL,NULL,6302),(5281,1,NULL,NULL,6303),(5282,1,NULL,NULL,6304),(5283,1,NULL,NULL,6305),(5284,1,NULL,NULL,6306),(5285,1,NULL,NULL,6307),(5286,1,NULL,NULL,6308),(5287,1,NULL,NULL,6309),(5288,1,NULL,NULL,6310),(5289,1,NULL,NULL,6311),(5290,1,NULL,NULL,6312),(5291,1,NULL,NULL,6313),(5292,1,NULL,NULL,6314),(5293,1,NULL,NULL,6315),(5294,1,NULL,NULL,6316),(5295,1,NULL,NULL,6317),(5296,1,NULL,NULL,6318),(5297,1,NULL,NULL,6319),(5298,1,NULL,NULL,6320),(5299,1,NULL,NULL,6321),(5300,1,NULL,NULL,6322),(5301,1,NULL,NULL,6323),(5302,1,NULL,NULL,6324),(5303,1,NULL,NULL,6325),(5304,1,NULL,NULL,6326),(5305,1,NULL,NULL,6327),(5306,1,NULL,NULL,6328),(5307,1,NULL,NULL,6329),(5308,1,NULL,NULL,6330),(5309,1,NULL,NULL,6331),(5310,1,NULL,NULL,6332),(5311,1,NULL,NULL,6333),(5312,1,NULL,NULL,6334),(5313,1,NULL,NULL,6335),(5314,1,NULL,NULL,6336),(5315,1,NULL,NULL,6337),(5316,1,NULL,NULL,6338),(5317,1,NULL,NULL,6339),(5318,1,NULL,NULL,6340),(5319,1,NULL,NULL,6341),(5320,1,NULL,NULL,6342),(5321,1,NULL,NULL,6343),(5322,1,NULL,NULL,6344),(5323,1,NULL,NULL,6345),(5324,1,NULL,NULL,6346),(5325,1,NULL,NULL,6347),(5326,1,NULL,NULL,6348),(5327,1,NULL,NULL,6349),(5328,1,NULL,NULL,6350),(5329,1,NULL,NULL,6351),(5330,1,NULL,NULL,6352),(5331,1,NULL,NULL,6353),(5332,1,NULL,NULL,6354),(5333,1,NULL,NULL,6355),(5334,1,NULL,NULL,6356),(5335,1,NULL,NULL,6357),(5336,1,NULL,NULL,6358),(5337,1,NULL,NULL,6359),(5338,1,NULL,NULL,6360),(5339,1,NULL,NULL,6376),(5340,1,NULL,NULL,6377),(5341,1,NULL,NULL,6378),(5342,1,NULL,NULL,6379),(5343,1,NULL,NULL,6380),(5344,1,NULL,NULL,6381),(5345,1,NULL,NULL,6382),(5346,1,NULL,NULL,6383),(5347,1,NULL,NULL,6384),(5348,1,NULL,NULL,6385),(5349,1,NULL,NULL,6386),(5350,1,NULL,NULL,6387),(5351,1,NULL,NULL,6388),(5352,1,NULL,NULL,6389),(5353,1,NULL,NULL,6390),(5354,1,NULL,NULL,6391),(5355,1,NULL,NULL,6392),(5356,1,NULL,NULL,6393),(5357,1,NULL,NULL,6394),(5358,1,NULL,NULL,6395),(5359,1,NULL,NULL,6396),(5360,1,NULL,NULL,6397),(5361,1,NULL,NULL,6398),(5362,1,NULL,NULL,6399),(5363,1,NULL,NULL,6400),(5364,1,NULL,NULL,6401),(5365,1,NULL,NULL,6402),(5366,1,NULL,NULL,6403),(5367,1,NULL,NULL,6404),(5368,1,NULL,NULL,6405),(5369,1,NULL,NULL,6406),(5370,1,NULL,NULL,6407),(5371,1,NULL,NULL,6408),(5372,1,NULL,NULL,6409),(5373,1,NULL,NULL,6410),(5374,1,NULL,NULL,6411),(5375,1,NULL,NULL,6412),(5376,1,NULL,NULL,6413),(5377,1,NULL,NULL,6414),(5378,1,NULL,NULL,6415),(5379,1,NULL,NULL,6416),(5380,1,NULL,NULL,6417),(5381,1,NULL,NULL,6418),(5382,1,NULL,NULL,6419),(5383,1,NULL,NULL,6420),(5384,1,NULL,NULL,6421),(5385,1,NULL,NULL,6422),(5386,1,NULL,NULL,6423),(5387,1,NULL,NULL,6424),(5388,1,NULL,NULL,6425),(5389,1,NULL,NULL,6426),(5390,1,NULL,NULL,6427),(5391,1,NULL,NULL,6428),(5392,1,NULL,NULL,6429),(5393,1,NULL,NULL,6430),(5394,1,NULL,NULL,6431),(5395,1,NULL,NULL,6432),(5396,1,NULL,NULL,6433),(5397,1,NULL,NULL,6434),(5398,1,NULL,NULL,6435),(5399,1,NULL,NULL,6436),(5400,1,NULL,NULL,6437),(5401,1,NULL,NULL,6438),(5402,1,NULL,NULL,6439),(5403,1,NULL,NULL,6440),(5404,1,NULL,NULL,6441),(5405,1,NULL,NULL,6442),(5406,1,NULL,NULL,6443),(5407,1,NULL,NULL,6444),(5408,1,NULL,NULL,6445),(5409,1,NULL,NULL,6446),(5410,1,NULL,NULL,6447),(5411,1,NULL,NULL,6448),(5412,1,NULL,NULL,6449),(5413,1,NULL,NULL,6450),(5414,1,NULL,NULL,6451),(5415,1,NULL,NULL,6452),(5416,1,NULL,NULL,6453),(5417,1,NULL,NULL,6454),(5418,1,NULL,NULL,6455),(5419,1,NULL,NULL,6456),(5420,1,NULL,NULL,6457),(5421,1,NULL,NULL,6458),(5422,1,NULL,NULL,6459),(5423,1,NULL,NULL,6460),(5424,1,NULL,NULL,6461),(5425,1,NULL,NULL,6462),(5426,1,NULL,NULL,6463),(5427,1,NULL,NULL,6464),(5428,1,NULL,NULL,6465),(5429,1,NULL,NULL,6466),(5430,1,NULL,NULL,6467),(5431,1,NULL,NULL,6468),(5432,1,NULL,NULL,6469),(5433,1,NULL,NULL,6470),(5434,1,NULL,NULL,6471),(5435,1,NULL,NULL,6472),(5436,1,NULL,NULL,6473),(5437,1,NULL,NULL,6474),(5438,1,NULL,NULL,6475),(5439,1,NULL,NULL,6476),(5440,1,NULL,NULL,6477),(5441,1,NULL,NULL,6478),(5442,1,NULL,NULL,6479),(5443,1,NULL,NULL,6480),(5444,1,NULL,NULL,6481),(5445,1,NULL,NULL,6482),(5446,1,NULL,NULL,6483),(5447,1,NULL,NULL,6484),(5448,1,NULL,NULL,6485),(5449,1,NULL,NULL,6486),(5450,1,NULL,NULL,6487),(5451,1,NULL,NULL,6488),(5452,1,NULL,NULL,6489),(5453,1,NULL,NULL,6490),(5454,1,NULL,NULL,6491),(5455,1,NULL,NULL,6492),(5456,1,NULL,NULL,6493),(5457,1,NULL,NULL,6494),(5458,1,NULL,NULL,6495),(5459,1,NULL,NULL,6496),(5460,1,NULL,NULL,6497),(5461,1,NULL,NULL,6498),(5462,1,NULL,NULL,6499),(5463,1,NULL,NULL,6500),(5464,1,NULL,NULL,6501),(5465,1,NULL,NULL,6502),(5466,1,NULL,NULL,6503),(5467,1,NULL,NULL,6504),(5468,1,NULL,NULL,6505),(5469,1,NULL,NULL,6506),(5470,1,NULL,NULL,6507),(5471,1,NULL,NULL,6508),(5472,1,NULL,NULL,6509),(5473,1,NULL,NULL,6510),(5474,1,NULL,NULL,6511),(5475,1,NULL,NULL,6512),(5476,1,NULL,NULL,6513),(5477,1,NULL,NULL,6514),(5478,1,NULL,NULL,6515),(5479,1,NULL,NULL,6516),(5480,1,NULL,NULL,6517),(5481,1,NULL,NULL,6518),(5482,1,NULL,NULL,6519),(5483,1,NULL,NULL,6520),(5484,1,NULL,NULL,6521),(5485,1,NULL,NULL,6522),(5486,1,NULL,NULL,6523),(5487,1,NULL,NULL,6524),(5488,1,NULL,NULL,6525),(5489,1,NULL,NULL,6526),(5490,1,NULL,NULL,6527),(5491,1,NULL,NULL,6528),(5492,1,NULL,NULL,6529),(5493,1,NULL,NULL,6530),(5494,1,NULL,NULL,6531),(5495,1,NULL,NULL,6532),(5496,1,NULL,NULL,6533),(5497,1,NULL,NULL,6534),(5498,1,NULL,NULL,6535),(5499,1,NULL,NULL,6536),(5500,1,NULL,NULL,6537),(5501,1,NULL,NULL,6538),(5502,1,NULL,NULL,6539),(5503,1,NULL,NULL,6540),(5504,1,NULL,NULL,6541),(5505,1,NULL,NULL,6542),(5506,1,NULL,NULL,6543),(5507,1,NULL,NULL,6544),(5508,1,NULL,NULL,6545),(5509,1,NULL,NULL,6546),(5510,1,NULL,NULL,6547),(5511,1,NULL,NULL,6548),(5512,1,NULL,NULL,6549),(5513,1,NULL,NULL,6550),(5514,1,NULL,NULL,6551),(5515,1,NULL,NULL,6552),(5516,1,NULL,NULL,6553),(5517,1,NULL,NULL,6554),(5518,1,NULL,NULL,6555),(5519,1,NULL,NULL,6556),(5520,1,NULL,NULL,6557),(5521,1,NULL,NULL,6558),(5522,1,NULL,NULL,6559),(5523,1,NULL,NULL,6560),(5524,1,NULL,NULL,6561),(5525,1,NULL,NULL,6562),(5526,1,NULL,NULL,6563),(5527,1,NULL,NULL,6564),(5528,1,NULL,NULL,6565),(5529,1,NULL,NULL,6566),(5530,1,NULL,NULL,6567),(5531,1,NULL,NULL,6568),(5532,1,NULL,NULL,6569),(5533,1,NULL,NULL,6570),(5534,1,NULL,NULL,6571),(5535,1,NULL,NULL,6572),(5536,1,NULL,NULL,6573),(5537,1,NULL,NULL,6574),(5538,1,NULL,NULL,6575),(5539,1,NULL,NULL,6576),(5540,1,NULL,NULL,6577),(5541,1,NULL,NULL,6578),(5542,1,NULL,NULL,6579),(5543,1,NULL,NULL,6580),(5544,1,NULL,NULL,6581),(5545,1,NULL,NULL,6582),(5546,1,NULL,NULL,6583),(5547,1,NULL,NULL,6584),(5548,1,NULL,NULL,6585),(5549,1,NULL,NULL,6586),(5550,1,NULL,NULL,6587),(5551,1,NULL,NULL,6588),(5552,1,NULL,NULL,6589),(5553,1,NULL,NULL,6590),(5554,1,NULL,NULL,6591),(5555,1,NULL,NULL,6592),(5556,1,NULL,NULL,6593),(5557,1,NULL,NULL,6594),(5558,1,NULL,NULL,6595),(5559,1,NULL,NULL,6596),(5560,1,NULL,NULL,6597),(5561,1,NULL,NULL,6598),(5562,1,NULL,NULL,6599),(5563,1,NULL,NULL,6600),(5564,1,NULL,NULL,6601),(5565,1,NULL,NULL,6602),(5566,1,NULL,NULL,6603),(5567,1,NULL,NULL,6604),(5568,1,NULL,NULL,6605),(5569,1,NULL,NULL,6606),(5570,1,NULL,NULL,6607),(5571,1,NULL,NULL,6608),(5572,1,NULL,NULL,6609),(5573,1,NULL,NULL,6610),(5574,1,NULL,NULL,6611),(5575,1,NULL,NULL,6612),(5576,1,NULL,NULL,6613),(5577,1,NULL,NULL,6614),(5578,1,NULL,NULL,6615),(5579,1,NULL,NULL,6616),(5580,1,NULL,NULL,6617),(5581,1,NULL,NULL,6618),(5582,1,NULL,NULL,6619),(5583,1,NULL,NULL,6620),(5584,1,NULL,NULL,6621),(5585,1,NULL,NULL,6622),(5586,1,NULL,NULL,6623),(5587,1,NULL,NULL,6624),(5588,1,NULL,NULL,6625),(5589,1,NULL,NULL,6626),(5590,1,NULL,NULL,6627),(5591,1,NULL,NULL,6628),(5592,1,NULL,NULL,6629),(5593,1,NULL,NULL,6630),(5594,1,NULL,NULL,6631),(5595,1,NULL,NULL,6632),(5596,1,NULL,NULL,6633),(5597,1,NULL,NULL,6634),(5598,1,NULL,NULL,6635),(5599,1,NULL,NULL,6636),(5600,1,NULL,NULL,6637),(5601,1,NULL,NULL,6638),(5602,1,NULL,NULL,6639),(5603,1,NULL,NULL,6640),(5604,1,NULL,NULL,6641),(5605,1,NULL,NULL,6642),(5606,1,NULL,NULL,6643),(5607,1,NULL,NULL,6644),(5608,1,NULL,NULL,6645),(5609,1,NULL,NULL,6646),(5610,1,NULL,NULL,6647),(5611,1,NULL,NULL,6887),(5612,1,NULL,NULL,6888),(5613,1,NULL,NULL,6889),(5614,1,NULL,NULL,6890),(5615,1,NULL,NULL,6891),(5616,1,NULL,NULL,6892),(5617,1,NULL,NULL,6893),(5618,1,NULL,NULL,6894),(5619,1,NULL,NULL,6895),(5620,1,NULL,NULL,6896),(5621,1,NULL,NULL,6897),(5622,1,NULL,NULL,6898),(5623,1,NULL,NULL,6899),(5624,1,NULL,NULL,6900),(5625,1,NULL,NULL,6901),(5626,1,NULL,NULL,6902),(5627,1,NULL,NULL,6903),(5628,1,NULL,NULL,6904),(5629,1,NULL,NULL,6905),(5630,1,NULL,NULL,6906),(5631,1,NULL,NULL,6907),(5632,1,NULL,NULL,6908),(5633,1,NULL,NULL,6909),(5634,1,NULL,NULL,6910),(5635,1,NULL,NULL,6911),(5636,1,NULL,NULL,6912),(5637,1,NULL,NULL,6913),(5638,1,NULL,NULL,6914),(5639,1,NULL,NULL,6915),(5640,1,NULL,NULL,6916),(5641,1,NULL,NULL,6917),(5642,1,NULL,NULL,6918),(5643,1,NULL,NULL,6919),(5644,1,NULL,NULL,6920),(5645,1,NULL,NULL,6921),(5646,1,NULL,NULL,6922),(5647,1,NULL,NULL,6923),(5648,1,NULL,NULL,6924),(5649,1,NULL,NULL,6925),(5650,1,NULL,NULL,6926),(5651,1,NULL,NULL,6927),(5652,1,NULL,NULL,6928),(5653,1,NULL,NULL,6929),(5654,1,NULL,NULL,6930),(5655,1,NULL,NULL,6931),(5656,1,NULL,NULL,6932),(5657,1,NULL,NULL,6933),(5658,1,NULL,NULL,6934),(5659,1,NULL,NULL,6935),(5660,1,NULL,NULL,6936),(5661,1,NULL,NULL,6937),(5662,1,NULL,NULL,6938),(5663,1,NULL,NULL,6939),(5664,1,NULL,NULL,6940),(5665,1,NULL,NULL,6941),(5666,1,NULL,NULL,6942),(5667,1,NULL,NULL,6943),(5668,1,NULL,NULL,6944),(5669,1,NULL,NULL,6945),(5670,1,NULL,NULL,6946),(5671,1,NULL,NULL,6947),(5672,1,NULL,NULL,6948),(5673,1,NULL,NULL,6949),(5674,1,NULL,NULL,6950),(5675,1,NULL,NULL,6951),(5676,1,NULL,NULL,6952),(5677,1,NULL,NULL,6953),(5678,1,NULL,NULL,6954),(5679,1,NULL,NULL,6955),(5680,1,NULL,NULL,6956),(5681,1,NULL,NULL,6957),(5682,1,NULL,NULL,6958),(5683,1,NULL,NULL,6959),(5684,1,NULL,NULL,6960),(5685,1,NULL,NULL,6961),(5686,1,NULL,NULL,6962),(5687,1,NULL,NULL,6963),(5688,1,NULL,NULL,6964),(5689,1,NULL,NULL,6965),(5690,1,NULL,NULL,6966),(5691,1,NULL,NULL,6967),(5692,1,NULL,NULL,6968),(5693,1,NULL,NULL,6969),(5694,1,NULL,NULL,6970),(5695,1,NULL,NULL,6971),(5696,1,NULL,NULL,6972),(5697,1,NULL,NULL,6973),(5698,1,NULL,NULL,6974),(5699,1,NULL,NULL,6975),(5700,1,NULL,NULL,6976),(5701,1,NULL,NULL,6977),(5702,1,NULL,NULL,6978),(5703,1,NULL,NULL,6979),(5704,1,NULL,NULL,6980),(5705,1,NULL,NULL,6981),(5706,1,NULL,NULL,6982),(5707,1,NULL,NULL,6983),(5708,1,NULL,NULL,6984),(5709,1,NULL,NULL,6985),(5710,1,NULL,NULL,6986),(5711,1,NULL,NULL,6987),(5712,1,NULL,NULL,6988),(5713,1,NULL,NULL,6989),(5714,1,NULL,NULL,6990),(5715,1,NULL,NULL,6991),(5716,1,NULL,NULL,6992),(5717,1,NULL,NULL,6993),(5718,1,NULL,NULL,6994),(5719,1,NULL,NULL,6995),(5720,1,NULL,NULL,6996),(5721,1,NULL,NULL,6997),(5722,1,NULL,NULL,6998),(5723,1,NULL,NULL,6999),(5724,1,NULL,NULL,7000),(5725,1,NULL,NULL,7001),(5726,1,NULL,NULL,7002),(5727,1,NULL,NULL,7003),(5728,1,NULL,NULL,7004),(5729,1,NULL,NULL,7005),(5730,1,NULL,NULL,7006),(5731,1,NULL,NULL,7007),(5732,1,NULL,NULL,7008),(5733,1,NULL,NULL,7009),(5734,1,NULL,NULL,7010),(5735,1,NULL,NULL,7011),(5736,1,NULL,NULL,7012),(5737,1,NULL,NULL,7013),(5738,1,NULL,NULL,7014),(5739,1,NULL,NULL,7015),(5740,1,NULL,NULL,7016),(5741,1,NULL,NULL,7017),(5742,1,NULL,NULL,7018),(5743,1,NULL,NULL,7019),(5744,1,NULL,NULL,7020),(5745,1,NULL,NULL,7021),(5746,1,NULL,NULL,7022),(5747,1,NULL,NULL,7023),(5748,1,NULL,NULL,7024),(5749,1,NULL,NULL,7025),(5750,1,NULL,NULL,7026),(5751,1,NULL,NULL,7027),(5752,1,NULL,NULL,7028),(5753,1,NULL,NULL,7029),(5754,1,NULL,NULL,7030),(5755,1,NULL,NULL,7031),(5756,1,NULL,NULL,7032),(5757,1,NULL,NULL,7033),(5758,1,NULL,NULL,7034),(5759,1,NULL,NULL,7035),(5760,1,NULL,NULL,7036),(5761,1,NULL,NULL,7037),(5762,1,NULL,NULL,7038),(5763,1,NULL,NULL,7039),(5764,1,NULL,NULL,7040),(5765,1,NULL,NULL,7041),(5766,1,NULL,NULL,7042),(5767,1,NULL,NULL,7043),(5768,1,NULL,NULL,7044),(5769,1,NULL,NULL,7045),(5770,1,NULL,NULL,7046),(5771,1,NULL,NULL,7047),(5772,1,NULL,NULL,7048),(5773,1,NULL,NULL,7049),(5774,1,NULL,NULL,7050),(5775,1,NULL,NULL,7051),(5776,1,NULL,NULL,7052),(5777,1,NULL,NULL,7053),(5778,1,NULL,NULL,7054),(5779,1,NULL,NULL,7055),(5780,1,NULL,NULL,7056),(5781,1,NULL,NULL,7057),(5782,1,NULL,NULL,7058),(5783,1,NULL,NULL,7059),(5784,1,NULL,NULL,7060),(5785,1,NULL,NULL,7061),(5786,1,NULL,NULL,7062),(5787,1,NULL,NULL,7063),(5788,1,NULL,NULL,7064),(5789,1,NULL,NULL,7065),(5790,1,NULL,NULL,7066),(5791,1,NULL,NULL,7067),(5792,1,NULL,NULL,7068),(5793,1,NULL,NULL,7069),(5794,1,NULL,NULL,7070),(5795,1,NULL,NULL,7071),(5796,1,NULL,NULL,7072),(5797,1,NULL,NULL,7073),(5798,1,NULL,NULL,7074),(5799,1,NULL,NULL,7075),(5800,1,NULL,NULL,7076),(5801,1,NULL,NULL,7077),(5802,1,NULL,NULL,7078),(5803,1,NULL,NULL,7079),(5804,1,NULL,NULL,7080),(5805,1,NULL,NULL,7081),(5806,1,NULL,NULL,7082),(5807,1,NULL,NULL,7083),(5808,1,NULL,NULL,7084),(5809,1,NULL,NULL,7085),(5810,1,NULL,NULL,7086),(5811,1,NULL,NULL,7087),(5812,1,NULL,NULL,7088),(5813,1,NULL,NULL,7089),(5814,1,NULL,NULL,7090),(5815,1,NULL,NULL,7091),(5816,1,NULL,NULL,7092),(5817,1,NULL,NULL,7093),(5818,1,NULL,NULL,7094),(5819,1,NULL,NULL,7095),(5820,1,NULL,NULL,7096),(5821,1,NULL,NULL,7097),(5822,1,NULL,NULL,7098),(5823,1,NULL,NULL,7099),(5824,1,NULL,NULL,7100),(5825,1,NULL,NULL,7101),(5826,1,NULL,NULL,7102),(5827,1,NULL,NULL,7103),(5828,1,NULL,NULL,7104),(5829,1,NULL,NULL,7105),(5830,1,NULL,NULL,7106),(5831,1,NULL,NULL,7107),(5832,1,NULL,NULL,7108),(5833,1,NULL,NULL,7109),(5834,1,NULL,NULL,7110),(5835,1,NULL,NULL,7111),(5836,1,NULL,NULL,7112),(5837,1,NULL,NULL,7113),(5838,1,NULL,NULL,7114),(5839,1,NULL,NULL,7115),(5840,1,NULL,NULL,7116),(5841,1,NULL,NULL,7117),(5842,1,NULL,NULL,7118),(5843,1,NULL,NULL,7119),(5844,1,NULL,NULL,7120),(5845,1,NULL,NULL,7121),(5846,1,NULL,NULL,7122),(5847,1,NULL,NULL,7123),(5848,1,NULL,NULL,7124),(5849,1,NULL,NULL,7125),(5850,1,NULL,NULL,7126),(5851,1,NULL,NULL,7127),(5852,1,NULL,NULL,7128),(5853,1,NULL,NULL,7129),(5854,1,NULL,NULL,7130),(5855,1,NULL,NULL,7131),(5856,1,NULL,NULL,7132),(5857,1,NULL,NULL,7133),(5858,1,NULL,NULL,7134),(5859,1,NULL,NULL,7135),(5860,1,NULL,NULL,7136),(5861,1,NULL,NULL,7137),(5862,1,NULL,NULL,7138),(5863,1,NULL,NULL,7139),(5864,1,NULL,NULL,7140),(5865,1,NULL,NULL,7141),(5866,1,NULL,NULL,7142),(5867,1,NULL,NULL,7143),(5868,1,NULL,NULL,7144),(5869,1,NULL,NULL,7145),(5870,1,NULL,NULL,7146),(5871,1,NULL,NULL,7147),(5872,1,NULL,NULL,7148),(5873,1,NULL,NULL,7149),(5874,1,NULL,NULL,7150),(5875,1,NULL,NULL,7151),(5876,1,NULL,NULL,7152),(5877,1,NULL,NULL,7153),(5878,1,NULL,NULL,7154),(5879,1,NULL,NULL,7155),(5880,1,NULL,NULL,7156),(5881,1,NULL,NULL,7157),(5882,1,NULL,NULL,7158);
/*!40000 ALTER TABLE `notas_de_estudiante` ENABLE KEYS */;
UNLOCK TABLES;

--
-- Table structure for table `profesor`
--

DROP TABLE IF EXISTS `profesor`;
/*!40101 SET @saved_cs_client     = @@character_set_client */;
/*!50503 SET character_set_client = utf8mb4 */;
CREATE TABLE `profesor` (
  `profesor_id` int NOT NULL AUTO_INCREMENT,
  `nombres` varchar(45) NOT NULL,
  `apellidos` varchar(45) NOT NULL,
  `tutor` tinyint NOT NULL,
  `departamento_id` int NOT NULL,
  PRIMARY KEY (`profesor_id`,`departamento_id`),
  KEY `fk_profesor_departamento1_idx` (`departamento_id`),
  CONSTRAINT `fk_profesor_departamento1` FOREIGN KEY (`departamento_id`) REFERENCES `departamento` (`departamento_id`)
) ENGINE=InnoDB AUTO_INCREMENT=55 DEFAULT CHARSET=utf8mb4 COLLATE=utf8mb4_0900_ai_ci COMMENT='	';
/*!40101 SET character_set_client = @saved_cs_client */;

--
-- Dumping data for table `profesor`
--

LOCK TABLES `profesor` WRITE;
/*!40000 ALTER TABLE `profesor` DISABLE KEYS */;
INSERT INTO `profesor` VALUES (1,'Jose Fransisco','Pineda Rodriguez',1,5),(2,'Maria Elena','Gomez Perez',1,5),(3,'Carlos Alberto','Ramirez Hernandez',1,5),(4,'Ana Maria','Lopez Garcia',1,2),(5,'Luis Fernando','Torres Sanchez',1,2),(6,'Laura Patricia','Diaz Rodriguez',1,2),(7,'Juan Carlos','Martinez Gonzalez',1,2),(8,'Marta Sofia','Rodriguez Ruiz',1,2),(9,'Roberto Antonio','Gutierrez Mendoza',1,2),(10,'Pedro Jose','Perez Morales',1,2),(11,'Rosa Maria','Santos Castro',1,2),(12,'Fernando Luis','Hernandez Molina',1,2),(13,'Carmen Elena','Garcia Silva',1,2),(14,'Miguel Angel','Torres Gomez',1,2),(15,'Paola Andrea','Perez Ramirez',1,2),(16,'Victor Manuel','Sanchez Lopez',1,2),(17,'Lorena Isabel','Martinez Ortiz',1,2),(18,'Luisa Fernanda','Gutierrez Ruiz',1,1),(19,'Raul Alberto','Molina Fernandez',1,1),(20,'Adriana Maria','Silva Herrera',1,1),(21,'Javier Andres','Castro Soto',1,1),(22,'Gloria Patricia','Ortiz Torres',1,1),(23,'Camilo Andres','Ramirez Castillo',1,1),(24,'Isabella Maria','Ruiz Diaz',1,1),(25,'Felipe Alejandro','Hernandez Ortiz',1,1),(26,'Lina Maria','Lopez Torres',1,1),(27,'Daniel Antonio','Torres Rodriguez',1,1),(28,'Manuel Alejandro','Gomez Perez',0,4),(29,'Eva Maria','Ramirez Torres',0,4),(30,'Jorge Luis','Diaz Ruiz',0,4),(31,'Luz Angela','Martinez Herrera',0,4),(32,'Sergio Andres','Hernandez Silva',0,4),(33,'Gustavo Adolfo','Perez Rodriguez',0,6),(34,'Claudia Marcela','Sanchez Ramirez',0,6),(35,'Julieta Carolina','Torres Lopez',0,6),(36,'Luis Felipe','Rodriguez Torres',0,6),(37,'Sandra Milena','Lopez Gomez',0,6),(38,'Ricardo Andres','Gomez Diaz',0,6),(39,'Johana Maria','Ramirez Silva',0,6),(40,'Julio Cesar','Diaz Rodriguez',0,1),(41,'Paula Andrea','Martinez Torres',0,1),(42,'Oscar Eduardo','Hernandez Gomez',0,1),(43,'Andres Felipe','Diaz Castillo',0,2),(44,'Silvia Patricia','Gomez Sanchez',0,5),(45,'Mariana Alejandra','Garcia Martinez',0,5),(46,'Andrea Sofia','Perez Lopez',0,5),(47,'Pedro Luis','Ramirez Silva',0,3),(48,'Sara Maria','Torres Rodriguez',0,3),(49,'Fernando Jose','Martinez Torres',0,3),(50,'Camila Andrea','Gomez Perez',0,3),(51,'Hernan Dario','Diaz Ramirez',0,5),(52,'Maria Isabel','Sanchez Gomez',0,5),(53,'Alberto Jose','Perez Diaz',0,5),(54,'Juliana Maria','Ortiz Ramirez',0,5);
/*!40000 ALTER TABLE `profesor` ENABLE KEYS */;
UNLOCK TABLES;

--
-- Table structure for table `seccion`
--

DROP TABLE IF EXISTS `seccion`;
/*!40101 SET @saved_cs_client     = @@character_set_client */;
/*!50503 SET character_set_client = utf8mb4 */;
CREATE TABLE `seccion` (
  `seccion_id` int NOT NULL AUTO_INCREMENT,
  `seccion` enum('A','B','C','D','E','F') NOT NULL,
  PRIMARY KEY (`seccion_id`)
) ENGINE=InnoDB AUTO_INCREMENT=5 DEFAULT CHARSET=utf8mb4 COLLATE=utf8mb4_0900_ai_ci;
/*!40101 SET character_set_client = @saved_cs_client */;

--
-- Dumping data for table `seccion`
--

LOCK TABLES `seccion` WRITE;
/*!40000 ALTER TABLE `seccion` DISABLE KEYS */;
INSERT INTO `seccion` VALUES (1,'A'),(2,'B'),(3,'C'),(4,'D');
/*!40000 ALTER TABLE `seccion` ENABLE KEYS */;
UNLOCK TABLES;

--
-- Table structure for table `tutoria`
--

DROP TABLE IF EXISTS `tutoria`;
/*!40101 SET @saved_cs_client     = @@character_set_client */;
/*!50503 SET character_set_client = utf8mb4 */;
CREATE TABLE `tutoria` (
  `tutoria_id` int NOT NULL AUTO_INCREMENT,
  `ano` year NOT NULL,
  `profesor_id` int NOT NULL,
  `nivel_id` int NOT NULL,
  `grado` int NOT NULL,
  `seccion_id` int NOT NULL,
  PRIMARY KEY (`tutoria_id`,`nivel_id`,`grado`,`seccion_id`),
  KEY `fk_tutoria_profesor1_idx` (`profesor_id`),
  KEY `fk_tutoria_nivel1_idx` (`nivel_id`),
  KEY `fk_tutoria_grado1_idx` (`grado`),
  KEY `fk_tutoria_seccion1_idx` (`seccion_id`),
  CONSTRAINT `fk_tutoria_grado1` FOREIGN KEY (`grado`) REFERENCES `grado` (`grado`),
  CONSTRAINT `fk_tutoria_nivel1` FOREIGN KEY (`nivel_id`) REFERENCES `nivel` (`nivel_id`),
  CONSTRAINT `fk_tutoria_profesor1` FOREIGN KEY (`profesor_id`) REFERENCES `profesor` (`profesor_id`),
  CONSTRAINT `fk_tutoria_seccion1` FOREIGN KEY (`seccion_id`) REFERENCES `seccion` (`seccion_id`)
) ENGINE=InnoDB AUTO_INCREMENT=28 DEFAULT CHARSET=utf8mb4 COLLATE=utf8mb4_0900_ai_ci;
/*!40101 SET character_set_client = @saved_cs_client */;

--
-- Dumping data for table `tutoria`
--

LOCK TABLES `tutoria` WRITE;
/*!40000 ALTER TABLE `tutoria` DISABLE KEYS */;
INSERT INTO `tutoria` VALUES (1,2023,4,2,1,1),(2,2023,5,2,1,2),(3,2023,7,2,2,1),(4,2023,6,2,2,2),(5,2023,15,2,3,1),(6,2023,10,2,3,2),(7,2023,8,2,3,3),(8,2023,12,3,4,1),(9,2023,14,3,4,2),(10,2023,16,3,4,3),(11,2023,9,3,5,1),(12,2023,13,3,5,2),(13,2023,11,3,6,1),(14,2023,1,3,6,2),(15,2023,23,1,1,1),(16,2023,22,1,1,2),(17,2023,19,1,2,1),(18,2023,25,1,2,2),(19,2023,20,1,2,3),(20,2023,3,1,3,1),(21,2023,24,1,3,2),(22,2023,21,1,3,3),(23,2023,27,1,3,4),(24,2023,18,1,4,1),(25,2023,2,1,4,2),(26,2023,26,1,5,1),(27,2023,1,1,5,2);
/*!40000 ALTER TABLE `tutoria` ENABLE KEYS */;
UNLOCK TABLES;

--
-- Table structure for table `usario`
--

DROP TABLE IF EXISTS `usario`;
/*!40101 SET @saved_cs_client     = @@character_set_client */;
/*!50503 SET character_set_client = utf8mb4 */;
CREATE TABLE `usario` (
  `usario_id` int NOT NULL AUTO_INCREMENT,
  `correo` varchar(45) NOT NULL,
  `auth_nivel` smallint NOT NULL,
  `auth_id` varchar(45) NOT NULL,
  `profesor_id` int NOT NULL,
  PRIMARY KEY (`usario_id`,`profesor_id`),
  KEY `fk_usario_profesor1_idx` (`profesor_id`),
  CONSTRAINT `fk_usario_profesor1` FOREIGN KEY (`profesor_id`) REFERENCES `profesor` (`profesor_id`)
) ENGINE=InnoDB DEFAULT CHARSET=utf8mb4 COLLATE=utf8mb4_0900_ai_ci;
/*!40101 SET character_set_client = @saved_cs_client */;

--
-- Dumping data for table `usario`
--

LOCK TABLES `usario` WRITE;
/*!40000 ALTER TABLE `usario` DISABLE KEYS */;
/*!40000 ALTER TABLE `usario` ENABLE KEYS */;
UNLOCK TABLES;

--
-- Dumping events for database 'vgh'
--

--
-- Dumping routines for database 'vgh'
--
/*!40103 SET TIME_ZONE=@OLD_TIME_ZONE */;

/*!40101 SET SQL_MODE=@OLD_SQL_MODE */;
/*!40014 SET FOREIGN_KEY_CHECKS=@OLD_FOREIGN_KEY_CHECKS */;
/*!40014 SET UNIQUE_CHECKS=@OLD_UNIQUE_CHECKS */;
/*!40101 SET CHARACTER_SET_CLIENT=@OLD_CHARACTER_SET_CLIENT */;
/*!40101 SET CHARACTER_SET_RESULTS=@OLD_CHARACTER_SET_RESULTS */;
/*!40101 SET COLLATION_CONNECTION=@OLD_COLLATION_CONNECTION */;
/*!40111 SET SQL_NOTES=@OLD_SQL_NOTES */;

-- Dump completed on 2023-10-03  9:12:51
